-- phpMyAdmin SQL Dump
-- version 4.6.5.2
-- https://www.phpmyadmin.net/
--
-- Host: localhost
-- Generation Time: Aug 11, 2017 at 11:03 AM
-- Server version: 10.1.21-MariaDB
-- PHP Version: 7.1.1

SET SQL_MODE = "NO_AUTO_VALUE_ON_ZERO";
SET time_zone = "+00:00";


/*!40101 SET @OLD_CHARACTER_SET_CLIENT=@@CHARACTER_SET_CLIENT */;
/*!40101 SET @OLD_CHARACTER_SET_RESULTS=@@CHARACTER_SET_RESULTS */;
/*!40101 SET @OLD_COLLATION_CONNECTION=@@COLLATION_CONNECTION */;
/*!40101 SET NAMES utf8mb4 */;

--
-- Database: `cwie_db`
--

-- --------------------------------------------------------

--
-- Table structure for table `application`
--

CREATE TABLE `application` (
  `application_id` int(11) NOT NULL,
  `s_id` int(11) DEFAULT NULL,
  `application_dateS` date DEFAULT NULL,
  `application_dateE` date DEFAULT NULL
) ENGINE=InnoDB DEFAULT CHARSET=utf8;

--
-- Dumping data for table `application`
--

INSERT INTO `application` (`application_id`, `s_id`, `application_dateS`, `application_dateE`) VALUES
(1, 1229, '2017-08-01', '2017-08-03'),
(2, 1230, '2017-08-01', '2017-08-09'),
(3, 1231, '2017-08-01', '2017-08-01'),
(4, 1232, '2017-08-01', '2017-08-01'),
(5, 1233, '2017-08-01', '2017-08-01'),
(6, 1234, '2017-08-01', '2017-08-01'),
(7, 1235, '2017-08-01', '2017-08-01'),
(8, 1236, '2017-02-01', '2019-08-01'),
(9, 1237, '2016-08-01', '2017-08-01'),
(10, 1238, '2017-08-01', '2017-08-03'),
(11, 1238, '2017-08-01', '2017-08-03'),
(12, 1239, '2017-08-01', '2017-08-09'),
(13, 1239, '2017-08-01', '2017-08-09'),
(14, 1240, '2017-08-01', '2017-08-01'),
(15, 1240, '2017-08-01', '2017-08-01'),
(16, 1241, '2017-08-01', '2017-08-01'),
(17, 1241, '2017-08-01', '2017-08-01'),
(18, 1242, '2017-08-01', '2017-08-01'),
(19, 1242, '2017-08-01', '2017-08-01'),
(20, 1243, '2017-08-01', '2017-08-01'),
(21, 1243, '2017-08-01', '2017-08-01'),
(22, 1244, '2017-08-01', '2017-08-01'),
(23, 1244, '2017-08-01', '2017-08-01'),
(24, 1245, '2017-02-01', '2019-08-01'),
(25, 1245, '2017-02-01', '2019-08-01'),
(26, 1246, '2016-08-01', '2017-08-01'),
(27, 1246, '2016-08-01', '2017-08-01'),
(28, 1247, '2017-08-01', '2017-08-03'),
(29, 1248, '2017-08-01', '2017-08-09'),
(30, 1249, '2017-08-01', '2017-08-01'),
(31, 1250, '2017-08-01', '2017-08-01'),
(32, 1251, '2017-08-01', '2017-08-01'),
(33, 1252, '2017-08-01', '2017-08-01'),
(34, 1253, '2017-08-01', '2017-08-01'),
(35, 1254, '2017-02-01', '2019-08-01'),
(36, 1255, '2016-08-01', '2017-08-01'),
(37, 1259, '2017-08-01', '2017-08-03'),
(38, 1260, '2017-08-01', '2017-08-09'),
(39, 1261, '2017-08-01', '2017-08-01'),
(40, 1262, '2017-08-01', '2017-08-01'),
(41, 1263, '2017-08-01', '2017-08-01'),
(42, 1264, '2017-08-01', '2017-08-01'),
(43, 1265, '2017-08-01', '2017-08-01'),
(44, 1266, '2017-02-01', '2019-08-01'),
(45, 1267, '2016-08-01', '2017-08-01'),
(46, 1268, '2017-08-01', '2017-08-03'),
(47, 1269, '2017-08-01', '2017-08-09'),
(48, 1270, '2017-08-01', '2017-08-01'),
(49, 1271, '2017-08-01', '2017-08-01'),
(50, 1272, '2017-08-01', '2017-08-01'),
(51, 1273, '2017-08-01', '2017-08-01'),
(52, 1274, '2017-08-01', '2017-08-01'),
(53, 1275, '2017-02-01', '2019-08-01'),
(54, 1277, '2017-08-01', '2017-08-03'),
(55, 1278, '2017-08-01', '2017-08-09'),
(56, 1279, '2017-08-01', '2017-08-01'),
(57, 1280, '2017-08-01', '2017-08-01'),
(58, 1281, '2017-08-01', '2017-08-01'),
(59, 1282, '2017-08-01', '2017-08-01'),
(60, 1283, '2017-08-01', '2017-08-01'),
(61, 1284, '2017-02-01', '2019-08-01'),
(62, 1286, '2017-08-01', '2017-08-03'),
(63, 1287, '2017-08-01', '2017-08-09'),
(64, 1288, '2017-08-01', '2017-08-01'),
(65, 1289, '2017-08-01', '2017-08-01'),
(66, 1290, '2017-08-01', '2017-08-01'),
(67, 1291, '2017-08-01', '2017-08-01'),
(68, 1292, '2017-08-01', '2017-08-01'),
(69, 1293, '2017-02-01', '2019-08-01'),
(70, 1295, '2017-08-01', '2017-08-03'),
(71, 1296, '2017-08-01', '2017-08-09'),
(72, 1297, '2017-08-01', '2017-08-01'),
(73, 1298, '2017-08-01', '2017-08-01'),
(74, 1299, '2017-08-01', '2017-08-01'),
(75, 1300, '2017-08-01', '2017-08-01'),
(76, 1301, '2017-08-01', '2017-08-01'),
(77, 1302, '2017-02-01', '2019-08-01'),
(78, 1304, '2017-08-01', '2017-08-03'),
(79, 1305, '2017-08-01', '2017-08-09'),
(80, 1306, '2017-08-01', '2017-08-01'),
(81, 1307, '2017-08-01', '2017-08-01'),
(82, 1308, '2017-08-01', '2017-08-01'),
(83, 1309, '2017-08-01', '2017-08-01'),
(84, 1310, '2017-08-01', '2017-08-01'),
(85, 1311, '2017-02-01', '2019-08-01'),
(86, 1312, '2017-02-01', '2019-08-01'),
(87, 1313, '2017-08-01', '2017-08-03'),
(88, 1314, '2017-08-01', '2017-08-09'),
(89, 1315, '2017-08-01', '2017-08-01'),
(90, 1316, '2017-08-01', '2017-08-01'),
(91, 1317, '2017-08-01', '2017-08-01'),
(92, 1318, '2017-08-01', '2017-08-01'),
(93, 1319, '2017-08-01', '2017-08-01'),
(94, 1320, '2017-02-01', '2019-08-01'),
(95, 1321, '2017-02-01', '2019-08-01'),
(96, 1322, '2017-08-01', '2017-08-03'),
(97, 1323, '2017-08-01', '2017-08-09'),
(98, 1324, '2017-08-01', '2017-08-01'),
(99, 1325, '2017-08-01', '2017-08-01'),
(100, 1326, '2017-08-01', '2017-08-01'),
(101, 1327, '2017-08-01', '2017-08-01'),
(102, 1328, '2017-08-01', '2017-08-01'),
(103, 1329, '2017-02-01', '2019-08-01'),
(104, 1330, '0000-00-00', '0000-00-00'),
(105, 1335, '2017-08-01', '2017-08-03'),
(106, 1336, '2017-08-01', '2017-08-09'),
(107, 1337, '2017-08-01', '2017-08-01'),
(108, 1338, '2017-08-01', '2017-08-01'),
(109, 1339, '2017-08-01', '2017-08-01'),
(110, 1340, '2017-08-01', '2017-08-01'),
(111, 1341, '2017-08-01', '2017-08-01'),
(112, 1342, '2017-02-01', '2019-08-01'),
(113, 1343, '2017-08-01', '2017-08-03'),
(114, 1344, '2017-08-01', '2017-08-03'),
(115, 1345, '2017-08-01', '2017-08-09'),
(116, 1346, '2017-08-01', '2017-08-01'),
(117, 1347, '2017-08-01', '2017-08-01'),
(118, 1348, '2017-08-01', '2017-08-01'),
(119, 1349, '2017-08-01', '2017-08-01'),
(120, 1350, '2017-08-01', '2017-08-01'),
(121, 1351, '2017-02-01', '2019-08-01'),
(122, 1352, '2017-08-01', '2017-08-03'),
(123, 1353, '2017-08-01', '2017-08-09'),
(124, 1354, '2017-08-01', '2017-08-01'),
(125, 1355, '2017-08-01', '2017-08-01'),
(126, 1356, '2017-08-01', '2017-08-01'),
(127, 1357, '2017-08-01', '2017-08-01'),
(128, 1358, '2017-08-01', '2017-08-01'),
(129, 1359, '2017-02-01', '2019-08-01'),
(130, 1360, '2017-08-01', '2017-08-03'),
(131, 1361, '2017-08-01', '2017-08-09'),
(132, 1362, '2017-08-01', '2017-08-01'),
(133, 1363, '2017-08-01', '2017-08-01'),
(134, 1364, '2017-08-01', '2017-08-01'),
(135, 1365, '2017-08-01', '2017-08-01'),
(136, 1366, '2017-08-01', '2017-08-01'),
(137, 1367, '2017-02-01', '2019-08-01'),
(138, 1368, '0000-00-00', '0000-00-00'),
(139, 1369, '2017-08-01', '2017-08-03'),
(140, 1370, '2017-08-01', '2017-08-03'),
(141, 1371, '2017-08-01', '2017-08-03'),
(142, 1372, '2017-08-01', '2017-08-03'),
(143, 1373, '2017-08-01', '2017-08-03'),
(144, 1374, '2017-08-01', '2017-08-03'),
(145, 1375, '2017-08-01', '2017-08-09'),
(146, 1376, '2017-08-01', '2017-08-01'),
(147, 1377, '2017-08-01', '2017-08-01'),
(148, 1378, '2017-08-01', '2017-08-01'),
(149, 1379, '2017-08-01', '2017-08-01'),
(150, 1380, '2017-08-01', '2017-08-01'),
(151, 1381, '2017-02-01', '2019-08-01'),
(152, 1382, '0000-00-00', '0000-00-00'),
(153, 1383, '2017-08-01', '2017-08-03'),
(154, 1384, '2017-08-01', '2017-08-09'),
(155, 1385, '2017-08-01', '2017-08-01'),
(156, 1386, '2017-08-01', '2017-08-01'),
(157, 1387, '2017-08-01', '2017-08-01'),
(158, 1388, '2017-08-01', '2017-08-01'),
(159, 1389, '2017-08-01', '2017-08-01'),
(160, 1390, '2017-02-01', '2019-08-01'),
(161, 1391, '0000-00-00', '0000-00-00'),
(162, 1392, '2017-08-01', '2017-08-03'),
(163, 1393, '2017-08-01', '2017-08-09'),
(164, 1394, '2017-08-01', '2017-08-01'),
(165, 1395, '2017-08-01', '2017-08-01'),
(166, 1396, '2017-08-01', '2017-08-01'),
(167, 1397, '2017-08-01', '2017-08-01'),
(168, 1398, '2017-08-01', '2017-08-01'),
(169, 1399, '2017-02-01', '2019-08-01'),
(170, 1401, '2017-08-01', '2017-08-03'),
(171, 1402, '2017-08-01', '2017-08-09'),
(172, 1403, '2017-08-01', '2017-08-01'),
(173, 1404, '2017-08-01', '2017-08-01'),
(174, 1405, '2017-08-01', '2017-08-01'),
(175, 1406, '2017-08-01', '2017-08-01'),
(176, 1407, '2017-08-01', '2017-08-01'),
(177, 1408, '2017-02-01', '2019-08-01'),
(178, 1409, '0000-00-00', '0000-00-00'),
(179, 1410, '2017-08-01', '2017-08-03'),
(180, 1411, '2017-08-01', '2017-08-09'),
(181, 1412, '2017-08-01', '2017-08-01'),
(182, 1413, '2017-08-01', '2017-08-01'),
(183, 1414, '2017-08-01', '2017-08-01'),
(184, 1415, '2017-08-01', '2017-08-01'),
(185, 1416, '2017-08-01', '2017-08-01'),
(186, 1417, '2017-02-01', '2019-08-01'),
(187, 1418, '0000-00-00', '0000-00-00'),
(188, 1419, '0000-00-00', '0000-00-00'),
(189, 1420, '0000-00-00', '0000-00-00'),
(190, 1421, '0000-00-00', '0000-00-00'),
(191, 1422, '0000-00-00', '0000-00-00'),
(192, 1423, '0000-00-00', '0000-00-00'),
(193, 1424, '0000-00-00', '0000-00-00'),
(194, 1425, '0000-00-00', '0000-00-00'),
(195, 1426, '0000-00-00', '0000-00-00'),
(196, 1427, '0000-00-00', '0000-00-00'),
(197, 1428, '0000-00-00', '0000-00-00'),
(198, 1429, '0000-00-00', '0000-00-00'),
(199, 1430, '0000-00-00', '0000-00-00'),
(200, 1431, '0000-00-00', '0000-00-00'),
(201, 1432, '0000-00-00', '0000-00-00'),
(202, 1433, '0000-00-00', '0000-00-00'),
(203, 1434, '0000-00-00', '0000-00-00'),
(204, 1435, '0000-00-00', '0000-00-00'),
(205, 1436, '0000-00-00', '0000-00-00'),
(206, 1437, '0000-00-00', '0000-00-00'),
(207, 1438, '0000-00-00', '0000-00-00'),
(208, 1439, '0000-00-00', '0000-00-00'),
(209, 1440, '0000-00-00', '0000-00-00'),
(210, 1441, '0000-00-00', '0000-00-00'),
(211, 1442, '0000-00-00', '0000-00-00'),
(212, 1443, '0000-00-00', '0000-00-00'),
(213, 1444, '0000-00-00', '0000-00-00'),
(214, 1445, '0000-00-00', '0000-00-00'),
(215, 1446, '0000-00-00', '0000-00-00'),
(216, 1447, '0000-00-00', '0000-00-00'),
(217, 1448, '0000-00-00', '0000-00-00'),
(218, 1449, '0000-00-00', '0000-00-00'),
(219, 1450, '0000-00-00', '0000-00-00'),
(220, 1451, '0000-00-00', '0000-00-00'),
(221, 1452, '0000-00-00', '0000-00-00'),
(222, 1453, '0000-00-00', '0000-00-00'),
(223, 1454, '0000-00-00', '0000-00-00'),
(224, 1455, '0000-00-00', '0000-00-00'),
(225, 1456, '0000-00-00', '0000-00-00'),
(226, 1457, '0000-00-00', '0000-00-00'),
(227, 1458, '0000-00-00', '0000-00-00'),
(228, 1459, '0000-00-00', '0000-00-00'),
(229, 1460, '0000-00-00', '0000-00-00'),
(230, 1461, '0000-00-00', '0000-00-00'),
(231, 1462, '0000-00-00', '0000-00-00'),
(232, 1463, '0000-00-00', '0000-00-00'),
(233, 1464, '0000-00-00', '0000-00-00'),
(234, 1465, '0000-00-00', '0000-00-00'),
(235, 1466, '0000-00-00', '0000-00-00'),
(236, 1467, '0000-00-00', '0000-00-00'),
(237, 1468, '0000-00-00', '0000-00-00'),
(238, 1469, '0000-00-00', '0000-00-00'),
(239, 1470, '0000-00-00', '0000-00-00'),
(240, 1471, '0000-00-00', '0000-00-00'),
(241, 1472, '0000-00-00', '0000-00-00'),
(242, 1473, '0000-00-00', '0000-00-00'),
(243, 1474, '0000-00-00', '0000-00-00'),
(244, 1475, '0000-00-00', '0000-00-00'),
(245, 1476, '0000-00-00', '0000-00-00'),
(246, 1477, '0000-00-00', '0000-00-00'),
(247, 1478, '0000-00-00', '0000-00-00'),
(248, 1479, '0000-00-00', '0000-00-00'),
(249, 1480, '0000-00-00', '0000-00-00'),
(250, 1481, '0000-00-00', '0000-00-00'),
(251, 1482, '0000-00-00', '0000-00-00'),
(252, 1483, '0000-00-00', '0000-00-00'),
(253, 1484, '0000-00-00', '0000-00-00'),
(254, 1485, '0000-00-00', '0000-00-00'),
(255, 1486, '0000-00-00', '0000-00-00'),
(256, 1487, '0000-00-00', '0000-00-00'),
(257, 1488, '0000-00-00', '0000-00-00'),
(258, 1489, '0000-00-00', '0000-00-00'),
(259, 1490, '0000-00-00', '0000-00-00'),
(260, 1491, '0000-00-00', '0000-00-00'),
(261, 1492, '0000-00-00', '0000-00-00'),
(262, 1493, '0000-00-00', '0000-00-00'),
(263, 1494, '0000-00-00', '0000-00-00'),
(264, 1495, '0000-00-00', '0000-00-00'),
(265, 1496, '0000-00-00', '0000-00-00'),
(266, 1497, '0000-00-00', '0000-00-00'),
(267, 1498, '0000-00-00', '0000-00-00'),
(268, 1499, '0000-00-00', '0000-00-00'),
(269, 1502, '0000-00-00', '0000-00-00'),
(270, 1503, '0000-00-00', '0000-00-00'),
(271, 1504, '0000-00-00', '0000-00-00'),
(272, 1505, '0000-00-00', '0000-00-00'),
(273, 1506, '0000-00-00', '0000-00-00'),
(274, 1507, '0000-00-00', '0000-00-00'),
(275, 1508, '0000-00-00', '0000-00-00'),
(276, 1509, '0000-00-00', '0000-00-00'),
(277, 1510, '0000-00-00', '0000-00-00'),
(278, 1513, '0000-00-00', '0000-00-00'),
(279, 1514, '0000-00-00', '0000-00-00'),
(280, 1515, '0000-00-00', '0000-00-00'),
(281, 1516, '0000-00-00', '0000-00-00'),
(282, 1517, '0000-00-00', '0000-00-00'),
(283, 1518, '0000-00-00', '0000-00-00'),
(284, 1519, '0000-00-00', '0000-00-00'),
(285, 1520, '0000-00-00', '0000-00-00'),
(286, 1521, '0000-00-00', '0000-00-00'),
(287, 1524, '0000-00-00', '0000-00-00'),
(288, 1525, '0000-00-00', '0000-00-00'),
(289, 1526, '0000-00-00', '0000-00-00'),
(290, 1527, '0000-00-00', '0000-00-00'),
(291, 1528, '0000-00-00', '0000-00-00'),
(292, 1529, '0000-00-00', '0000-00-00'),
(293, 1530, '0000-00-00', '0000-00-00'),
(294, 1531, '0000-00-00', '0000-00-00'),
(295, 1532, '0000-00-00', '0000-00-00'),
(296, 1535, '0000-00-00', '0000-00-00'),
(297, 1536, '0000-00-00', '0000-00-00'),
(298, 1537, '0000-00-00', '0000-00-00'),
(299, 1538, '0000-00-00', '0000-00-00'),
(300, 1539, '0000-00-00', '0000-00-00'),
(301, 1540, '0000-00-00', '0000-00-00'),
(302, 1541, '0000-00-00', '0000-00-00'),
(303, 1542, '0000-00-00', '0000-00-00'),
(304, 1543, '0000-00-00', '0000-00-00'),
(305, 1546, '0000-00-00', '0000-00-00'),
(306, 1547, '0000-00-00', '0000-00-00'),
(307, 1548, '0000-00-00', '0000-00-00'),
(308, 1549, '0000-00-00', '0000-00-00'),
(309, 1550, '0000-00-00', '0000-00-00'),
(310, 1551, '0000-00-00', '0000-00-00'),
(311, 1552, '0000-00-00', '0000-00-00'),
(312, 1553, '0000-00-00', '0000-00-00'),
(313, 1554, '0000-00-00', '0000-00-00'),
(314, 1557, '0000-00-00', '0000-00-00'),
(315, 1560, '0000-00-00', '0000-00-00'),
(316, 1565, '0000-00-00', '0000-00-00'),
(317, 1566, '0000-00-00', '0000-00-00'),
(318, 1567, '0000-00-00', '0000-00-00'),
(319, 1568, '0000-00-00', '0000-00-00'),
(320, 1569, '0000-00-00', '0000-00-00'),
(321, 1570, '0000-00-00', '0000-00-00'),
(322, 1571, '0000-00-00', '0000-00-00'),
(323, 1572, '0000-00-00', '0000-00-00'),
(324, 1573, '0000-00-00', '0000-00-00'),
(325, 1574, '0000-00-00', '0000-00-00'),
(326, 1575, '0000-00-00', '0000-00-00'),
(327, 1576, '0000-00-00', '0000-00-00'),
(328, 1577, '0000-00-00', '0000-00-00'),
(329, 1578, '0000-00-00', '0000-00-00'),
(330, 1579, '0000-00-00', '0000-00-00'),
(331, 1580, '0000-00-00', '0000-00-00'),
(332, 1581, '0000-00-00', '0000-00-00'),
(333, 1582, '0000-00-00', '0000-00-00'),
(334, 1583, '0000-00-00', '0000-00-00'),
(335, 1584, '0000-00-00', '0000-00-00'),
(336, 1585, '0000-00-00', '0000-00-00'),
(337, 1586, '0000-00-00', '0000-00-00'),
(338, 1587, '0000-00-00', '0000-00-00'),
(339, 1588, '0000-00-00', '0000-00-00'),
(340, 1589, '0000-00-00', '0000-00-00'),
(341, 1590, '0000-00-00', '0000-00-00'),
(342, 1591, '0000-00-00', '0000-00-00'),
(343, 1592, '0000-00-00', '0000-00-00'),
(344, 1593, '0000-00-00', '0000-00-00'),
(345, 1594, '0000-00-00', '0000-00-00'),
(346, 1595, '0000-00-00', '0000-00-00'),
(347, 1596, '0000-00-00', '0000-00-00'),
(348, 1597, '0000-00-00', '0000-00-00'),
(349, 1598, '0000-00-00', '0000-00-00'),
(350, 1599, '0000-00-00', '0000-00-00'),
(351, 1600, '0000-00-00', '0000-00-00'),
(352, 1601, '0000-00-00', '0000-00-00'),
(353, 1602, '0000-00-00', '0000-00-00'),
(354, 1603, '0000-00-00', '0000-00-00'),
(355, 1604, '0000-00-00', '0000-00-00'),
(356, 1605, '0000-00-00', '0000-00-00'),
(357, 1606, '0000-00-00', '0000-00-00'),
(358, 1607, '0000-00-00', '0000-00-00'),
(359, 1608, '0000-00-00', '0000-00-00'),
(360, 1609, '0000-00-00', '0000-00-00'),
(361, 1610, '0000-00-00', '0000-00-00'),
(362, 1611, '0000-00-00', '0000-00-00'),
(363, 1612, '0000-00-00', '0000-00-00'),
(364, 1613, '0000-00-00', '0000-00-00'),
(365, 1614, '0000-00-00', '0000-00-00'),
(366, 1615, '0000-00-00', '0000-00-00'),
(367, 1616, '0000-00-00', '0000-00-00'),
(368, 1617, '0000-00-00', '0000-00-00'),
(369, 1618, '0000-00-00', '0000-00-00'),
(370, 1619, '0000-00-00', '0000-00-00'),
(371, 1620, '0000-00-00', '0000-00-00'),
(372, 1621, '0000-00-00', '0000-00-00'),
(373, 1622, '0000-00-00', '0000-00-00'),
(374, 1623, '0000-00-00', '0000-00-00'),
(375, 1624, '0000-00-00', '0000-00-00'),
(376, 1625, '0000-00-00', '0000-00-00'),
(377, 1626, '0000-00-00', '0000-00-00'),
(378, 1627, '0000-00-00', '0000-00-00'),
(379, 1628, '0000-00-00', '0000-00-00'),
(380, 1629, '0000-00-00', '0000-00-00'),
(381, 1630, '0000-00-00', '0000-00-00'),
(382, 1631, '0000-00-00', '0000-00-00'),
(383, 1632, '0000-00-00', '0000-00-00'),
(384, 1633, '0000-00-00', '0000-00-00'),
(385, 1634, '0000-00-00', '0000-00-00'),
(386, 1635, '0000-00-00', '0000-00-00'),
(387, 1636, '0000-00-00', '0000-00-00'),
(388, 1637, '0000-00-00', '0000-00-00'),
(389, 1638, '0000-00-00', '0000-00-00'),
(390, 1639, '0000-00-00', '0000-00-00'),
(391, 1640, '0000-00-00', '0000-00-00'),
(392, 1641, '0000-00-00', '0000-00-00'),
(393, 1642, '0000-00-00', '0000-00-00'),
(394, 1643, '0000-00-00', '0000-00-00'),
(395, 1644, '0000-00-00', '0000-00-00'),
(396, 1645, '0000-00-00', '0000-00-00'),
(397, 1646, '0000-00-00', '0000-00-00'),
(398, 1647, '0000-00-00', '0000-00-00'),
(399, 1648, '0000-00-00', '0000-00-00'),
(400, 1649, '0000-00-00', '0000-00-00'),
(401, 1650, '0000-00-00', '0000-00-00'),
(402, 1651, '0000-00-00', '0000-00-00'),
(404, 1653, '0000-00-00', '0000-00-00'),
(405, 1654, '0000-00-00', '0000-00-00'),
(406, 1655, '0000-00-00', '0000-00-00'),
(407, 1656, '0000-00-00', '0000-00-00'),
(408, 1657, '0000-00-00', '0000-00-00'),
(409, 1658, '0000-00-00', '0000-00-00'),
(410, 1659, '0000-00-00', '0000-00-00'),
(411, 1660, '0000-00-00', '0000-00-00'),
(412, 1661, '0000-00-00', '0000-00-00'),
(413, 1662, '0000-00-00', '0000-00-00'),
(414, 1663, '0000-00-00', '0000-00-00'),
(415, 1664, '0000-00-00', '0000-00-00'),
(416, 1665, '0000-00-00', '0000-00-00'),
(417, 1666, '0000-00-00', '0000-00-00'),
(418, 1667, '0000-00-00', '0000-00-00'),
(419, 1668, '0000-00-00', '0000-00-00'),
(420, 1669, '0000-00-00', '0000-00-00'),
(421, 1670, '0000-00-00', '0000-00-00'),
(422, 1671, '0000-00-00', '0000-00-00'),
(423, 1672, '0000-00-00', '0000-00-00'),
(424, 1673, '0000-00-00', '0000-00-00'),
(425, 1674, '0000-00-00', '0000-00-00'),
(426, 1675, '0000-00-00', '0000-00-00'),
(427, 1676, '0000-00-00', '0000-00-00'),
(428, 1677, '0000-00-00', '0000-00-00'),
(429, 1678, '0000-00-00', '0000-00-00'),
(430, 1679, '0000-00-00', '0000-00-00'),
(431, 1680, '0000-00-00', '0000-00-00'),
(432, 1681, '0000-00-00', '0000-00-00'),
(433, 1682, '0000-00-00', '0000-00-00'),
(434, 1683, '0000-00-00', '0000-00-00'),
(435, 1684, '0000-00-00', '0000-00-00'),
(436, 1685, '0000-00-00', '0000-00-00'),
(437, 1686, '0000-00-00', '0000-00-00'),
(438, 1687, '0000-00-00', '0000-00-00'),
(439, 1688, '0000-00-00', '0000-00-00'),
(440, 1689, '0000-00-00', '0000-00-00'),
(441, 1690, '0000-00-00', '0000-00-00'),
(442, 1691, '0000-00-00', '0000-00-00'),
(443, 1692, '0000-00-00', '0000-00-00'),
(444, 1693, '0000-00-00', '0000-00-00'),
(445, 1694, '0000-00-00', '0000-00-00'),
(446, 1695, '0000-00-00', '0000-00-00'),
(447, 1696, '0000-00-00', '0000-00-00'),
(448, 1697, '0000-00-00', '0000-00-00'),
(449, 1698, '0000-00-00', '0000-00-00'),
(450, 1699, '0000-00-00', '0000-00-00'),
(451, 1700, '0000-00-00', '0000-00-00'),
(452, 1701, '0000-00-00', '0000-00-00'),
(453, 1702, '0000-00-00', '0000-00-00'),
(454, 1703, '0000-00-00', '0000-00-00'),
(455, 1704, '0000-00-00', '0000-00-00'),
(456, 1705, '0000-00-00', '0000-00-00'),
(457, 1706, '0000-00-00', '0000-00-00'),
(458, 1707, '0000-00-00', '0000-00-00'),
(459, 1708, '0000-00-00', '0000-00-00'),
(460, 1709, '0000-00-00', '0000-00-00'),
(461, 1710, '0000-00-00', '0000-00-00'),
(462, 1711, '0000-00-00', '0000-00-00'),
(463, 1712, '0000-00-00', '0000-00-00'),
(464, 1713, '0000-00-00', '0000-00-00'),
(465, 1714, '0000-00-00', '0000-00-00'),
(466, 1715, '0000-00-00', '0000-00-00'),
(467, 1716, '0000-00-00', '0000-00-00'),
(468, 1717, '0000-00-00', '0000-00-00'),
(469, 1718, '0000-00-00', '0000-00-00'),
(470, 1719, '0000-00-00', '0000-00-00'),
(471, 1720, '0000-00-00', '0000-00-00'),
(472, 1721, '0000-00-00', '0000-00-00'),
(473, 1722, '0000-00-00', '0000-00-00'),
(474, 1723, '0000-00-00', '0000-00-00'),
(475, 1724, '0000-00-00', '0000-00-00'),
(476, 1725, '0000-00-00', '0000-00-00'),
(477, 1726, '0000-00-00', '0000-00-00'),
(478, 1727, '0000-00-00', '0000-00-00'),
(479, 1728, '0000-00-00', '0000-00-00'),
(480, 1729, '0000-00-00', '0000-00-00'),
(481, 1730, '0000-00-00', '0000-00-00'),
(482, 1731, '0000-00-00', '0000-00-00'),
(483, 1732, '0000-00-00', '0000-00-00'),
(484, 1733, '0000-00-00', '0000-00-00'),
(485, 1734, '0000-00-00', '0000-00-00'),
(486, 1735, '0000-00-00', '0000-00-00'),
(487, 1736, '0000-00-00', '0000-00-00'),
(488, 1737, '0000-00-00', '0000-00-00'),
(489, 1738, '0000-00-00', '0000-00-00'),
(490, 1739, '0000-00-00', '0000-00-00'),
(491, 1740, '0000-00-00', '0000-00-00'),
(492, 1741, '0000-00-00', '0000-00-00'),
(493, 1742, '0000-00-00', '0000-00-00'),
(494, 1743, '0000-00-00', '0000-00-00'),
(495, 1744, '0000-00-00', '0000-00-00'),
(496, 1745, '0000-00-00', '0000-00-00'),
(497, 1746, '0000-00-00', '0000-00-00'),
(498, 1747, '0000-00-00', '0000-00-00'),
(499, 1748, '0000-00-00', '0000-00-00'),
(500, 1749, '0000-00-00', '0000-00-00'),
(501, 1750, '0000-00-00', '0000-00-00'),
(502, 1751, '0000-00-00', '0000-00-00'),
(503, 1752, '0000-00-00', '0000-00-00'),
(504, 1753, '0000-00-00', '0000-00-00'),
(505, 1754, '0000-00-00', '0000-00-00'),
(506, 1755, '0000-00-00', '0000-00-00'),
(507, 1756, '0000-00-00', '0000-00-00'),
(508, 1757, '0000-00-00', '0000-00-00'),
(509, 1758, '0000-00-00', '0000-00-00'),
(510, 1759, '0000-00-00', '0000-00-00'),
(511, 1760, '0000-00-00', '0000-00-00'),
(512, 1761, '0000-00-00', '0000-00-00'),
(513, 1762, '0000-00-00', '0000-00-00'),
(514, 1763, '0000-00-00', '0000-00-00'),
(515, 1764, '0000-00-00', '0000-00-00'),
(516, 1765, '0000-00-00', '0000-00-00'),
(518, 1768, '0000-00-00', '0000-00-00'),
(519, 1769, '0000-00-00', '0000-00-00'),
(520, 1770, '0000-00-00', '0000-00-00'),
(521, 1771, '0000-00-00', '0000-00-00'),
(522, 1772, '0000-00-00', '0000-00-00'),
(523, 1773, '0000-00-00', '0000-00-00'),
(524, 1774, '0000-00-00', '0000-00-00'),
(525, 1775, '0000-00-00', '0000-00-00'),
(526, 1776, '0000-00-00', '0000-00-00'),
(527, 1777, '0000-00-00', '0000-00-00'),
(528, 1778, '0000-00-00', '0000-00-00'),
(529, 1779, '0000-00-00', '0000-00-00'),
(530, 1780, '0000-00-00', '0000-00-00'),
(531, 1781, '0000-00-00', '0000-00-00'),
(532, 1782, '0000-00-00', '0000-00-00'),
(533, 1783, '0000-00-00', '0000-00-00'),
(534, 1784, '0000-00-00', '0000-00-00'),
(535, 1785, '0000-00-00', '0000-00-00'),
(536, 1786, '0000-00-00', '0000-00-00'),
(537, 1787, '0000-00-00', '0000-00-00'),
(538, 1788, '0000-00-00', '0000-00-00'),
(539, 1789, '0000-00-00', '0000-00-00'),
(540, 1790, '0000-00-00', '0000-00-00'),
(541, 1791, '0000-00-00', '0000-00-00'),
(542, 1792, '0000-00-00', '0000-00-00'),
(543, 1793, '0000-00-00', '0000-00-00'),
(544, 1794, '0000-00-00', '0000-00-00'),
(545, 1795, '0000-00-00', '0000-00-00'),
(546, 1796, '0000-00-00', '0000-00-00'),
(547, 1797, '0000-00-00', '0000-00-00'),
(548, 1798, '0000-00-00', '0000-00-00'),
(549, 1799, '0000-00-00', '0000-00-00'),
(550, 1800, '0000-00-00', '0000-00-00'),
(551, 1801, '0000-00-00', '0000-00-00'),
(552, 1802, '0000-00-00', '0000-00-00'),
(553, 1803, '0000-00-00', '0000-00-00'),
(554, 1804, '0000-00-00', '0000-00-00'),
(555, 1805, '0000-00-00', '0000-00-00'),
(556, 1806, '0000-00-00', '0000-00-00'),
(557, 1814, NULL, NULL),
(558, 1815, NULL, NULL),
(559, 1816, NULL, NULL),
(560, 1817, NULL, NULL),
(561, 1818, NULL, NULL),
(562, 1819, NULL, NULL),
(563, 1820, NULL, NULL),
(564, 1821, NULL, NULL),
(565, 1822, NULL, NULL),
(566, 1823, NULL, NULL),
(567, 1824, NULL, NULL),
(568, 1825, NULL, NULL),
(569, 1826, NULL, NULL),
(570, 1827, NULL, NULL),
(571, 1828, NULL, NULL),
(572, 1829, NULL, NULL),
(573, 1830, NULL, NULL),
(574, 1831, NULL, NULL),
(575, 1832, '2016-10-30', '2016-10-30'),
(576, 1833, NULL, NULL);

-- --------------------------------------------------------

--
-- Table structure for table `bank`
--

CREATE TABLE `bank` (
  `bnk_id` int(11) NOT NULL,
  `bnk_name` varchar(45) NOT NULL
) ENGINE=InnoDB DEFAULT CHARSET=utf8;

--
-- Dumping data for table `bank`
--

INSERT INTO `bank` (`bnk_id`, `bnk_name`) VALUES
(2, ''),
(1, 'SCB');

-- --------------------------------------------------------

--
-- Table structure for table `bank_acc_info`
--

CREATE TABLE `bank_acc_info` (
  `bac_id` int(11) NOT NULL,
  `bac_no` int(11) UNSIGNED DEFAULT NULL,
  `bac_name` varchar(50) DEFAULT NULL,
  `trainee_id` int(11) DEFAULT NULL,
  `bnk_has_id` int(11) DEFAULT NULL
) ENGINE=InnoDB DEFAULT CHARSET=utf8;

--
-- Dumping data for table `bank_acc_info`
--

INSERT INTO `bank_acc_info` (`bac_id`, `bac_no`, `bac_name`, `trainee_id`, `bnk_has_id`) VALUES
(1, 2712309310, NULL, 260, 94),
(2, 4070308903, NULL, 261, 95),
(3, 3022605478, NULL, 262, 96),
(4, 4294967295, NULL, 263, 97),
(5, 4294967295, NULL, 264, 98),
(6, 4068363080, NULL, 265, 99),
(7, 4014311853, NULL, 266, 100),
(8, 2322260532, NULL, 267, 101),
(9, 2062592215, NULL, 268, 102),
(10, 2712309310, NULL, 269, 103),
(11, 4070308903, NULL, 270, 104),
(12, 3022605478, NULL, 271, 105),
(13, 4294967295, NULL, 272, 106),
(14, 4294967295, NULL, 273, 107),
(15, 4068363080, NULL, 274, 108),
(16, 4014311853, NULL, 275, 109),
(17, 2322260532, NULL, 276, 110),
(18, 2062592215, NULL, 277, 111),
(19, 2712309310, NULL, 278, 112),
(20, 2712309310, NULL, 279, 113),
(21, 2712309310, NULL, 280, 114),
(22, 2712309310, NULL, 281, 115),
(23, 2712309310, NULL, 282, 116),
(24, 2712309310, NULL, 283, 117),
(25, 2712309310, NULL, 284, 118),
(26, 4070308903, NULL, 285, 119),
(27, 3022605478, NULL, 286, 120),
(28, 4294967295, NULL, 287, 121),
(29, 4294967295, NULL, 288, 122),
(30, 4068363080, NULL, 289, 123),
(31, 4014311853, NULL, 290, 124),
(32, 2322260532, NULL, 291, 125),
(33, 2062592215, NULL, 292, 126),
(34, 2712309310, NULL, 293, 127),
(35, 4070308903, NULL, 294, 128),
(36, 3022605478, NULL, 295, 129),
(37, 4294967295, NULL, 296, 130),
(38, 4294967295, NULL, 297, 131),
(39, 4068363080, NULL, 298, 132),
(40, 4014311853, NULL, 299, 133),
(41, 2322260532, NULL, 300, 134),
(42, 2062592215, NULL, 301, 135),
(43, 2712309310, NULL, 302, 136),
(44, 4070308903, NULL, 303, 137),
(45, 3022605478, NULL, 304, 138),
(46, 4294967295, NULL, 305, 139),
(47, 4294967295, NULL, 306, 140),
(48, 4068363080, NULL, 307, 141),
(49, 4014311853, NULL, 308, 142),
(50, 2322260532, NULL, 309, 143),
(52, 2712309310, NULL, 311, 145),
(53, 4070308903, NULL, 312, 146),
(54, 3022605478, NULL, 313, 147),
(55, 4294967295, NULL, 314, 148),
(56, 4294967295, NULL, 315, 149),
(57, 4068363080, NULL, 316, 150),
(58, 4014311853, NULL, 317, 151),
(59, 2322260532, NULL, 318, 152),
(60, 2062592215, NULL, 319, 153),
(61, 2712309310, NULL, 320, 154),
(62, 4070308903, NULL, 321, 155),
(63, 3022605478, NULL, 322, 156),
(64, 4294967295, NULL, 323, 157),
(65, 4294967295, NULL, 324, 158),
(66, 4068363080, NULL, 325, 159),
(67, 4014311853, NULL, 326, 160),
(68, 2322260532, NULL, 327, 161),
(69, 2062592215, NULL, 328, 162),
(70, 2712309310, NULL, 329, 163),
(71, 2712309310, NULL, 330, 164),
(72, 4070308903, NULL, 331, 165),
(73, 3022605478, NULL, 332, 166),
(74, 4294967295, NULL, 333, 167),
(75, 4294967295, NULL, 334, 168),
(76, 4068363080, NULL, 335, 169),
(77, 4014311853, NULL, 336, 170),
(78, 2322260532, NULL, 337, 171),
(79, 2062592215, NULL, 338, 172),
(80, 2712309310, NULL, 339, 173),
(81, 4070308903, NULL, 340, 174),
(82, 3022605478, NULL, 341, 175),
(83, 4294967295, NULL, 342, 176),
(84, 4294967295, NULL, 343, 177),
(85, 4068363080, NULL, 344, 178),
(86, 4014311853, NULL, 345, 179),
(87, 2322260532, NULL, 346, 180),
(88, 2062592215, NULL, 347, 181),
(89, 2712309310, NULL, 348, 182),
(90, 4070308903, NULL, 349, 183),
(91, 3022605478, NULL, 350, 184),
(92, 4294967295, NULL, 351, 185),
(93, 4294967295, NULL, 352, 186),
(94, 4068363080, NULL, 353, 187),
(95, 4014311853, NULL, 354, 188),
(96, 2322260532, NULL, 355, 189),
(97, 2062592215, NULL, 356, 190),
(98, 2712309310, NULL, 357, 191),
(99, 2712309310, NULL, 358, 192),
(100, 2712309310, NULL, 359, 193),
(101, 2712309310, NULL, 360, 194),
(102, 4070308903, NULL, 361, 195),
(103, 3022605478, NULL, 362, 196),
(104, 4294967295, NULL, 363, 197),
(105, 4294967295, NULL, 364, 198),
(106, 4068363080, NULL, 365, 199),
(107, 4014311853, NULL, 366, 200),
(108, 2322260532, NULL, 367, 201),
(109, 2062592215, NULL, 368, 202),
(110, 2712309310, NULL, 369, 203),
(111, 4070308903, NULL, 370, 204),
(112, 2712309310, NULL, 371, 205),
(113, 2712309310, NULL, 372, 206),
(114, 2712309310, NULL, 373, 207),
(116, 2712309310, NULL, 376, 210),
(117, 4070308903, NULL, 377, 211),
(118, 3022605478, NULL, 378, 212),
(119, 4294967295, NULL, 379, 213),
(120, 4294967295, NULL, 380, 214),
(121, 4068363080, NULL, 381, 215),
(122, 4014311853, NULL, 382, 216),
(123, 2322260532, NULL, 383, 217),
(124, 2062592215, NULL, 384, 218),
(125, 2712309310, NULL, 385, 219),
(126, 4070308903, NULL, 386, 220),
(127, 3022605478, NULL, 387, 221),
(128, 4294967295, NULL, 388, 222),
(129, 4294967295, NULL, 389, 223),
(130, 4068363080, NULL, 390, 224),
(131, 4014311853, NULL, 391, 225),
(132, 2322260532, NULL, 392, 226),
(133, 2062592215, NULL, 393, 227),
(134, 2712309310, NULL, 394, 228),
(135, 2712309310, NULL, 395, 229),
(136, 2712309310, NULL, 396, 230),
(137, 2712309310, NULL, 397, 231),
(138, 2712309310, NULL, 398, 232),
(139, 4070308903, NULL, 399, 233),
(140, 3022605478, NULL, 400, 234),
(141, 4294967295, NULL, 401, 235),
(142, 4294967295, NULL, 402, 236),
(143, 4068363080, NULL, 403, 237),
(144, 4014311853, NULL, 404, 238),
(145, 2322260532, NULL, 405, 239),
(146, 2062592215, NULL, 406, 240),
(147, 2712309310, NULL, 407, 241),
(148, 4070308903, NULL, 408, 242),
(149, 3022605478, NULL, 409, 243),
(150, 4294967295, NULL, 410, 244),
(151, 4294967295, NULL, 411, 245),
(152, 4068363080, NULL, 412, 246),
(153, 4014311853, NULL, 413, 247),
(154, 2322260532, NULL, 414, 248),
(155, 2062592215, NULL, 415, 249),
(156, 2712309310, NULL, 416, 250),
(157, 4070308903, NULL, 417, 251),
(158, 3022605478, NULL, 418, 252),
(159, 4294967295, NULL, 419, 253),
(160, 4294967295, NULL, 420, 254),
(161, 4068363080, NULL, 421, 255),
(162, 4014311853, NULL, 422, 256),
(163, 2322260532, NULL, 423, 257),
(166, 2712309310, NULL, 426, 260),
(167, 2712309310, NULL, 427, 261),
(168, 4070308903, NULL, 428, 262),
(169, 3022605478, NULL, 429, 263),
(170, 4294967295, NULL, 430, 264),
(171, 4294967295, NULL, 431, 265),
(172, 4068363080, NULL, 432, 266),
(173, 4014311853, NULL, 433, 267),
(174, 2322260532, NULL, 434, 268),
(175, 2062592215, NULL, 435, 269),
(176, 2712309310, NULL, 436, 270),
(177, 4070308903, NULL, 437, 271),
(178, 3022605478, NULL, 438, 272),
(179, 4294967295, NULL, 439, 273),
(180, 4294967295, NULL, 440, 274),
(181, 4068363080, NULL, 441, 275),
(182, 4014311853, NULL, 442, 276),
(183, 2322260532, NULL, 443, 277),
(184, 2062592215, NULL, 444, 278),
(185, 2712309310, NULL, 445, 279),
(186, 4070308903, NULL, 446, 280),
(187, 3022605478, NULL, 447, 281),
(188, 4294967295, NULL, 448, 282),
(189, 4294967295, NULL, 449, 283),
(190, 4068363080, NULL, 450, 284),
(191, 4014311853, NULL, 451, 285),
(192, 2322260532, NULL, 452, 286),
(193, 2062592215, NULL, 453, 287),
(194, 2712309310, NULL, 454, 288),
(195, 4070308903, NULL, 455, 289),
(196, 3022605478, NULL, 456, 290),
(197, 4294967295, NULL, 457, 291),
(198, 4294967295, NULL, 458, 292),
(199, 4068363080, NULL, 459, 293),
(200, 4014311853, NULL, 460, 294),
(201, 2322260532, NULL, 461, 295),
(202, 2062592215, NULL, 462, 296),
(203, NULL, NULL, 463, 297),
(204, NULL, NULL, 464, 298),
(205, NULL, NULL, 465, 299),
(206, NULL, NULL, 466, 300),
(207, NULL, NULL, 467, 301),
(208, NULL, NULL, 468, 302),
(209, NULL, NULL, 469, 303),
(210, NULL, NULL, 470, 304),
(211, NULL, NULL, 471, 305),
(212, NULL, NULL, 472, 306),
(215, NULL, NULL, 473, 309),
(216, 4294967295, 'กิตติ rrrrrr prasert ch', 474, 310),
(218, NULL, NULL, 475, 335);

-- --------------------------------------------------------

--
-- Table structure for table `bank_has_banch`
--

CREATE TABLE `bank_has_banch` (
  `bnk_has_bch_id` int(11) NOT NULL,
  `bnk_id` int(11) DEFAULT NULL,
  `bch_id` int(11) DEFAULT NULL
) ENGINE=InnoDB DEFAULT CHARSET=utf8;

--
-- Dumping data for table `bank_has_banch`
--

INSERT INTO `bank_has_banch` (`bnk_has_bch_id`, `bnk_id`, `bch_id`) VALUES
(1, 1, 1),
(2, 1, 1),
(3, 1, 12),
(4, 1, 16),
(5, 1, 1),
(6, 1, 1),
(7, 1, 16),
(8, 1, 14),
(9, 1, 1),
(10, 1, 1),
(11, 1, 1),
(12, 1, 1),
(13, 1, 1),
(14, 1, 1),
(15, 1, 1),
(16, 1, 1),
(17, 1, 1),
(18, 1, 1),
(19, 1, 1),
(20, 1, 1),
(21, 1, 1),
(22, 1, 1),
(23, 1, 1),
(24, 1, 1),
(25, 1, 1),
(26, 1, 1),
(27, 1, 1),
(28, 1, 1),
(29, 1, 1),
(30, 1, 1),
(31, 1, 1),
(32, 1, 1),
(33, 1, 1),
(34, 1, 1),
(35, 1, 1),
(36, 1, 1),
(37, 1, 1),
(38, 1, 1),
(39, 1, 1),
(40, 1, 1),
(41, 1, 1),
(42, 1, 1),
(43, 1, 1),
(44, 1, 1),
(45, 1, 1),
(46, 1, 1),
(47, 1, 1),
(48, 1, 1),
(49, 1, 1),
(50, 1, 1),
(51, 1, 1),
(52, 1, 1),
(53, 1, 1),
(54, 1, 1),
(55, 1, 2),
(56, 1, 16),
(57, 1, 16),
(58, 1, 16),
(59, 1, 1),
(60, 1, 1),
(61, 1, 1),
(62, 1, 1),
(63, 1, 1),
(64, 1, 1),
(65, 1, 1),
(66, 1, 1),
(67, 1, 1),
(68, 1, 1),
(69, 1, 1),
(70, 1, 1),
(71, 1, 1),
(72, 1, 1),
(73, 1, 1),
(74, 1, 1),
(75, 1, 1),
(76, 1, 1),
(77, 1, 1),
(78, 1, 1),
(79, 1, NULL),
(80, 1, NULL),
(81, 1, NULL),
(82, 1, NULL),
(83, 1, NULL),
(84, 1, NULL),
(85, 1, NULL),
(86, 1, NULL),
(87, 1, NULL),
(88, 1, NULL),
(89, 1, NULL),
(90, 1, NULL),
(91, 1, NULL),
(92, 1, NULL),
(93, 1, NULL),
(94, 1, 1),
(95, 1, 2),
(96, 1, 3),
(97, 1, 11),
(98, 1, 6),
(99, 1, 6),
(100, 1, 6),
(101, 1, 1),
(102, 1, 17),
(103, 1, 1),
(104, 1, 2),
(105, 1, 3),
(106, 1, 11),
(107, 1, 6),
(108, 1, 6),
(109, 1, 6),
(110, 1, 1),
(111, 1, 17),
(112, 1, 1),
(113, 1, 1),
(114, 1, 1),
(115, 1, 1),
(116, 1, 1),
(117, 1, 1),
(118, 1, 1),
(119, 1, 2),
(120, 1, 3),
(121, 1, 11),
(122, 1, 6),
(123, 1, 6),
(124, 1, 6),
(125, 1, 1),
(126, 1, 17),
(127, 1, 1),
(128, 1, 2),
(129, 1, 3),
(130, 1, 11),
(131, 1, 6),
(132, 1, 6),
(133, 1, 6),
(134, 1, 1),
(135, 1, 17),
(136, 1, 1),
(137, 1, 2),
(138, 1, 3),
(139, 1, 11),
(140, 1, 6),
(141, 1, 6),
(142, 1, 6),
(143, 1, 1),
(144, 1, 17),
(145, 1, 1),
(146, 1, 2),
(147, 1, 3),
(148, 1, 11),
(149, 1, 6),
(150, 1, 6),
(151, 1, 6),
(152, 1, 1),
(153, 1, 17),
(154, 1, 1),
(155, 1, 2),
(156, 1, 3),
(157, 1, 11),
(158, 1, 6),
(159, 1, 6),
(160, 1, 6),
(161, 1, 1),
(162, 1, 17),
(163, 1, 1),
(164, 1, 1),
(165, 1, 2),
(166, 1, 3),
(167, 1, 11),
(168, 1, 6),
(169, 1, 6),
(170, 1, 6),
(171, 1, 1),
(172, 1, 17),
(173, 1, 1),
(174, 1, 2),
(175, 1, 3),
(176, 1, 11),
(177, 1, 6),
(178, 1, 6),
(179, 1, 6),
(180, 1, 1),
(181, 1, 17),
(182, 1, 1),
(183, 1, 2),
(184, 1, 3),
(185, 1, 11),
(186, 1, 6),
(187, 1, 6),
(188, 1, 6),
(189, 1, 1),
(190, 1, 17),
(191, 1, 1),
(192, 1, 1),
(193, 1, 1),
(194, 1, 1),
(195, 1, 2),
(196, 1, 3),
(197, 1, 11),
(198, 1, 6),
(199, 1, 6),
(200, 1, 6),
(201, 1, 1),
(202, 1, 17),
(203, 1, 1),
(204, 1, 2),
(205, 1, 1),
(206, 1, 1),
(207, 1, 1),
(209, 1, 1),
(210, 1, 1),
(211, 1, 2),
(212, 1, 3),
(213, 1, 11),
(214, 1, 6),
(215, 1, 6),
(216, 1, 6),
(217, 1, 1),
(218, 1, 17),
(219, 1, 1),
(220, 1, 2),
(221, 1, 3),
(222, 1, 11),
(223, 1, 6),
(224, 1, 6),
(225, 1, 6),
(226, 1, 1),
(227, 1, 17),
(228, 1, 1),
(229, 1, 1),
(230, 1, 1),
(231, 2, 1),
(232, 2, 1),
(233, 2, 2),
(234, 2, 3),
(235, 2, 11),
(236, 2, 6),
(237, 2, 6),
(238, 2, 6),
(239, 2, 1),
(240, 2, 17),
(241, 1, 1),
(242, 1, 2),
(243, 1, 3),
(244, 1, 11),
(245, 1, 6),
(246, 1, 6),
(247, 1, 6),
(248, 1, 1),
(249, 1, 17),
(250, 1, 1),
(251, 1, 2),
(252, 1, 3),
(253, 1, 11),
(254, 1, 6),
(255, 1, 6),
(256, 1, 6),
(257, 1, 1),
(258, 1, 17),
(259, 1, 1),
(260, 1, 1),
(261, 1, 1),
(262, 1, 2),
(263, 1, 3),
(264, 1, 11),
(265, 1, 6),
(266, 1, 6),
(267, 1, 6),
(268, 1, 1),
(269, 1, 17),
(270, 1, 1),
(271, 1, 2),
(272, 1, 3),
(273, 1, 11),
(274, 1, 6),
(275, 1, 6),
(276, 1, 6),
(277, 1, 1),
(278, 1, 17),
(279, 1, 1),
(280, 1, 2),
(281, 1, 3),
(282, 1, 11),
(283, 1, 6),
(284, 1, 6),
(285, 1, 6),
(286, 1, 1),
(287, 1, 17),
(288, 1, 1),
(289, 1, 2),
(290, 1, 3),
(291, 1, 11),
(292, 1, 6),
(293, 1, 6),
(294, 1, 6),
(295, 1, 1),
(296, 1, 17),
(297, 2, NULL),
(298, 2, NULL),
(299, 2, NULL),
(300, 2, NULL),
(301, 2, NULL),
(302, 2, NULL),
(303, 2, NULL),
(304, 2, NULL),
(305, 2, NULL),
(306, 2, NULL),
(307, 2, NULL),
(308, 2, NULL),
(309, 2, NULL),
(310, 1, 6),
(311, 2, NULL),
(312, 2, NULL),
(313, 2, NULL),
(314, 1, 1),
(315, 1, 1),
(316, 1, 1),
(317, 1, 2),
(318, 1, 3),
(319, 1, 11),
(320, 1, 6),
(321, 1, 6),
(322, 1, 6),
(323, 1, 1),
(324, 1, 17),
(325, 1, 1),
(326, 1, 2),
(327, 1, 3),
(328, 1, 11),
(329, 1, 6),
(330, 1, 6),
(331, 1, 6),
(332, 1, 1),
(333, 1, 17),
(334, 2, NULL),
(335, 2, NULL);

-- --------------------------------------------------------

--
-- Table structure for table `bnk_banch`
--

CREATE TABLE `bnk_banch` (
  `bch_id` int(11) NOT NULL,
  `bch_name` varchar(50) DEFAULT NULL,
  `province_id` int(11) DEFAULT NULL
) ENGINE=InnoDB DEFAULT CHARSET=utf8;

--
-- Dumping data for table `bnk_banch`
--

INSERT INTO `bnk_banch` (`bch_id`, `bch_name`, `province_id`) VALUES
(1, 'Ayutthaya Branch', 38),
(2, 'Ayutthaya Park 2 Branch', 38),
(3, 'Ayutthaya Park Branch', 38),
(4, 'Bang Pa-In Branch', 38),
(5, 'Bangpa-In Industrial Estate Branch', 38),
(6, 'Big C Ayutthaya Branch', 38),
(7, 'Hi-Tech Industrial Estate Branch', 38),
(8, 'Phachi Branch', 38),
(9, 'Pratu Nam Pra-In Branch', 38),
(10, 'Rojana Industrial Estate Branch', 38),
(11, 'Sena Branch', 38),
(12, 'Tesco Lotus Rochana (Ayutthaya) Branch', 38),
(13, ' Tesco Lotus Sena Branch', 38),
(14, 'Tha Rua (Ayutthaya) Branch', 38),
(15, 'Thanon Rojana(Ayutthaya) Branch', 38),
(16, 'Wang Noi Branch', 38),
(17, '', NULL);

-- --------------------------------------------------------

--
-- Table structure for table `building_info`
--

CREATE TABLE `building_info` (
  `bldg_id` int(11) NOT NULL,
  `bldg_name` varchar(100) NOT NULL,
  `plant_id` int(11) DEFAULT NULL
) ENGINE=InnoDB DEFAULT CHARSET=utf8;

--
-- Dumping data for table `building_info`
--

INSERT INTO `building_info` (`bldg_id`, `bldg_name`, `plant_id`) VALUES
(1, 'B1', NULL),
(2, 'B2', NULL),
(3, 'B3', NULL),
(4, 'B4', NULL),
(5, 'B5', NULL),
(6, 'B6', NULL),
(7, 'B7', NULL),
(8, 'B8', NULL),
(9, '', NULL);

-- --------------------------------------------------------

--
-- Table structure for table `characteristic`
--

CREATE TABLE `characteristic` (
  `ch_id` int(11) NOT NULL,
  `ch_type` varchar(2) NOT NULL,
  `ch_name` varchar(40) NOT NULL
) ENGINE=InnoDB DEFAULT CHARSET=utf8;

--
-- Dumping data for table `characteristic`
--

INSERT INTO `characteristic` (`ch_id`, `ch_type`, `ch_name`) VALUES
(1, 'A', 'A (Decisive)'),
(2, 'B', 'B (Neutral)'),
(3, 'C', 'C (Analytical)'),
(4, 'D', 'D (Openness)');

-- --------------------------------------------------------

--
-- Table structure for table `country_list`
--

CREATE TABLE `country_list` (
  `country_id` int(11) NOT NULL,
  `country_name` varchar(30) NOT NULL
) ENGINE=InnoDB DEFAULT CHARSET=utf8;

--
-- Dumping data for table `country_list`
--

INSERT INTO `country_list` (`country_id`, `country_name`) VALUES
(2, 'MALAYSIA'),
(1, 'THAILAND'),
(4, 'VIETNAM');

-- --------------------------------------------------------

--
-- Table structure for table `degree_info`
--

CREATE TABLE `degree_info` (
  `degree_id` int(11) NOT NULL,
  `degree_name` varchar(100) NOT NULL
) ENGINE=InnoDB DEFAULT CHARSET=utf8;

--
-- Dumping data for table `degree_info`
--

INSERT INTO `degree_info` (`degree_id`, `degree_name`) VALUES
(1, 'Doctor Degree'),
(2, 'Master Degree'),
(3, 'Bachelor Degree'),
(4, 'High Vocational Certificate'),
(5, 'Vocational Certificate'),
(6, 'Senior High School');

-- --------------------------------------------------------

--
-- Table structure for table `department_info`
--

CREATE TABLE `department_info` (
  `dep_id` int(11) NOT NULL,
  `dep_name` varchar(100) NOT NULL,
  `dep_ext` int(11) DEFAULT NULL,
  `bldg_id` int(11) DEFAULT NULL
) ENGINE=InnoDB DEFAULT CHARSET=utf8;

--
-- Dumping data for table `department_info`
--

INSERT INTO `department_info` (`dep_id`, `dep_name`, `dep_ext`, `bldg_id`) VALUES
(1, '', NULL, NULL),
(2, 'HR', NULL, NULL),
(3, 'TA', NULL, NULL),
(13, 'AME', NULL, NULL),
(14, 'IE ', NULL, NULL),
(15, 'HGA DEV.', NULL, NULL),
(16, 'SF Dev.', NULL, NULL),
(17, 'SYSTEM ENGINEER', NULL, NULL),
(18, 'IR', NULL, NULL),
(19, 'IT', NULL, NULL),
(20, 'ESD CONTROL & DEVELOPMENT', NULL, NULL),
(21, 'WDT IT', NULL, NULL);

-- --------------------------------------------------------

--
-- Table structure for table `education_blackgrounf`
--

CREATE TABLE `education_blackgrounf` (
  `bg_id` int(11) NOT NULL,
  `bg_durationS` date DEFAULT NULL,
  `bg_durationE` date DEFAULT NULL,
  `bg_major` varchar(45) DEFAULT NULL,
  `bg_institute_name` varchar(45) DEFAULT NULL,
  `bg_degree` int(11) DEFAULT NULL,
  `bg_gpax` float DEFAULT NULL,
  `student_info_s_id` int(11) DEFAULT NULL
) ENGINE=InnoDB DEFAULT CHARSET=utf8;

--
-- Dumping data for table `education_blackgrounf`
--

INSERT INTO `education_blackgrounf` (`bg_id`, `bg_durationS`, `bg_durationE`, `bg_major`, `bg_institute_name`, `bg_degree`, `bg_gpax`, `student_info_s_id`) VALUES
(1, NULL, NULL, NULL, NULL, NULL, NULL, 1798),
(2, NULL, NULL, NULL, NULL, NULL, NULL, 1799),
(3, NULL, NULL, NULL, NULL, NULL, NULL, 1800),
(4, NULL, NULL, NULL, NULL, NULL, NULL, 1801),
(5, NULL, NULL, NULL, NULL, NULL, NULL, 1802),
(6, NULL, NULL, NULL, NULL, NULL, NULL, 1803),
(7, NULL, NULL, NULL, NULL, NULL, NULL, 1804),
(8, NULL, NULL, NULL, NULL, NULL, NULL, 1805),
(9, NULL, NULL, NULL, NULL, NULL, NULL, 1806),
(10, NULL, NULL, NULL, NULL, NULL, NULL, 1814),
(11, NULL, NULL, NULL, NULL, NULL, NULL, 1815),
(12, NULL, NULL, NULL, NULL, NULL, NULL, 1816),
(13, NULL, NULL, NULL, NULL, NULL, NULL, 1817),
(14, '2017-08-02', '2017-08-15', 'aaaaaaa', 'aaaaaaaaaaaaa', 6, NULL, 1818),
(15, NULL, NULL, NULL, NULL, NULL, NULL, 1819),
(16, NULL, NULL, NULL, NULL, NULL, NULL, 1820),
(17, NULL, NULL, NULL, NULL, NULL, NULL, 1821),
(18, NULL, NULL, NULL, NULL, NULL, NULL, 1822),
(19, NULL, NULL, NULL, NULL, NULL, NULL, 1823),
(20, NULL, NULL, NULL, NULL, NULL, NULL, 1824),
(21, NULL, NULL, NULL, NULL, NULL, NULL, 1825),
(22, NULL, NULL, NULL, NULL, NULL, NULL, 1826),
(23, NULL, NULL, NULL, NULL, NULL, NULL, 1827),
(24, NULL, NULL, NULL, NULL, NULL, NULL, 1828),
(25, NULL, NULL, NULL, NULL, NULL, NULL, 1829),
(29, NULL, NULL, NULL, NULL, NULL, NULL, 1830),
(30, NULL, NULL, NULL, NULL, NULL, NULL, 1831),
(31, '2016-10-30', '2017-08-09', 'sinech', 'Chumpholphonphisaich', 5, 4.0122, 1832),
(33, NULL, NULL, NULL, NULL, NULL, NULL, 1833);

-- --------------------------------------------------------

--
-- Table structure for table `education_info`
--

CREATE TABLE `education_info` (
  `education_id` int(11) NOT NULL,
  `edu_institute` int(11) DEFAULT NULL,
  `intitute_id` int(11) DEFAULT NULL,
  `major_id` int(11) DEFAULT NULL,
  `degree_id` int(11) DEFAULT NULL,
  `s_id` int(11) DEFAULT NULL,
  `uni_id` int(11) DEFAULT NULL,
  `collage_id` int(11) DEFAULT NULL
) ENGINE=InnoDB DEFAULT CHARSET=utf8;

--
-- Dumping data for table `education_info`
--

INSERT INTO `education_info` (`education_id`, `edu_institute`, `intitute_id`, `major_id`, `degree_id`, `s_id`, `uni_id`, `collage_id`) VALUES
(953, NULL, NULL, NULL, NULL, 1812, NULL, NULL),
(954, NULL, NULL, NULL, NULL, 1813, NULL, NULL),
(955, NULL, NULL, NULL, NULL, 1814, NULL, NULL),
(956, NULL, NULL, NULL, NULL, 1815, NULL, NULL),
(957, NULL, NULL, NULL, NULL, 1816, NULL, NULL),
(959, NULL, NULL, NULL, NULL, 1818, NULL, NULL),
(960, NULL, NULL, NULL, NULL, 1819, NULL, NULL),
(961, NULL, NULL, NULL, NULL, 1820, NULL, NULL),
(962, NULL, NULL, NULL, NULL, 1821, NULL, NULL),
(963, NULL, NULL, NULL, NULL, 1822, NULL, NULL),
(964, NULL, NULL, NULL, NULL, 1823, NULL, NULL),
(965, NULL, NULL, NULL, NULL, 1824, NULL, NULL),
(966, NULL, NULL, NULL, NULL, 1825, NULL, NULL),
(967, NULL, NULL, NULL, NULL, 1826, NULL, NULL),
(968, NULL, NULL, NULL, NULL, 1827, NULL, NULL),
(969, NULL, NULL, NULL, NULL, 1828, NULL, NULL),
(970, NULL, NULL, NULL, NULL, 1829, NULL, NULL),
(974, NULL, NULL, NULL, NULL, 1830, NULL, NULL),
(975, NULL, NULL, NULL, NULL, 1831, NULL, NULL),
(977, 1, NULL, 13, 2, 1833, NULL, NULL);

-- --------------------------------------------------------

--
-- Table structure for table `email_info`
--

CREATE TABLE `email_info` (
  `email_id` int(11) NOT NULL,
  `email_subject` varchar(100) NOT NULL,
  `email_body` text,
  `email_attachment` blob,
  `email_signature` text NOT NULL
) ENGINE=InnoDB DEFAULT CHARSET=utf8;

--
-- Dumping data for table `email_info`
--

INSERT INTO `email_info` (`email_id`, `email_subject`, `email_body`, `email_attachment`, `email_signature`) VALUES
(1, 'Activity', 'It\'s an automated reminder email for the upcoming activity. Please find the details below.', NULL, 'Western Digital Corporation (and its subsidiaries) E-mail Confidentiality Notice & Disclaimer:\r\nThis e-mail and any files transmitted with it may contain confidential or legally privileged information of WDC and/or its affiliates, and are intended solely for the use of the individual or entity to which they are addressed. If you are not the intended recipient, any disclosure, copying, distribution or any action taken or omitted to be taken in reliance on it, is prohibited. If you have received this e-mail in error, please notify the sender immediately and delete the e-mail in its entirety from your system.'),
(2, 'Visa Reminder', 'It\'s an automated reminder email for your visa expiry date. Please contact your institute for your visa document.\r\nYour visa expiry date is as follow.', NULL, 'Western Digital Corporation (and its subsidiaries) E-mail Confidentiality Notice & Disclaimer:\r\nThis e-mail and any files transmitted with it may contain confidential or legally privileged information of WDC and/or its affiliates, and are intended solely for the use of the individual or entity to which they are addressed. If you are not the intended recipient, any disclosure, copying, distribution or any action taken or omitted to be taken in reliance on it, is prohibited. If you have received this e-mail in error, please notify the sender immediately and delete the e-mail in its entirety from your system.'),
(3, 'Presentation', 'It is an automated email for the trainee upcoming presentation. Please find the details below.', NULL, 'Western Digital Corporation (and its subsidiaries) E-mail Confidentiality Notice & Disclaimer:\r\nThis e-mail and any files transmitted with it may contain confidential or legally privileged information of WDC and/or its affiliates, and are intended solely for the use of the individual or entity to which they are addressed. If you are not the intended recipient, any disclosure, copying, distribution or any action taken or omitted to be taken in reliance on it, is prohibited. If you have received this e-mail in error, please notify the sender immediately and delete the e-mail in its entirety from your system.'),
(4, 'Trainee Presentation', 'It is an automated email for your the upcoming presentation of the following trainee:', NULL, 'Western Digital Corporation (and its subsidiaries) E-mail Confidentiality Notice & Disclaimer:\r\nThis e-mail and any files transmitted with it may contain confidential or legally privileged information of WDC and/or its affiliates, and are intended solely for the use of the individual or entity to which they are addressed. If you are not the intended recipient, any disclosure, copying, distribution or any action taken or omitted to be taken in reliance on it, is prohibited. If you have received this e-mail in error, please notify the sender immediately and delete the e-mail in its entirety from your system.'),
(5, 'Trainee Meeting', 'It is an automated email for your upcoming meeting. Please find the details below.', NULL, 'Western Digital Corporation (and its subsidiaries) E-mail Confidentiality Notice & Disclaimer:\r\nThis e-mail and any files transmitted with it may contain confidential or legally privileged information of WDC and/or its affiliates, and are intended solely for the use of the individual or entity to which they are addressed. If you are not the intended recipient, any disclosure, copying, distribution or any action taken or omitted to be taken in reliance on it, is prohibited. If you have received this e-mail in error, please notify the sender immediately and delete the e-mail in its entirety from your system.');

-- --------------------------------------------------------

--
-- Table structure for table `evaluation`
--

CREATE TABLE `evaluation` (
  `eva_id` int(11) NOT NULL,
  `eva_onlineTest` int(11) DEFAULT NULL,
  `eva_leonard` int(11) DEFAULT NULL,
  `eva_preTest` int(11) DEFAULT NULL,
  `eva_postTest` int(11) DEFAULT NULL,
  `eva_finalPre_score` int(11) DEFAULT NULL,
  `eva_finalPre_comment` text,
  `stu_id` int(11) DEFAULT NULL
) ENGINE=InnoDB DEFAULT CHARSET=utf8;

--
-- Dumping data for table `evaluation`
--

INSERT INTO `evaluation` (`eva_id`, `eva_onlineTest`, `eva_leonard`, `eva_preTest`, `eva_postTest`, `eva_finalPre_score`, `eva_finalPre_comment`, `stu_id`) VALUES
(1, NULL, NULL, NULL, NULL, 0, NULL, 1789),
(2, NULL, NULL, NULL, NULL, 0, NULL, 1790),
(3, NULL, NULL, NULL, NULL, 70, NULL, 1791),
(4, NULL, NULL, NULL, NULL, 50, NULL, 1792),
(5, NULL, NULL, NULL, NULL, 0, NULL, 1793),
(6, NULL, NULL, NULL, NULL, 0, NULL, 1794),
(7, NULL, NULL, NULL, NULL, 0, NULL, 1795),
(8, NULL, NULL, NULL, NULL, 0, NULL, 1796),
(9, NULL, NULL, NULL, NULL, 0, NULL, 1797),
(10, NULL, NULL, NULL, NULL, 0, NULL, 1798),
(11, NULL, NULL, NULL, NULL, 0, NULL, 1799),
(12, NULL, NULL, NULL, NULL, 70, NULL, 1800),
(13, NULL, NULL, NULL, NULL, 50, NULL, 1801),
(14, NULL, NULL, NULL, NULL, 0, NULL, 1802),
(15, NULL, NULL, NULL, NULL, 0, NULL, 1803),
(16, NULL, NULL, NULL, NULL, 0, NULL, 1804),
(17, NULL, NULL, NULL, NULL, 0, NULL, 1805),
(18, NULL, NULL, NULL, NULL, 0, NULL, 1806),
(19, 11, 1, 22, 33, 44, 'sgdrbdrthdrtdrtb', 1831),
(20, 22, 2, 33, 44, 55, 'kakkk', 1832),
(22, NULL, NULL, NULL, NULL, NULL, NULL, 1833);

-- --------------------------------------------------------

--
-- Table structure for table `extracurricular_act`
--

CREATE TABLE `extracurricular_act` (
  `exact_id` int(11) NOT NULL,
  `ext_dateS` date DEFAULT NULL,
  `ext_dateE` date DEFAULT NULL,
  `exact_name` varchar(45) DEFAULT NULL,
  `exact_detail` text,
  `student_info_s_id` int(11) DEFAULT NULL
) ENGINE=InnoDB DEFAULT CHARSET=utf8;

--
-- Dumping data for table `extracurricular_act`
--

INSERT INTO `extracurricular_act` (`exact_id`, `ext_dateS`, `ext_dateE`, `exact_name`, `exact_detail`, `student_info_s_id`) VALUES
(1, NULL, NULL, NULL, NULL, 1798),
(2, NULL, NULL, NULL, NULL, 1799),
(3, NULL, NULL, NULL, NULL, 1800),
(4, NULL, NULL, NULL, NULL, 1801),
(5, NULL, NULL, NULL, NULL, 1802),
(6, NULL, NULL, NULL, NULL, 1803),
(7, NULL, NULL, NULL, NULL, 1804),
(8, NULL, NULL, NULL, NULL, 1805),
(9, NULL, NULL, NULL, NULL, 1806),
(10, NULL, NULL, 'zdcvzsdvzfdv', 'zfvzvzvzsdvszdvzsdv', 1824),
(11, NULL, NULL, 'zdcvzsdvzfdv', 'zdcvzfsdvzfvzfqqqqqqqqqq', 1825),
(12, '2017-08-01', '2017-08-07', 'qqqqq', 'qqqqqq', 1826),
(13, NULL, NULL, NULL, NULL, 1827),
(14, NULL, NULL, NULL, NULL, 1828),
(15, NULL, NULL, NULL, NULL, 1829),
(19, NULL, NULL, NULL, NULL, 1830),
(20, NULL, NULL, NULL, NULL, 1831),
(21, '2017-08-15', '2017-08-20', 'camp ch', 'dddetails ch', 1832),
(23, NULL, NULL, NULL, NULL, 1833);

-- --------------------------------------------------------

--
-- Table structure for table `hobby_info`
--

CREATE TABLE `hobby_info` (
  `hobby_id` int(11) NOT NULL,
  `s_id` int(11) DEFAULT NULL,
  `hobby_desc` text
) ENGINE=InnoDB DEFAULT CHARSET=utf8;

--
-- Dumping data for table `hobby_info`
--

INSERT INTO `hobby_info` (`hobby_id`, `s_id`, `hobby_desc`) VALUES
(1, 1798, NULL),
(2, 1799, NULL),
(3, 1800, NULL),
(4, 1801, NULL),
(5, 1802, NULL),
(6, 1803, NULL),
(7, 1804, NULL),
(8, 1805, NULL),
(9, 1806, NULL),
(13, 1830, NULL),
(14, 1831, NULL),
(15, 1832, 'bonbonkk ch'),
(17, 1833, NULL);

-- --------------------------------------------------------

--
-- Table structure for table `immigration_office`
--

CREATE TABLE `immigration_office` (
  `img_id` int(11) NOT NULL,
  `img_name` varchar(100) NOT NULL,
  `img_location` text
) ENGINE=InnoDB DEFAULT CHARSET=utf8;

-- --------------------------------------------------------

--
-- Table structure for table `institute`
--

CREATE TABLE `institute` (
  `ins_id` int(3) NOT NULL,
  `ins_name` varchar(100) NOT NULL,
  `ins_type` int(11) DEFAULT NULL,
  `ins_country` int(11) DEFAULT NULL
) ENGINE=InnoDB DEFAULT CHARSET=utf8;

--
-- Dumping data for table `institute`
--

INSERT INTO `institute` (`ins_id`, `ins_name`, `ins_type`, `ins_country`) VALUES
(1, 'SURANAREE UNIVERSITY OF TECHNOLOGY', 1, 1),
(2, 'RANGSIT UNIVERSITY', 1, 1),
(3, 'BANGKOK UNIVERSITY', 1, 1),
(4, 'AYUTTHAYA TECHNICAL COLLEGE', 2, 1),
(5, 'Nongkhai Technical College', 2, 1),
(7, '', NULL, NULL);

-- --------------------------------------------------------

--
-- Table structure for table `institute_type`
--

CREATE TABLE `institute_type` (
  `itp_id` int(2) NOT NULL,
  `itp_name` varchar(50) NOT NULL
) ENGINE=InnoDB DEFAULT CHARSET=utf8;

--
-- Dumping data for table `institute_type`
--

INSERT INTO `institute_type` (`itp_id`, `itp_name`) VALUES
(1, 'UNIVERSITY'),
(2, 'COLLAGE');

-- --------------------------------------------------------

--
-- Table structure for table `interview_info`
--

CREATE TABLE `interview_info` (
  `interview_id` int(11) NOT NULL,
  `applicantion_id` int(11) DEFAULT NULL,
  `interview_type` varchar(50) DEFAULT NULL,
  `interview_time` time DEFAULT NULL,
  `interview_date` date DEFAULT NULL
) ENGINE=InnoDB DEFAULT CHARSET=utf8;

-- --------------------------------------------------------

--
-- Table structure for table `language`
--

CREATE TABLE `language` (
  `lg_id` int(11) NOT NULL,
  `lg_name` varchar(20) NOT NULL
) ENGINE=InnoDB DEFAULT CHARSET=utf8;

--
-- Dumping data for table `language`
--

INSERT INTO `language` (`lg_id`, `lg_name`) VALUES
(1, 'Mandarin'),
(2, 'Spanish'),
(3, 'English'),
(4, 'Hindi'),
(5, 'Arabic'),
(6, 'Portuguese'),
(7, 'Bengali '),
(8, 'Russian'),
(9, 'Japanese'),
(10, 'Punjabi');

-- --------------------------------------------------------

--
-- Table structure for table `language_info`
--

CREATE TABLE `language_info` (
  `lg_info_id` int(11) NOT NULL,
  `lg_id` int(11) DEFAULT NULL,
  `lv_id` int(11) DEFAULT NULL,
  `s_id` int(11) DEFAULT NULL
) ENGINE=InnoDB DEFAULT CHARSET=utf8;

--
-- Dumping data for table `language_info`
--

INSERT INTO `language_info` (`lg_info_id`, `lg_id`, `lv_id`, `s_id`) VALUES
(18, 1, 2, 1832),
(20, NULL, NULL, 1833);

-- --------------------------------------------------------

--
-- Table structure for table `language_lv`
--

CREATE TABLE `language_lv` (
  `lv_id` int(11) NOT NULL,
  `lv_name` varchar(20) NOT NULL
) ENGINE=InnoDB DEFAULT CHARSET=utf8;

--
-- Dumping data for table `language_lv`
--

INSERT INTO `language_lv` (`lv_id`, `lv_name`) VALUES
(1, 'Poor'),
(2, 'Fair'),
(3, 'Good'),
(4, 'Very Good'),
(5, 'Excellent');

-- --------------------------------------------------------

--
-- Table structure for table `location`
--

CREATE TABLE `location` (
  `location_id` int(11) NOT NULL,
  `location_name` varchar(10) NOT NULL
) ENGINE=InnoDB DEFAULT CHARSET=utf8;

--
-- Dumping data for table `location`
--

INSERT INTO `location` (`location_id`, `location_name`) VALUES
(1, ''),
(2, 'HDD'),
(3, 'MHO'),
(4, 'HSA');

-- --------------------------------------------------------

--
-- Table structure for table `login_info`
--

CREATE TABLE `login_info` (
  `login_id` int(10) UNSIGNED NOT NULL,
  `full_name` varchar(40) CHARACTER SET latin1 NOT NULL,
  `email` varchar(100) CHARACTER SET latin1 NOT NULL,
  `password` varchar(255) CHARACTER SET latin1 NOT NULL,
  `created_details` timestamp NOT NULL DEFAULT CURRENT_TIMESTAMP ON UPDATE CURRENT_TIMESTAMP
) ENGINE=InnoDB DEFAULT CHARSET=utf8;

--
-- Dumping data for table `login_info`
--

INSERT INTO `login_info` (`login_id`, `full_name`, `email`, `password`, `created_details`) VALUES
(1, 'Daniyal Qureshi', 'dani.thailand@yahoo.com', 'a79938ab5392c8024dff98a44cf776f4cbbb47be9ff78e4997a4920ec262b320', '2017-03-01 09:21:25'),
(4, 'Admin', 'admin@wdc.co.th', '3b612c75a7b5048a435fb6ec81e52ff92d6d795a8b5a9c17070f6a63c97a53b2', '2017-04-03 03:23:03');

-- --------------------------------------------------------

--
-- Table structure for table `major_info`
--

CREATE TABLE `major_info` (
  `major_id` int(11) NOT NULL,
  `major_name` varchar(100) NOT NULL
) ENGINE=InnoDB DEFAULT CHARSET=utf8;

--
-- Dumping data for table `major_info`
--

INSERT INTO `major_info` (`major_id`, `major_name`) VALUES
(1, ''),
(34, '3334444'),
(33, '666666'),
(9, 'AERONAUTICAL ENGINEERING'),
(13, 'COMPUTER ENGIEERING'),
(3, 'ENVIRONMENTAL ENGINEERING'),
(6, 'INDUSTRIAL ENGINEERING'),
(2, 'INFORMATION & COMMUNICATION TECHNOLOGY'),
(5, 'MECHANICAL ENGINEERING'),
(4, 'MECHATRONICS'),
(8, 'OCCUPATIONAL HEALH AND SAFETY'),
(10, 'SOFTWARE ENGINEERING'),
(32, 'some eng'),
(11, 'TEST REFESH ADD NEWW'),
(15, 'Text Add Major');

-- --------------------------------------------------------

--
-- Table structure for table `other_doc`
--

CREATE TABLE `other_doc` (
  `idother_id` int(11) NOT NULL,
  `other_file` varchar(35) DEFAULT NULL,
  `application_application_id` int(11) DEFAULT NULL
) ENGINE=InnoDB DEFAULT CHARSET=utf8;

--
-- Dumping data for table `other_doc`
--

INSERT INTO `other_doc` (`idother_id`, `other_file`, `application_application_id`) VALUES
(10, NULL, NULL),
(12, NULL, NULL),
(14, NULL, NULL),
(16, NULL, NULL),
(18, NULL, NULL),
(20, NULL, NULL),
(22, NULL, NULL),
(24, NULL, NULL),
(26, NULL, NULL),
(28, NULL, NULL),
(29, NULL, NULL),
(30, NULL, NULL),
(31, NULL, NULL),
(32, NULL, NULL),
(33, NULL, NULL),
(34, NULL, NULL),
(35, NULL, NULL),
(36, NULL, NULL),
(37, NULL, NULL),
(38, NULL, NULL),
(39, NULL, NULL),
(40, NULL, NULL),
(41, NULL, NULL),
(42, NULL, NULL),
(43, NULL, NULL),
(44, NULL, NULL),
(45, NULL, NULL),
(46, NULL, NULL),
(47, NULL, NULL),
(48, NULL, NULL),
(49, NULL, NULL),
(50, NULL, NULL),
(51, NULL, NULL),
(52, NULL, NULL),
(53, NULL, NULL),
(54, NULL, NULL),
(55, NULL, NULL),
(56, NULL, NULL),
(57, NULL, NULL),
(58, NULL, NULL),
(59, NULL, NULL),
(60, NULL, NULL),
(61, NULL, NULL),
(62, NULL, NULL),
(63, NULL, NULL),
(64, NULL, NULL),
(65, NULL, NULL),
(66, NULL, NULL),
(67, NULL, NULL),
(68, NULL, NULL),
(69, NULL, NULL),
(70, NULL, NULL),
(71, NULL, NULL),
(72, NULL, NULL),
(73, NULL, NULL),
(74, NULL, NULL),
(75, NULL, NULL),
(76, NULL, NULL),
(77, NULL, NULL),
(78, NULL, NULL),
(79, NULL, NULL),
(80, NULL, NULL),
(81, NULL, NULL),
(82, NULL, NULL),
(83, NULL, NULL),
(84, NULL, NULL),
(85, NULL, NULL),
(86, NULL, NULL),
(87, NULL, NULL),
(88, NULL, NULL),
(89, NULL, NULL),
(90, NULL, NULL),
(91, NULL, NULL),
(92, NULL, NULL),
(93, NULL, NULL),
(94, NULL, NULL),
(95, NULL, NULL),
(96, NULL, NULL),
(97, NULL, NULL),
(98, NULL, NULL),
(99, NULL, NULL),
(100, NULL, NULL),
(101, NULL, NULL),
(102, NULL, NULL),
(103, NULL, NULL),
(104, NULL, NULL),
(105, NULL, NULL),
(106, NULL, NULL),
(107, NULL, NULL),
(108, NULL, NULL),
(109, NULL, NULL),
(110, NULL, NULL),
(111, NULL, NULL),
(112, NULL, NULL),
(113, NULL, NULL),
(114, NULL, NULL),
(115, NULL, NULL),
(116, NULL, NULL),
(117, NULL, NULL),
(118, NULL, NULL),
(119, NULL, NULL),
(120, NULL, NULL),
(121, NULL, NULL),
(122, NULL, NULL),
(123, NULL, NULL),
(124, NULL, NULL),
(125, NULL, NULL),
(126, NULL, NULL),
(127, NULL, NULL),
(128, NULL, NULL),
(129, NULL, NULL),
(130, NULL, NULL),
(131, NULL, NULL),
(132, NULL, NULL),
(133, NULL, NULL),
(134, NULL, NULL),
(135, NULL, NULL),
(136, NULL, NULL),
(137, NULL, NULL),
(138, NULL, NULL),
(139, NULL, NULL),
(140, NULL, NULL),
(141, NULL, NULL),
(142, NULL, NULL),
(143, NULL, NULL),
(144, NULL, NULL),
(145, NULL, NULL),
(146, NULL, NULL),
(147, NULL, NULL),
(148, NULL, NULL),
(149, NULL, NULL),
(150, NULL, NULL),
(151, NULL, NULL),
(152, NULL, NULL),
(153, NULL, NULL),
(154, NULL, NULL),
(155, NULL, NULL),
(156, NULL, NULL),
(157, NULL, NULL),
(158, NULL, NULL),
(159, NULL, NULL),
(160, NULL, NULL),
(161, NULL, NULL),
(162, NULL, NULL),
(163, NULL, NULL),
(164, NULL, NULL),
(165, NULL, NULL),
(166, NULL, NULL),
(167, NULL, NULL),
(168, NULL, NULL),
(169, NULL, NULL),
(170, NULL, NULL),
(171, NULL, NULL),
(172, NULL, NULL),
(173, NULL, NULL),
(174, NULL, NULL),
(175, NULL, NULL),
(176, NULL, NULL),
(177, NULL, NULL),
(178, NULL, NULL),
(179, NULL, NULL),
(180, NULL, NULL),
(181, NULL, NULL),
(182, NULL, NULL),
(183, NULL, NULL),
(184, NULL, NULL),
(185, NULL, NULL),
(186, NULL, NULL),
(187, NULL, NULL),
(188, NULL, NULL),
(189, NULL, NULL),
(190, NULL, NULL),
(191, NULL, NULL),
(192, NULL, NULL),
(193, NULL, NULL),
(194, NULL, NULL),
(195, NULL, NULL),
(196, NULL, NULL),
(197, NULL, NULL),
(198, NULL, NULL),
(199, NULL, NULL),
(200, NULL, NULL),
(201, NULL, NULL),
(202, NULL, NULL),
(203, NULL, NULL),
(204, NULL, NULL),
(205, NULL, NULL),
(206, NULL, NULL),
(207, NULL, NULL),
(208, NULL, NULL),
(209, NULL, NULL),
(210, NULL, NULL),
(211, NULL, NULL),
(212, NULL, NULL),
(213, NULL, NULL),
(214, NULL, NULL),
(215, NULL, NULL),
(216, NULL, NULL),
(217, NULL, NULL),
(218, NULL, NULL),
(219, NULL, NULL),
(220, NULL, NULL),
(221, NULL, NULL),
(222, NULL, NULL),
(223, NULL, NULL),
(224, NULL, NULL),
(225, NULL, NULL),
(226, NULL, NULL),
(227, NULL, NULL),
(228, NULL, NULL),
(229, NULL, NULL),
(230, NULL, NULL),
(231, NULL, NULL),
(232, NULL, NULL),
(233, NULL, NULL),
(234, NULL, NULL),
(235, NULL, NULL),
(236, NULL, NULL),
(237, NULL, NULL),
(238, NULL, NULL),
(239, NULL, NULL),
(240, NULL, NULL),
(241, NULL, NULL),
(242, NULL, NULL),
(243, NULL, NULL),
(244, NULL, NULL),
(245, NULL, NULL),
(246, NULL, NULL),
(247, NULL, NULL),
(248, NULL, NULL),
(249, NULL, NULL),
(250, NULL, NULL),
(251, NULL, NULL),
(252, NULL, NULL),
(253, NULL, NULL),
(254, NULL, NULL),
(255, NULL, NULL),
(256, NULL, NULL),
(257, NULL, NULL),
(258, NULL, NULL),
(259, NULL, NULL),
(260, NULL, NULL),
(261, NULL, NULL),
(262, NULL, NULL),
(263, NULL, NULL),
(264, NULL, NULL),
(265, NULL, NULL),
(266, NULL, NULL),
(267, NULL, NULL),
(268, NULL, NULL),
(269, NULL, NULL),
(270, NULL, NULL),
(271, NULL, NULL),
(272, NULL, NULL),
(273, NULL, NULL),
(274, NULL, NULL),
(275, NULL, NULL),
(276, NULL, NULL),
(277, NULL, NULL),
(278, NULL, NULL),
(279, NULL, NULL),
(280, NULL, NULL),
(281, NULL, NULL),
(282, NULL, NULL),
(283, NULL, NULL),
(284, NULL, NULL),
(285, NULL, NULL),
(286, NULL, NULL),
(287, NULL, NULL),
(288, NULL, NULL),
(289, NULL, NULL),
(290, NULL, NULL),
(291, NULL, NULL),
(292, NULL, NULL),
(293, NULL, NULL),
(294, NULL, NULL),
(295, NULL, NULL),
(296, NULL, NULL),
(297, NULL, NULL),
(298, NULL, NULL),
(299, NULL, NULL),
(300, NULL, NULL),
(301, NULL, NULL),
(302, NULL, NULL),
(303, NULL, NULL),
(304, NULL, NULL),
(305, NULL, NULL),
(306, NULL, NULL),
(307, NULL, NULL),
(308, NULL, NULL),
(309, NULL, NULL),
(310, NULL, NULL),
(311, NULL, NULL),
(312, NULL, NULL),
(313, NULL, NULL),
(314, NULL, NULL),
(315, NULL, NULL),
(316, NULL, NULL),
(317, NULL, NULL),
(318, NULL, NULL),
(319, NULL, NULL),
(320, NULL, NULL),
(321, NULL, NULL),
(322, NULL, NULL),
(323, NULL, NULL),
(324, NULL, NULL),
(325, NULL, NULL),
(326, NULL, NULL),
(327, NULL, NULL),
(328, NULL, NULL),
(329, NULL, NULL),
(330, NULL, NULL),
(331, NULL, NULL),
(332, NULL, NULL),
(333, NULL, NULL),
(334, NULL, NULL),
(335, NULL, NULL),
(336, NULL, NULL),
(337, NULL, NULL),
(338, NULL, NULL),
(339, NULL, NULL),
(340, NULL, NULL),
(341, NULL, NULL),
(342, NULL, NULL),
(343, NULL, NULL),
(344, NULL, NULL),
(345, NULL, NULL),
(346, NULL, NULL),
(347, NULL, NULL),
(348, NULL, NULL),
(349, NULL, NULL),
(350, NULL, NULL),
(351, NULL, NULL),
(352, NULL, NULL),
(353, NULL, NULL),
(354, NULL, NULL),
(355, NULL, NULL),
(356, NULL, NULL),
(357, NULL, NULL),
(358, NULL, NULL),
(359, NULL, NULL),
(360, NULL, NULL),
(361, NULL, NULL),
(362, NULL, NULL),
(363, NULL, NULL),
(364, NULL, NULL),
(365, NULL, NULL),
(366, NULL, NULL),
(367, NULL, NULL),
(368, NULL, NULL),
(369, NULL, NULL),
(370, NULL, NULL),
(371, NULL, NULL),
(372, NULL, NULL),
(373, NULL, NULL),
(374, NULL, NULL),
(375, NULL, NULL),
(376, NULL, NULL),
(377, NULL, NULL),
(378, NULL, NULL),
(379, NULL, NULL),
(380, NULL, NULL),
(381, NULL, NULL),
(382, NULL, NULL),
(383, NULL, NULL),
(384, NULL, NULL),
(385, NULL, NULL),
(386, NULL, NULL),
(387, NULL, NULL),
(388, NULL, NULL),
(389, NULL, NULL),
(390, NULL, NULL),
(391, NULL, NULL),
(392, NULL, NULL),
(393, NULL, NULL),
(395, NULL, NULL),
(396, NULL, NULL),
(397, NULL, NULL),
(398, NULL, NULL),
(399, NULL, NULL),
(400, NULL, NULL),
(401, NULL, NULL),
(402, NULL, NULL),
(403, NULL, NULL),
(404, NULL, NULL),
(405, NULL, NULL),
(406, NULL, NULL),
(407, NULL, NULL),
(408, NULL, NULL),
(409, NULL, NULL),
(410, NULL, NULL),
(411, NULL, NULL),
(412, NULL, NULL),
(413, NULL, NULL),
(414, NULL, NULL),
(415, NULL, NULL),
(416, NULL, NULL),
(417, NULL, NULL),
(418, NULL, NULL),
(419, NULL, NULL),
(420, NULL, NULL),
(421, NULL, NULL),
(422, NULL, NULL),
(423, NULL, NULL),
(424, NULL, NULL),
(425, NULL, NULL),
(426, NULL, NULL),
(427, NULL, NULL),
(428, NULL, NULL),
(429, NULL, NULL),
(430, NULL, NULL),
(431, NULL, NULL),
(432, NULL, NULL),
(433, NULL, NULL),
(434, NULL, NULL),
(435, NULL, NULL),
(436, NULL, NULL),
(437, NULL, NULL),
(438, NULL, NULL),
(439, NULL, NULL),
(440, NULL, NULL),
(441, NULL, NULL),
(442, NULL, NULL),
(443, NULL, NULL),
(444, NULL, NULL),
(445, NULL, NULL),
(446, NULL, NULL),
(447, NULL, NULL),
(448, NULL, NULL),
(449, NULL, NULL),
(450, NULL, NULL),
(451, NULL, NULL),
(452, NULL, NULL),
(453, NULL, NULL),
(454, NULL, NULL),
(455, NULL, NULL),
(456, NULL, NULL),
(457, NULL, NULL),
(458, NULL, NULL),
(459, NULL, NULL),
(460, NULL, NULL),
(461, NULL, NULL),
(462, NULL, NULL),
(463, NULL, NULL),
(464, NULL, NULL),
(465, NULL, NULL),
(466, NULL, NULL),
(467, NULL, NULL),
(468, NULL, NULL),
(469, NULL, NULL),
(470, NULL, NULL),
(471, NULL, NULL),
(472, NULL, NULL),
(473, NULL, NULL),
(474, NULL, NULL),
(475, NULL, NULL),
(476, NULL, NULL),
(477, NULL, NULL),
(478, NULL, NULL),
(479, NULL, NULL),
(480, NULL, NULL),
(481, NULL, NULL),
(482, NULL, NULL),
(483, NULL, NULL),
(484, NULL, NULL),
(485, NULL, NULL),
(486, NULL, NULL),
(487, NULL, NULL),
(488, NULL, NULL),
(489, NULL, NULL),
(490, NULL, NULL),
(491, NULL, NULL),
(492, NULL, NULL),
(493, NULL, NULL),
(494, NULL, NULL),
(495, NULL, NULL),
(496, NULL, NULL),
(497, NULL, NULL),
(498, NULL, NULL),
(499, NULL, NULL),
(500, NULL, NULL),
(501, NULL, NULL),
(502, NULL, NULL),
(503, NULL, NULL),
(504, NULL, NULL),
(505, NULL, NULL),
(506, NULL, NULL),
(507, NULL, NULL),
(508, NULL, NULL),
(509, NULL, NULL),
(510, NULL, NULL),
(511, NULL, NULL),
(512, NULL, NULL),
(513, NULL, NULL),
(514, NULL, NULL),
(515, NULL, NULL),
(516, NULL, NULL),
(517, NULL, NULL),
(519, NULL, NULL),
(520, NULL, NULL),
(521, NULL, NULL),
(522, NULL, NULL),
(523, NULL, NULL),
(524, NULL, NULL),
(525, NULL, NULL),
(526, NULL, NULL),
(527, NULL, NULL),
(528, NULL, NULL),
(529, NULL, NULL),
(530, NULL, NULL),
(531, NULL, NULL),
(532, NULL, NULL),
(533, NULL, NULL),
(534, NULL, NULL),
(535, NULL, NULL),
(536, NULL, NULL),
(537, NULL, NULL),
(538, NULL, NULL),
(539, NULL, NULL),
(540, NULL, NULL),
(541, NULL, NULL),
(542, NULL, NULL),
(543, NULL, NULL),
(544, NULL, NULL),
(545, NULL, NULL),
(546, NULL, NULL),
(547, NULL, NULL),
(548, NULL, NULL),
(549, NULL, NULL),
(550, NULL, NULL),
(551, NULL, NULL),
(552, NULL, NULL),
(553, NULL, NULL),
(554, NULL, NULL),
(555, NULL, NULL),
(556, NULL, NULL),
(576, NULL, NULL),
(578, NULL, NULL),
(579, NULL, NULL),
(580, NULL, NULL),
(581, NULL, NULL),
(582, NULL, NULL),
(583, NULL, NULL),
(584, NULL, NULL),
(585, NULL, NULL),
(586, NULL, NULL),
(587, NULL, NULL),
(588, NULL, NULL),
(589, NULL, NULL),
(590, NULL, NULL),
(591, NULL, NULL),
(592, NULL, NULL),
(593, NULL, NULL),
(594, NULL, NULL),
(595, NULL, NULL),
(596, NULL, NULL);

-- --------------------------------------------------------

--
-- Table structure for table `plant_info`
--

CREATE TABLE `plant_info` (
  `plant_id` int(11) NOT NULL,
  `plant_name` varchar(50) NOT NULL,
  `country_id` int(11) DEFAULT NULL
) ENGINE=InnoDB DEFAULT CHARSET=utf8;

--
-- Dumping data for table `plant_info`
--

INSERT INTO `plant_info` (`plant_id`, `plant_name`, `country_id`) VALUES
(1, 'Phra Nakhon Si Ayutthaya', 1),
(2, 'Pathum Thani', 1),
(3, 'Prachin Buri', 1),
(4, 'Pulau Pinang', 2);

-- --------------------------------------------------------

--
-- Table structure for table `province`
--

CREATE TABLE `province` (
  `province_id` int(11) NOT NULL,
  `province_name` varchar(50) NOT NULL
) ENGINE=InnoDB DEFAULT CHARSET=utf8;

--
-- Dumping data for table `province`
--

INSERT INTO `province` (`province_id`, `province_name`) VALUES
(1, 'Bangkok Metropolis'),
(2, 'Chiang Rai'),
(3, 'Chiang Mai'),
(4, 'Nan'),
(5, 'Phayao'),
(6, 'Phrae'),
(7, 'Mae Hong Son'),
(8, 'Lampang'),
(9, 'Lamphun'),
(10, 'Uttaradit'),
(11, 'Kalasin'),
(12, 'Khon Kaen'),
(13, 'Chaiyaphum'),
(14, 'Nakhon Phanom'),
(15, 'Nakhon Ratchasima'),
(16, 'Bueng Kan'),
(17, 'Buri Ram'),
(18, 'Maha Sarakham'),
(19, 'Mukdahan'),
(20, 'Yasothon'),
(21, 'Roi Et'),
(22, 'Loei'),
(23, 'Si Sa Ket'),
(24, 'Sakon Nakhon'),
(25, 'Surin'),
(26, 'Nong Khai'),
(27, 'Nong Bua Lam Phu'),
(28, 'Amnat Charoen'),
(29, 'Udon Thani'),
(30, 'Ubon Ratchathani'),
(31, 'Kamphaeng Phet'),
(32, 'Chai Nat'),
(33, 'Nakhon Nayok'),
(34, 'Nakhon Pathom'),
(35, 'Nakhon Sawan'),
(36, 'Nonthaburi'),
(37, 'Pathum Thani'),
(38, 'Phra Nakhon Si Ayutthaya'),
(39, 'Phichit'),
(40, 'Phitsanulok'),
(41, 'Phetchabun'),
(42, 'Lop Buri'),
(43, 'Samut Prakan'),
(44, 'Samut Songkhram'),
(45, 'Samut Sakhon'),
(46, 'Sing Buri'),
(47, 'Sukhothai'),
(48, 'Suphan Buri'),
(49, 'Saraburi'),
(50, 'Ang Thong'),
(51, 'Uthai Thani'),
(52, 'Chanthaburi'),
(53, 'Chachoengsao'),
(54, 'Chon Buri'),
(55, 'Trat'),
(56, 'Prachin Buri'),
(57, 'Rayong'),
(58, 'Sa Kaeo'),
(59, 'Kanchanaburi'),
(60, 'Tak'),
(61, 'Prachuap Khiri Khan'),
(62, 'Phetchaburi'),
(63, 'Ratchaburi'),
(64, 'Krabi'),
(65, 'Chumphon'),
(66, 'Trang'),
(67, 'Nakhon Si Thammarat'),
(68, 'Narathiwat'),
(69, 'Pattani'),
(70, 'Phangnga'),
(71, 'Phatthalung'),
(72, 'Phuket'),
(73, 'Yala'),
(74, 'Ranong'),
(75, 'Songkhla'),
(76, 'Satun'),
(77, 'Surat Thani');

-- --------------------------------------------------------

--
-- Table structure for table `resume`
--

CREATE TABLE `resume` (
  `resume_id` int(11) NOT NULL,
  `resume_file` varchar(35) DEFAULT NULL,
  `application_id` int(11) DEFAULT NULL
) ENGINE=InnoDB DEFAULT CHARSET=utf8;

--
-- Dumping data for table `resume`
--

INSERT INTO `resume` (`resume_id`, `resume_file`, `application_id`) VALUES
(28, NULL, NULL),
(29, NULL, NULL),
(30, NULL, NULL),
(31, NULL, NULL),
(32, NULL, NULL),
(33, NULL, NULL),
(34, NULL, NULL),
(35, NULL, NULL),
(36, NULL, NULL),
(37, NULL, NULL),
(38, NULL, NULL),
(39, NULL, NULL),
(40, NULL, NULL),
(41, NULL, NULL),
(42, NULL, NULL),
(43, NULL, NULL),
(44, NULL, NULL),
(45, NULL, NULL),
(46, NULL, NULL),
(47, NULL, NULL),
(48, NULL, NULL),
(49, NULL, NULL),
(50, NULL, NULL),
(51, NULL, NULL),
(52, NULL, NULL),
(53, NULL, NULL),
(54, NULL, NULL),
(55, NULL, NULL),
(56, NULL, NULL),
(57, NULL, NULL),
(58, NULL, NULL),
(59, NULL, NULL),
(60, NULL, NULL),
(61, NULL, NULL),
(62, NULL, NULL),
(63, NULL, NULL),
(64, NULL, NULL),
(65, NULL, NULL),
(66, NULL, NULL),
(67, NULL, NULL),
(68, NULL, NULL),
(69, NULL, NULL),
(70, NULL, NULL),
(71, NULL, NULL),
(72, NULL, NULL),
(73, NULL, NULL),
(74, NULL, NULL),
(75, NULL, NULL),
(76, NULL, NULL),
(77, NULL, NULL),
(78, NULL, NULL),
(79, NULL, NULL),
(80, NULL, NULL),
(81, NULL, NULL),
(82, NULL, NULL),
(83, NULL, NULL),
(84, NULL, NULL),
(85, NULL, NULL),
(86, NULL, NULL),
(87, NULL, NULL),
(88, NULL, NULL),
(89, NULL, NULL),
(90, NULL, NULL),
(91, NULL, NULL),
(92, NULL, NULL),
(93, NULL, NULL),
(94, NULL, NULL),
(95, NULL, NULL),
(96, NULL, NULL),
(97, NULL, NULL),
(98, NULL, NULL),
(99, NULL, NULL),
(100, NULL, NULL),
(101, NULL, NULL),
(102, NULL, NULL),
(103, NULL, NULL),
(104, NULL, NULL),
(105, NULL, NULL),
(106, NULL, NULL),
(107, NULL, NULL),
(108, NULL, NULL),
(109, NULL, NULL),
(110, NULL, NULL),
(111, NULL, NULL),
(112, NULL, NULL),
(113, NULL, NULL),
(114, NULL, NULL),
(115, NULL, NULL),
(116, NULL, NULL),
(117, NULL, NULL),
(118, NULL, NULL),
(119, NULL, NULL),
(120, NULL, NULL),
(121, NULL, NULL),
(122, NULL, NULL),
(123, NULL, NULL),
(124, NULL, NULL),
(125, NULL, NULL),
(126, NULL, NULL),
(127, NULL, NULL),
(128, NULL, NULL),
(129, NULL, NULL),
(130, NULL, NULL),
(131, NULL, NULL),
(132, NULL, NULL),
(133, NULL, NULL),
(134, NULL, NULL),
(135, NULL, NULL),
(136, NULL, NULL),
(137, NULL, NULL),
(138, NULL, NULL),
(139, NULL, NULL),
(140, NULL, NULL),
(141, NULL, NULL),
(142, NULL, NULL),
(143, NULL, NULL),
(144, NULL, NULL),
(145, NULL, NULL),
(146, NULL, NULL),
(147, NULL, NULL),
(148, NULL, NULL),
(149, NULL, NULL),
(150, NULL, NULL),
(151, NULL, NULL),
(152, NULL, NULL),
(153, NULL, NULL),
(154, NULL, NULL),
(155, NULL, NULL),
(156, NULL, NULL),
(157, NULL, NULL),
(158, NULL, NULL),
(159, NULL, NULL),
(160, NULL, NULL),
(161, NULL, NULL),
(162, NULL, NULL),
(163, NULL, NULL),
(164, NULL, NULL),
(165, NULL, NULL),
(166, NULL, NULL),
(167, NULL, NULL),
(168, NULL, NULL),
(169, NULL, NULL),
(170, NULL, NULL),
(171, NULL, NULL),
(172, NULL, NULL),
(173, NULL, NULL),
(174, NULL, NULL),
(175, NULL, NULL),
(176, NULL, NULL),
(177, NULL, NULL),
(178, NULL, NULL),
(179, NULL, NULL),
(180, NULL, NULL),
(181, NULL, NULL),
(182, NULL, NULL),
(183, NULL, NULL),
(184, NULL, NULL),
(185, NULL, NULL),
(186, NULL, NULL),
(187, NULL, NULL),
(188, NULL, NULL),
(189, NULL, NULL),
(190, NULL, NULL),
(191, NULL, NULL),
(192, NULL, NULL),
(193, NULL, NULL),
(194, NULL, NULL),
(195, NULL, NULL),
(196, NULL, NULL),
(197, NULL, NULL),
(198, NULL, NULL),
(199, NULL, NULL),
(200, NULL, NULL),
(201, NULL, NULL),
(202, NULL, NULL),
(203, NULL, NULL),
(204, NULL, NULL),
(205, NULL, NULL),
(206, NULL, NULL),
(207, NULL, NULL),
(208, NULL, NULL),
(209, NULL, NULL),
(210, NULL, NULL),
(211, NULL, NULL),
(212, NULL, NULL),
(213, NULL, NULL),
(214, NULL, NULL),
(215, NULL, NULL),
(216, NULL, NULL),
(217, NULL, NULL),
(218, NULL, NULL),
(219, NULL, NULL),
(220, NULL, NULL),
(221, NULL, NULL),
(222, NULL, NULL),
(223, NULL, NULL),
(224, NULL, NULL),
(225, NULL, NULL),
(226, NULL, NULL),
(227, NULL, NULL),
(228, NULL, NULL),
(229, NULL, NULL),
(230, NULL, NULL),
(231, NULL, NULL),
(232, NULL, NULL),
(233, NULL, NULL),
(234, NULL, NULL),
(235, NULL, NULL),
(236, NULL, NULL),
(237, NULL, NULL),
(238, NULL, NULL),
(239, NULL, NULL),
(240, NULL, NULL),
(241, NULL, NULL),
(242, NULL, NULL),
(243, NULL, NULL),
(244, NULL, NULL),
(245, NULL, NULL),
(246, NULL, NULL),
(247, NULL, NULL),
(248, NULL, NULL),
(249, NULL, NULL),
(250, NULL, NULL),
(251, NULL, NULL),
(252, NULL, NULL),
(253, NULL, NULL),
(254, NULL, NULL),
(255, NULL, NULL),
(256, NULL, NULL),
(257, NULL, NULL),
(258, NULL, NULL),
(259, NULL, NULL),
(260, NULL, NULL),
(261, NULL, NULL),
(262, NULL, NULL),
(263, NULL, NULL),
(264, NULL, NULL),
(265, NULL, NULL),
(266, NULL, NULL),
(267, NULL, NULL),
(268, NULL, NULL),
(269, NULL, NULL),
(270, NULL, NULL),
(271, NULL, NULL),
(272, NULL, NULL),
(273, NULL, NULL),
(274, NULL, NULL),
(275, NULL, NULL),
(276, NULL, NULL),
(277, NULL, NULL),
(278, NULL, NULL),
(279, NULL, NULL),
(280, NULL, NULL),
(281, NULL, NULL),
(282, NULL, NULL),
(283, NULL, NULL),
(284, NULL, NULL),
(285, NULL, NULL),
(286, NULL, NULL),
(287, NULL, NULL),
(288, NULL, NULL),
(289, NULL, NULL),
(290, NULL, NULL),
(291, NULL, NULL),
(292, NULL, NULL),
(293, NULL, NULL),
(294, NULL, NULL),
(295, NULL, NULL),
(296, NULL, NULL),
(297, NULL, NULL),
(298, NULL, NULL),
(299, NULL, NULL),
(300, NULL, NULL),
(301, NULL, NULL),
(302, NULL, NULL),
(303, NULL, NULL),
(304, NULL, NULL),
(305, NULL, NULL),
(306, NULL, NULL),
(307, NULL, NULL),
(308, NULL, NULL),
(309, NULL, NULL),
(310, NULL, NULL),
(311, NULL, NULL),
(312, NULL, NULL),
(313, NULL, NULL),
(314, NULL, NULL),
(315, NULL, NULL),
(316, NULL, NULL),
(317, NULL, NULL),
(318, NULL, NULL),
(319, NULL, NULL),
(320, NULL, NULL),
(321, NULL, NULL),
(322, NULL, NULL),
(323, NULL, NULL),
(324, NULL, NULL),
(325, NULL, NULL),
(326, NULL, NULL),
(327, NULL, NULL),
(328, NULL, NULL),
(329, NULL, NULL),
(330, NULL, NULL),
(331, NULL, NULL),
(332, NULL, NULL),
(333, NULL, NULL),
(334, NULL, NULL),
(335, NULL, NULL),
(336, NULL, NULL),
(337, NULL, NULL),
(338, NULL, NULL),
(339, NULL, NULL),
(340, NULL, NULL),
(341, NULL, NULL),
(342, NULL, NULL),
(343, NULL, NULL),
(344, NULL, NULL),
(345, NULL, NULL),
(346, NULL, NULL),
(347, NULL, NULL),
(348, NULL, NULL),
(349, NULL, NULL),
(350, NULL, NULL),
(351, NULL, NULL),
(352, NULL, NULL),
(353, NULL, NULL),
(354, NULL, NULL),
(355, NULL, NULL),
(356, NULL, NULL),
(357, NULL, NULL),
(358, NULL, NULL),
(359, NULL, NULL),
(360, NULL, NULL),
(361, NULL, NULL),
(362, NULL, NULL),
(363, NULL, NULL),
(364, NULL, NULL),
(365, NULL, NULL),
(366, NULL, NULL),
(367, NULL, NULL),
(368, NULL, NULL),
(369, NULL, NULL),
(370, NULL, NULL),
(371, NULL, NULL),
(372, NULL, NULL),
(373, NULL, NULL),
(374, NULL, NULL),
(375, NULL, NULL),
(376, NULL, NULL),
(377, NULL, NULL),
(378, NULL, NULL),
(379, NULL, NULL),
(380, NULL, NULL),
(381, NULL, NULL),
(382, NULL, NULL),
(383, NULL, NULL),
(384, NULL, NULL),
(385, NULL, NULL),
(386, NULL, NULL),
(387, NULL, NULL),
(388, NULL, NULL),
(389, NULL, NULL),
(390, NULL, NULL),
(391, NULL, NULL),
(392, NULL, NULL),
(393, NULL, NULL),
(394, NULL, NULL),
(395, NULL, NULL),
(396, NULL, NULL),
(397, NULL, NULL),
(398, NULL, NULL),
(399, NULL, NULL),
(400, NULL, NULL),
(401, NULL, NULL),
(402, NULL, NULL),
(403, NULL, NULL),
(404, NULL, NULL),
(405, NULL, NULL),
(406, NULL, NULL),
(407, NULL, NULL),
(408, NULL, NULL),
(409, NULL, NULL),
(410, NULL, NULL),
(411, NULL, NULL),
(412, NULL, NULL),
(413, NULL, NULL),
(414, NULL, NULL),
(415, NULL, NULL),
(416, NULL, NULL),
(417, NULL, NULL),
(418, NULL, NULL),
(419, NULL, NULL),
(420, NULL, NULL),
(421, NULL, NULL),
(422, NULL, NULL),
(423, NULL, NULL),
(424, NULL, NULL),
(425, NULL, NULL),
(426, NULL, NULL),
(427, NULL, NULL),
(428, NULL, NULL),
(429, NULL, NULL),
(430, NULL, NULL),
(431, NULL, NULL),
(432, NULL, NULL),
(433, NULL, NULL),
(434, NULL, NULL),
(435, NULL, NULL),
(436, NULL, NULL),
(437, NULL, NULL),
(438, NULL, NULL),
(439, NULL, NULL),
(440, NULL, NULL),
(441, NULL, NULL),
(442, NULL, NULL),
(443, NULL, NULL),
(444, NULL, NULL),
(445, NULL, NULL),
(446, NULL, NULL),
(447, NULL, NULL),
(448, NULL, NULL),
(449, NULL, NULL),
(450, NULL, NULL),
(451, NULL, NULL),
(452, NULL, NULL),
(453, NULL, NULL),
(454, NULL, NULL),
(455, NULL, NULL),
(456, NULL, NULL),
(457, NULL, NULL),
(458, NULL, NULL),
(459, NULL, NULL),
(460, NULL, NULL),
(461, NULL, NULL),
(462, NULL, NULL),
(463, NULL, NULL),
(464, NULL, NULL),
(465, NULL, NULL),
(466, NULL, NULL),
(467, NULL, NULL),
(468, NULL, NULL),
(469, NULL, NULL),
(470, NULL, NULL),
(471, NULL, NULL),
(472, NULL, NULL),
(473, NULL, NULL),
(474, NULL, NULL),
(475, NULL, NULL),
(476, NULL, NULL),
(477, NULL, NULL),
(478, NULL, NULL),
(479, NULL, NULL),
(480, NULL, NULL),
(481, NULL, NULL),
(482, NULL, NULL),
(483, NULL, NULL),
(484, NULL, NULL),
(485, NULL, NULL),
(486, NULL, NULL),
(487, NULL, NULL),
(488, NULL, NULL),
(489, NULL, NULL),
(490, NULL, NULL),
(491, NULL, NULL),
(492, NULL, NULL),
(493, NULL, NULL),
(494, NULL, NULL),
(495, NULL, NULL),
(496, NULL, NULL),
(497, NULL, NULL),
(498, NULL, NULL),
(499, NULL, NULL),
(500, NULL, NULL),
(501, NULL, NULL),
(502, NULL, NULL),
(503, NULL, NULL),
(504, NULL, NULL),
(505, NULL, NULL),
(506, NULL, NULL),
(507, NULL, NULL),
(508, NULL, NULL),
(509, NULL, NULL),
(510, NULL, NULL),
(511, NULL, NULL),
(512, NULL, NULL),
(513, NULL, NULL),
(514, NULL, NULL),
(515, NULL, NULL),
(516, NULL, NULL),
(517, NULL, NULL),
(519, NULL, NULL),
(520, NULL, NULL),
(521, NULL, NULL),
(522, NULL, NULL),
(523, NULL, NULL),
(524, NULL, NULL),
(525, NULL, NULL),
(526, NULL, NULL),
(527, NULL, NULL),
(528, NULL, NULL),
(529, NULL, NULL),
(530, NULL, NULL),
(531, NULL, NULL),
(532, NULL, NULL),
(533, NULL, NULL),
(534, NULL, NULL),
(535, NULL, NULL),
(536, NULL, NULL),
(537, NULL, NULL),
(538, NULL, NULL),
(539, NULL, NULL),
(540, NULL, NULL),
(541, NULL, NULL),
(542, NULL, NULL),
(543, NULL, NULL),
(544, NULL, NULL),
(545, NULL, NULL),
(546, NULL, NULL),
(547, NULL, NULL),
(548, NULL, NULL),
(549, NULL, NULL),
(550, NULL, NULL),
(551, NULL, NULL),
(552, NULL, NULL),
(553, NULL, NULL),
(554, NULL, NULL),
(555, NULL, NULL),
(556, NULL, NULL),
(576, NULL, NULL),
(578, NULL, NULL),
(579, NULL, NULL),
(580, NULL, NULL),
(581, NULL, NULL),
(582, NULL, NULL),
(583, NULL, NULL),
(584, NULL, NULL),
(585, NULL, NULL),
(586, NULL, NULL),
(587, NULL, NULL),
(588, NULL, NULL),
(589, NULL, NULL),
(590, NULL, NULL),
(591, NULL, NULL),
(592, NULL, NULL),
(593, NULL, NULL),
(594, NULL, NULL),
(595, NULL, NULL),
(596, NULL, NULL);

-- --------------------------------------------------------

--
-- Table structure for table `room`
--

CREATE TABLE `room` (
  `room_id` int(11) NOT NULL,
  `room_name` varchar(45) NOT NULL,
  `bldg_id` int(11) NOT NULL
) ENGINE=InnoDB DEFAULT CHARSET=utf8;

--
-- Dumping data for table `room`
--

INSERT INTO `room` (`room_id`, `room_name`, `bldg_id`) VALUES
(1, 'SE COM 1', 3),
(2, 'SE COM 2', 3),
(3, 'SE COM 3', 3);

-- --------------------------------------------------------

--
-- Table structure for table `schedule_email_act`
--

CREATE TABLE `schedule_email_act` (
  `sch_email_id` int(11) NOT NULL,
  `activity_id` int(11) NOT NULL,
  `email_id` int(11) DEFAULT NULL,
  `status_id` int(11) NOT NULL,
  `sch_date` date DEFAULT NULL,
  `sch_time` time DEFAULT NULL,
  `schedule_detail` timestamp NOT NULL DEFAULT CURRENT_TIMESTAMP ON UPDATE CURRENT_TIMESTAMP
) ENGINE=InnoDB DEFAULT CHARSET=utf8;

--
-- Dumping data for table `schedule_email_act`
--

INSERT INTO `schedule_email_act` (`sch_email_id`, `activity_id`, `email_id`, `status_id`, `sch_date`, `sch_time`, `schedule_detail`) VALUES
(1, 1, 1, 4, '2017-03-20', '09:00:00', '2017-03-29 02:21:32'),
(2, 2, 1, 4, '2017-03-20', '09:00:00', '2017-03-29 02:22:37'),
(3, 3, 1, 4, '2017-03-20', '09:00:00', '2017-03-29 02:23:37'),
(4, 4, 1, 4, '2017-04-01', '09:00:00', '2017-03-29 02:25:55'),
(5, 5, 1, 1, '2018-02-02', '14:01:00', '2017-04-19 07:07:32'),
(6, 6, 1, 4, '0012-12-31', '00:12:00', '2017-04-25 08:35:30');

-- --------------------------------------------------------

--
-- Table structure for table `schedule_email_pre`
--

CREATE TABLE `schedule_email_pre` (
  `sch_pre_email_id` int(11) NOT NULL,
  `present_id` int(11) NOT NULL,
  `pre_trainee_id` varchar(45) NOT NULL,
  `pre_email_id` int(11) NOT NULL,
  `pre_sch_date` date NOT NULL,
  `pre_sch_time` time NOT NULL,
  `pre_cr_detail` timestamp NOT NULL DEFAULT CURRENT_TIMESTAMP ON UPDATE CURRENT_TIMESTAMP
) ENGINE=InnoDB DEFAULT CHARSET=utf8;

--
-- Dumping data for table `schedule_email_pre`
--

INSERT INTO `schedule_email_pre` (`sch_pre_email_id`, `present_id`, `pre_trainee_id`, `pre_email_id`, `pre_sch_date`, `pre_sch_time`, `pre_cr_detail`) VALUES
(4, 4, 'RSMBC16_279', 4, '2017-05-02', '10:10:00', '2017-03-29 09:03:32'),
(5, 5, 'RSMBC16_278', 4, '2017-02-25', '10:00:00', '2017-03-29 06:16:25'),
(6, 6, 'RSMBC16_278', 3, '0012-12-12', '00:12:00', '2017-05-21 01:44:33');

-- --------------------------------------------------------

--
-- Table structure for table `sent_email`
--

CREATE TABLE `sent_email` (
  `st_email_id` int(11) NOT NULL,
  `email_id` int(11) NOT NULL,
  `s_id` int(11) DEFAULT NULL,
  `sent_date` date DEFAULT NULL,
  `sent_time` time DEFAULT NULL
) ENGINE=InnoDB DEFAULT CHARSET=utf8;

-- --------------------------------------------------------

--
-- Table structure for table `student_address`
--

CREATE TABLE `student_address` (
  `address_Id` int(11) NOT NULL,
  `s_id` int(11) DEFAULT NULL,
  `no` varchar(15) DEFAULT NULL,
  `place_name` varchar(100) DEFAULT NULL,
  `road_name` varchar(100) DEFAULT NULL,
  `sub_district` varchar(100) DEFAULT NULL,
  `district` varchar(100) DEFAULT NULL,
  `city` varchar(100) DEFAULT NULL,
  `zip_code` int(11) DEFAULT NULL,
  `province_name` varchar(100) DEFAULT NULL,
  `country_id` int(11) DEFAULT NULL
) ENGINE=InnoDB DEFAULT CHARSET=utf8;

--
-- Dumping data for table `student_address`
--

INSERT INTO `student_address` (`address_Id`, `s_id`, `no`, `place_name`, `road_name`, `sub_district`, `district`, `city`, `zip_code`, `province_name`, `country_id`) VALUES
(1, 1798, NULL, NULL, NULL, NULL, NULL, NULL, NULL, NULL, NULL),
(2, 1799, NULL, NULL, NULL, NULL, NULL, NULL, NULL, NULL, NULL),
(3, 1800, NULL, NULL, NULL, NULL, NULL, NULL, NULL, NULL, NULL),
(4, 1801, NULL, NULL, NULL, NULL, NULL, NULL, NULL, NULL, NULL),
(5, 1802, NULL, NULL, NULL, NULL, NULL, NULL, NULL, NULL, NULL),
(6, 1803, NULL, NULL, NULL, NULL, NULL, NULL, NULL, NULL, NULL),
(7, 1804, NULL, NULL, NULL, NULL, NULL, NULL, NULL, NULL, NULL),
(8, 1805, NULL, NULL, NULL, NULL, NULL, NULL, NULL, NULL, NULL),
(9, 1806, NULL, NULL, NULL, NULL, NULL, NULL, NULL, NULL, NULL),
(10, 1814, NULL, NULL, NULL, NULL, NULL, NULL, NULL, NULL, 2),
(11, 1815, NULL, NULL, NULL, NULL, NULL, NULL, NULL, NULL, 2),
(12, 1816, NULL, NULL, NULL, NULL, NULL, NULL, NULL, NULL, 2),
(13, 1817, NULL, NULL, NULL, NULL, NULL, NULL, NULL, NULL, 2),
(14, 1818, NULL, NULL, NULL, NULL, NULL, NULL, NULL, NULL, 2),
(15, 1819, NULL, NULL, NULL, NULL, NULL, NULL, NULL, NULL, 2),
(16, 1820, NULL, NULL, NULL, NULL, NULL, NULL, NULL, NULL, 2),
(17, 1821, NULL, NULL, NULL, NULL, NULL, NULL, NULL, NULL, 2),
(18, 1822, NULL, NULL, NULL, NULL, NULL, NULL, NULL, NULL, 2),
(19, 1823, NULL, NULL, NULL, NULL, NULL, NULL, NULL, NULL, 2),
(20, 1824, NULL, NULL, NULL, NULL, NULL, NULL, NULL, NULL, 2),
(21, 1825, NULL, NULL, NULL, NULL, NULL, NULL, NULL, NULL, 2),
(22, 1826, NULL, NULL, NULL, NULL, NULL, NULL, NULL, NULL, 2),
(23, 1827, NULL, NULL, NULL, NULL, NULL, NULL, NULL, NULL, 2),
(24, 1828, NULL, NULL, NULL, NULL, NULL, NULL, NULL, NULL, 2),
(25, 1829, NULL, NULL, NULL, NULL, NULL, NULL, NULL, NULL, 2),
(29, 1830, NULL, NULL, NULL, NULL, NULL, NULL, NULL, NULL, 2),
(30, 1831, NULL, NULL, NULL, NULL, NULL, NULL, NULL, NULL, 2),
(31, 1832, '108 Moo 19ch', 'Sermsookch', 'ch', 'Jhumphonch', 'Phonphisaich', NULL, NULL, 'Nong Khaich', 1),
(33, 1833, NULL, NULL, NULL, NULL, NULL, NULL, NULL, NULL, 2);

-- --------------------------------------------------------

--
-- Table structure for table `student_contact_details`
--

CREATE TABLE `student_contact_details` (
  `contact_id` int(11) NOT NULL,
  `scd_s_id` int(11) DEFAULT NULL,
  `contact_no` varchar(12) DEFAULT NULL,
  `email_adress` varchar(50) DEFAULT NULL
) ENGINE=InnoDB DEFAULT CHARSET=utf8;

--
-- Dumping data for table `student_contact_details`
--

INSERT INTO `student_contact_details` (`contact_id`, `scd_s_id`, `contact_no`, `email_adress`) VALUES
(1, 1610, '959594821', 'aom_natthira@outlook.com'),
(2, 1611, '811358181', 'popkanyawee@gmail.com'),
(3, 1612, '852241356', 'nont.sranpat@gmail.com'),
(4, 1613, '999046334', 'myname_pla@hotmail.com'),
(5, 1614, '841169358', 'Benjamaporn305@gmail.com'),
(6, 1615, '818516267', 'moosiravich@gmail.com'),
(7, 1616, '871917927', 'Tutahxt@gmail.com'),
(8, 1617, '875611053', 'saitharn.eng@gmail.com'),
(9, 1618, '934416283', 'guntoon01@gmail.com'),
(16, 1625, '959594821', 'aom_natthirai@outlook.comi'),
(17, 1626, '811358181', 'popkanyawee@gmail.comi'),
(18, 1627, '852241356', 'nont.sranpat@gmail.comi'),
(19, 1628, '999046334', 'myname_pla@hotmail.comi'),
(20, 1629, '841169358', 'Benjamaporn305@gmail.comi'),
(21, 1630, '818516267', 'moosiravich@gmail.comi'),
(22, 1631, '871917927', 'Tutahxt@gmail.comi'),
(23, 1632, '875611053', 'saitharn.eng@gmail.comi'),
(24, 1633, '934416283', 'guntoon01@gmail.comi'),
(25, 1634, '959594821', 'aom_natthira@outlook.com'),
(26, 1635, '811358181', 'popkanyawee@gmail.com'),
(27, 1636, '852241356', 'nont.sranpat@gmail.com'),
(28, 1637, '999046334', 'myname_pla@hotmail.com'),
(29, 1638, '841169358', 'Benjamaporn305@gmail.com'),
(30, 1639, '818516267', 'moosiravich@gmail.com'),
(31, 1640, '871917927', 'Tutahxt@gmail.com'),
(32, 1641, '875611053', 'saitharn.eng@gmail.com'),
(33, 1642, '934416283', 'guntoon01@gmail.com'),
(34, 1644, '959594821', 'aom_natthira@outlook.com'),
(35, 1645, '811358181', 'popkanyawee@gmail.com'),
(36, 1646, '852241356', 'nont.sranpat@gmail.com'),
(37, 1647, '999046334', 'myname_pla@hotmail.com'),
(38, 1648, '841169358', 'Benjamaporn305@gmail.com'),
(39, 1649, '818516267', 'moosiravich@gmail.com'),
(40, 1650, '871917927', 'Tutahxt@gmail.com'),
(41, 1651, '875611053', 'saitharn.eng@gmail.com'),
(43, 1653, '959594821', 'aom_natthira@outlook.com'),
(44, 1654, '811358181', 'popkanyawee@gmail.com'),
(45, 1655, '852241356', 'nont.sranpat@gmail.com'),
(46, 1656, '999046334', 'myname_pla@hotmail.com'),
(47, 1657, '841169358', 'Benjamaporn305@gmail.com'),
(48, 1658, '818516267', 'moosiravich@gmail.com'),
(49, 1659, '871917927', 'Tutahxt@gmail.com'),
(50, 1660, '875611053', 'saitharn.eng@gmail.com'),
(51, 1661, '934416283', 'guntoon01@gmail.com'),
(52, 1662, '959594821', 'aom_natthira@outlook.com'),
(53, 1663, '811358181', 'popkanyawee@gmail.com'),
(54, 1664, '852241356', 'nont.sranpat@gmail.com'),
(55, 1665, '999046334', 'myname_pla@hotmail.com'),
(56, 1666, '841169358', 'Benjamaporn305@gmail.com'),
(57, 1667, '818516267', 'moosiravich@gmail.com'),
(58, 1668, '871917927', 'Tutahxt@gmail.com'),
(59, 1669, '875611053', 'saitharn.eng@gmail.com'),
(60, 1670, '934416283', 'guntoon01@gmail.com'),
(61, 1671, '959594821', 'aom_natthira@outlook.com'),
(62, 1672, '959594821', 'aom_natthira@outlook.com'),
(63, 1673, '811358181', 'popkanyawee@gmail.com'),
(64, 1674, '852241356', 'nont.sranpat@gmail.com'),
(65, 1675, '999046334', 'myname_pla@hotmail.com'),
(66, 1676, '841169358', 'Benjamaporn305@gmail.com'),
(67, 1677, '818516267', 'moosiravich@gmail.com'),
(68, 1678, '871917927', 'Tutahxt@gmail.com'),
(69, 1679, '875611053', 'saitharn.eng@gmail.com'),
(70, 1680, '934416283', 'guntoon01@gmail.com'),
(71, 1681, '959594821', 'aom_natthira@outlook.com'),
(72, 1682, '811358181', 'popkanyawee@gmail.com'),
(73, 1683, '852241356', 'nont.sranpat@gmail.com'),
(74, 1684, '999046334', 'myname_pla@hotmail.com'),
(75, 1685, '841169358', 'Benjamaporn305@gmail.com'),
(76, 1686, '818516267', 'moosiravich@gmail.com'),
(77, 1687, '871917927', 'Tutahxt@gmail.com'),
(78, 1688, '875611053', 'saitharn.eng@gmail.com'),
(79, 1689, '934416283', 'guntoon01@gmail.com'),
(80, 1690, '959594821', 'aom_natthira@outlook.com'),
(81, 1691, '811358181', 'popkanyawee@gmail.com'),
(82, 1692, '852241356', 'nont.sranpat@gmail.com'),
(83, 1693, '999046334', 'myname_pla@hotmail.com'),
(84, 1694, '841169358', 'Benjamaporn305@gmail.com'),
(85, 1695, '818516267', 'moosiravich@gmail.com'),
(86, 1696, '871917927', 'Tutahxt@gmail.com'),
(87, 1697, '875611053', 'saitharn.eng@gmail.com'),
(88, 1698, '934416283', 'guntoon01@gmail.com'),
(89, 1702, '959594821', 'aom_natthira@outlook.com'),
(90, 1703, '811358181', 'popkanyawee@gmail.com'),
(91, 1704, '852241356', 'nont.sranpat@gmail.com'),
(92, 1705, '999046334', 'myname_pla@hotmail.com'),
(93, 1706, '841169358', 'Benjamaporn305@gmail.com'),
(94, 1707, '818516267', 'moosiravich@gmail.com'),
(95, 1708, '871917927', 'Tutahxt@gmail.com'),
(96, 1709, '875611053', 'saitharn.eng@gmail.com'),
(97, 1710, '934416283', 'guntoon01@gmail.com'),
(98, 1711, '959594821', 'aom_natthira@outlook.com'),
(99, 1718, '959594821', 'aom_natthira@outlook.com'),
(100, 1719, '811358181', 'popkanyawee@gmail.com'),
(101, 1720, '852241356', 'nont.sranpat@gmail.com'),
(102, 1721, '999046334', 'myname_pla@hotmail.com'),
(103, 1722, '841169358', 'Benjamaporn305@gmail.com'),
(104, 1723, '818516267', 'moosiravich@gmail.com'),
(105, 1724, '871917927', 'Tutahxt@gmail.com'),
(106, 1725, '875611053', 'saitharn.eng@gmail.com'),
(107, 1726, '934416283', 'guntoon01@gmail.com'),
(108, 1727, '959594821', 'aom_natthira@outlook.com'),
(109, 1728, '811358181', 'popkanyawee@gmail.com'),
(110, 1729, '852241356', 'nont.sranpat@gmail.com'),
(111, 1730, '999046334', 'myname_pla@hotmail.com'),
(112, 1731, '841169358', 'Benjamaporn305@gmail.com'),
(113, 1732, '818516267', 'moosiravich@gmail.com'),
(114, 1733, '871917927', 'Tutahxt@gmail.com'),
(115, 1734, '875611053', 'saitharn.eng@gmail.com'),
(116, 1735, '934416283', 'guntoon01@gmail.com'),
(117, 1740, '959594821', 'aom_natthira@outlook.com'),
(118, 1741, '811358181', 'popkanyawee@gmail.com'),
(119, 1742, '852241356', 'nont.sranpat@gmail.com'),
(120, 1743, '999046334', 'myname_pla@hotmail.com'),
(121, 1744, '841169358', 'Benjamaporn305@gmail.com'),
(122, 1745, '818516267', 'moosiravich@gmail.com'),
(123, 1746, '871917927', 'Tutahxt@gmail.com'),
(124, 1747, '875611053', 'saitharn.eng@gmail.com'),
(125, 1748, '934416283', 'guntoon01@gmail.com'),
(126, 1749, '959594821', 'aom_natthira@outlook.com'),
(127, 1750, '811358181', 'popkanyawee@gmail.com'),
(128, 1751, '852241356', 'nont.sranpat@gmail.com'),
(129, 1752, '999046334', 'myname_pla@hotmail.com'),
(130, 1753, '841169358', 'Benjamaporn305@gmail.com'),
(131, 1754, '818516267', 'moosiravich@gmail.com'),
(132, 1755, '871917927', 'Tutahxt@gmail.com'),
(133, 1756, '875611053', 'saitharn.eng@gmail.com'),
(134, 1757, '934416283', 'guntoon01@gmail.com'),
(135, 1758, '959594821', 'aom_natthira@outlook.com'),
(136, 1759, '811358181', 'popkanyawee@gmail.com'),
(137, 1760, '852241356', 'nont.sranpat@gmail.com'),
(138, 1761, '999046334', 'myname_pla@hotmail.com'),
(139, 1762, '841169358', 'Benjamaporn305@gmail.com'),
(140, 1763, '818516267', 'moosiravich@gmail.com'),
(141, 1764, '871917927', 'Tutahxt@gmail.com'),
(142, 1765, '875611053', 'saitharn.eng@gmail.com'),
(144, 1770, '959594821', 'aom_natthira@outlook.com'),
(145, 1771, '959594821', 'aom_natthira@outlook.com'),
(146, 1772, '811358181', 'popkanyawee@gmail.com'),
(147, 1773, '852241356', 'nont.sranpat@gmail.com'),
(148, 1774, '999046334', 'myname_pla@hotmail.com'),
(149, 1775, '841169358', 'Benjamaporn305@gmail.com'),
(150, 1776, '818516267', 'moosiravich@gmail.com'),
(151, 1777, '871917927', 'Tutahxt@gmail.com'),
(152, 1778, '875611053', 'saitharn.eng@gmail.com'),
(153, 1779, '934416283', 'guntoon01@gmail.com'),
(154, 1780, '959594821', 'aom_natthira@outlook.com'),
(155, 1781, '811358181', 'popkanyawee@gmail.com'),
(156, 1782, '852241356', 'nont.sranpat@gmail.com'),
(157, 1783, '999046334', 'myname_pla@hotmail.com'),
(158, 1784, '841169358', 'Benjamaporn305@gmail.com'),
(159, 1785, '818516267', 'moosiravich@gmail.com'),
(160, 1786, '871917927', 'Tutahxt@gmail.com'),
(161, 1787, '875611053', 'saitharn.eng@gmail.com'),
(162, 1788, '934416283', 'guntoon01@gmail.com'),
(163, 1789, '959594821', 'aom_natthira@outlook.com'),
(164, 1790, '811358181', 'popkanyawee@gmail.com'),
(165, 1791, '852241356', 'nont.sranpat@gmail.com'),
(166, 1792, '999046334', 'myname_pla@hotmail.com'),
(167, 1793, '841169358', 'Benjamaporn305@gmail.com'),
(168, 1794, '818516267', 'moosiravich@gmail.com'),
(169, 1795, '871917927', 'Tutahxt@gmail.com'),
(170, 1796, '875611053', 'saitharn.eng@gmail.com'),
(171, 1797, '934416283', 'guntoon01@gmail.com'),
(172, 1798, '959594821', 'aom_natthira@outlook.com'),
(173, 1799, '811358181', 'popkanyawee@gmail.com'),
(174, 1800, '852241356', 'nont.sranpat@gmail.com'),
(175, 1801, '999046334', 'myname_pla@hotmail.com'),
(176, 1802, '841169358', 'Benjamaporn305@gmail.com'),
(177, 1803, '818516267', 'moosiravich@gmail.com'),
(178, 1804, '871917927', 'Tutahxt@gmail.com'),
(179, 1805, '875611053', 'saitharn.eng@gmail.com'),
(180, 1806, '934416283', 'guntoon01@gmail.com'),
(181, 1812, NULL, NULL),
(182, 1813, NULL, NULL),
(183, 1814, NULL, NULL),
(184, 1815, NULL, NULL),
(185, 1816, NULL, NULL),
(186, 1817, NULL, NULL),
(187, 1818, NULL, NULL),
(188, 1819, NULL, NULL),
(189, 1820, NULL, NULL),
(190, 1821, NULL, NULL),
(191, 1822, NULL, NULL),
(192, 1823, NULL, NULL),
(193, 1824, NULL, NULL),
(194, 1825, NULL, NULL),
(195, 1826, NULL, NULL),
(196, 1827, NULL, NULL),
(197, 1828, NULL, NULL),
(198, 1829, NULL, NULL),
(199, 1830, NULL, NULL),
(200, 1831, NULL, NULL),
(201, 1832, '084722217422', 'kittipan.prasertsang@gmail.comch'),
(202, 1833, NULL, NULL);

-- --------------------------------------------------------

--
-- Table structure for table `student_emergency_contact`
--

CREATE TABLE `student_emergency_contact` (
  `emc_id` int(11) NOT NULL,
  `emc_fname` varchar(20) DEFAULT NULL,
  `emc_lname` varchar(20) DEFAULT NULL,
  `emc_relation` varchar(50) DEFAULT NULL,
  `emc_contact` varchar(20) DEFAULT NULL,
  `contact_id` int(11) DEFAULT NULL
) ENGINE=InnoDB DEFAULT CHARSET=utf8;

--
-- Dumping data for table `student_emergency_contact`
--

INSERT INTO `student_emergency_contact` (`emc_id`, `emc_fname`, `emc_lname`, `emc_relation`, `emc_contact`, `contact_id`) VALUES
(2, NULL, NULL, NULL, NULL, 34),
(3, NULL, NULL, NULL, NULL, 35),
(4, NULL, NULL, NULL, NULL, 36),
(5, NULL, NULL, NULL, NULL, 37),
(6, NULL, NULL, NULL, NULL, 38),
(7, NULL, NULL, NULL, NULL, 39),
(8, NULL, NULL, NULL, NULL, 40),
(9, NULL, NULL, NULL, NULL, 41),
(11, NULL, NULL, NULL, NULL, 43),
(12, NULL, NULL, NULL, NULL, 44),
(13, NULL, NULL, NULL, NULL, 45),
(14, NULL, NULL, NULL, NULL, 46),
(15, NULL, NULL, NULL, NULL, 47),
(16, NULL, NULL, NULL, NULL, 48),
(17, NULL, NULL, NULL, NULL, 49),
(18, NULL, NULL, NULL, NULL, 50),
(19, NULL, NULL, NULL, NULL, 51),
(20, NULL, NULL, NULL, NULL, 52),
(21, NULL, NULL, NULL, NULL, 53),
(22, NULL, NULL, NULL, NULL, 54),
(23, NULL, NULL, NULL, NULL, 55),
(24, NULL, NULL, NULL, NULL, 56),
(25, NULL, NULL, NULL, NULL, 57),
(26, NULL, NULL, NULL, NULL, 58),
(27, NULL, NULL, NULL, NULL, 59),
(28, NULL, NULL, NULL, NULL, 60),
(29, NULL, NULL, NULL, NULL, 61),
(30, NULL, NULL, NULL, NULL, 62),
(31, NULL, NULL, NULL, NULL, 63),
(32, NULL, NULL, NULL, NULL, 64),
(33, NULL, NULL, NULL, NULL, 65),
(34, NULL, NULL, NULL, NULL, 66),
(35, NULL, NULL, NULL, NULL, 67),
(36, NULL, NULL, NULL, NULL, 68),
(37, NULL, NULL, NULL, NULL, 69),
(38, NULL, NULL, NULL, NULL, 70),
(39, NULL, NULL, NULL, NULL, 71),
(40, NULL, NULL, NULL, NULL, 72),
(41, NULL, NULL, NULL, NULL, 73),
(42, NULL, NULL, NULL, NULL, 74),
(43, NULL, NULL, NULL, NULL, 75),
(44, NULL, NULL, NULL, NULL, 76),
(45, NULL, NULL, NULL, NULL, 77),
(46, NULL, NULL, NULL, NULL, 78),
(47, NULL, NULL, NULL, NULL, 79),
(48, NULL, NULL, NULL, NULL, 80),
(49, NULL, NULL, NULL, NULL, 81),
(50, NULL, NULL, NULL, NULL, 82),
(51, NULL, NULL, NULL, NULL, 83),
(52, NULL, NULL, NULL, NULL, 84),
(53, NULL, NULL, NULL, NULL, 85),
(54, NULL, NULL, NULL, NULL, 86),
(55, NULL, NULL, NULL, NULL, 87),
(56, NULL, NULL, NULL, NULL, 88),
(57, NULL, NULL, NULL, NULL, 89),
(58, NULL, NULL, NULL, NULL, 90),
(59, NULL, NULL, NULL, NULL, 91),
(60, NULL, NULL, NULL, NULL, 92),
(61, NULL, NULL, NULL, NULL, 93),
(62, NULL, NULL, NULL, NULL, 94),
(63, NULL, NULL, NULL, NULL, 95),
(64, NULL, NULL, NULL, NULL, 96),
(65, NULL, NULL, NULL, NULL, 97),
(66, NULL, NULL, NULL, NULL, 98),
(67, NULL, NULL, NULL, NULL, 99),
(68, NULL, NULL, NULL, NULL, 100),
(69, NULL, NULL, NULL, NULL, 101),
(70, NULL, NULL, NULL, NULL, 102),
(71, NULL, NULL, NULL, NULL, 103),
(72, NULL, NULL, NULL, NULL, 104),
(73, NULL, NULL, NULL, NULL, 105),
(74, NULL, NULL, NULL, NULL, 106),
(75, NULL, NULL, NULL, NULL, 107),
(76, NULL, NULL, NULL, NULL, 108),
(77, NULL, NULL, NULL, NULL, 109),
(78, NULL, NULL, NULL, NULL, 110),
(79, NULL, NULL, NULL, NULL, 111),
(80, NULL, NULL, NULL, NULL, 112),
(81, NULL, NULL, NULL, NULL, 113),
(82, NULL, NULL, NULL, NULL, 114),
(83, NULL, NULL, NULL, NULL, 115),
(84, NULL, NULL, NULL, NULL, 116),
(85, NULL, NULL, NULL, NULL, 117),
(86, NULL, NULL, NULL, NULL, 118),
(87, NULL, NULL, NULL, NULL, 119),
(88, NULL, NULL, NULL, NULL, 120),
(89, NULL, NULL, NULL, NULL, 121),
(90, NULL, NULL, NULL, NULL, 122),
(91, NULL, NULL, NULL, NULL, 123),
(92, NULL, NULL, NULL, NULL, 124),
(93, NULL, NULL, NULL, NULL, 125),
(94, NULL, NULL, NULL, NULL, 126),
(95, NULL, NULL, NULL, NULL, 127),
(96, NULL, NULL, NULL, NULL, 128),
(97, NULL, NULL, NULL, NULL, 129),
(98, NULL, NULL, NULL, NULL, 130),
(99, NULL, NULL, NULL, NULL, 131),
(100, NULL, NULL, NULL, NULL, 132),
(101, NULL, NULL, NULL, NULL, 133),
(102, NULL, NULL, NULL, NULL, 134),
(103, NULL, NULL, NULL, NULL, 135),
(104, NULL, NULL, NULL, NULL, 136),
(105, NULL, NULL, NULL, NULL, 137),
(106, NULL, NULL, NULL, NULL, 138),
(107, NULL, NULL, NULL, NULL, 139),
(108, NULL, NULL, NULL, NULL, 140),
(109, NULL, NULL, NULL, NULL, 141),
(110, NULL, NULL, NULL, NULL, 142),
(113, NULL, NULL, NULL, NULL, 145),
(114, NULL, NULL, NULL, NULL, 146),
(115, NULL, NULL, NULL, NULL, 147),
(116, NULL, NULL, NULL, NULL, 148),
(117, NULL, NULL, NULL, NULL, 149),
(118, NULL, NULL, NULL, NULL, 150),
(119, NULL, NULL, NULL, NULL, 151),
(120, NULL, NULL, NULL, NULL, 152),
(121, NULL, NULL, NULL, NULL, 153),
(122, NULL, NULL, NULL, NULL, 154),
(123, NULL, NULL, NULL, NULL, 155),
(124, NULL, NULL, NULL, NULL, 156),
(125, NULL, NULL, NULL, NULL, 157),
(126, NULL, NULL, NULL, NULL, 158),
(127, NULL, NULL, NULL, NULL, 159),
(128, NULL, NULL, NULL, NULL, 160),
(129, NULL, NULL, NULL, NULL, 161),
(130, NULL, NULL, NULL, NULL, 162),
(131, NULL, NULL, NULL, NULL, 163),
(132, NULL, NULL, NULL, NULL, 164),
(133, NULL, NULL, NULL, NULL, 165),
(134, NULL, NULL, NULL, NULL, 166),
(135, NULL, NULL, NULL, NULL, 167),
(136, NULL, NULL, NULL, NULL, 168),
(137, NULL, NULL, NULL, NULL, 169),
(138, NULL, NULL, NULL, NULL, 170),
(139, NULL, NULL, NULL, NULL, 171),
(140, NULL, NULL, NULL, NULL, 172),
(141, NULL, NULL, NULL, NULL, 173),
(142, NULL, NULL, NULL, NULL, 174),
(143, NULL, NULL, NULL, NULL, 175),
(144, NULL, NULL, NULL, NULL, 176),
(145, NULL, NULL, NULL, NULL, 177),
(146, NULL, NULL, NULL, NULL, 178),
(147, NULL, NULL, NULL, NULL, 179),
(148, NULL, NULL, NULL, NULL, 180),
(149, NULL, NULL, NULL, NULL, 183),
(150, NULL, NULL, NULL, NULL, 184),
(151, NULL, NULL, NULL, NULL, 185),
(152, NULL, NULL, NULL, NULL, 186),
(153, NULL, NULL, NULL, NULL, 187),
(154, NULL, NULL, NULL, NULL, 188),
(155, NULL, NULL, NULL, NULL, 189),
(156, NULL, NULL, NULL, NULL, 190),
(157, NULL, NULL, NULL, NULL, 191),
(158, NULL, NULL, NULL, NULL, 192),
(159, NULL, NULL, NULL, NULL, 193),
(160, NULL, NULL, NULL, NULL, 194),
(161, NULL, NULL, NULL, NULL, 195),
(162, NULL, NULL, NULL, NULL, 196),
(163, NULL, NULL, NULL, NULL, 197),
(164, NULL, NULL, NULL, NULL, 198),
(168, NULL, NULL, NULL, NULL, 199),
(169, NULL, NULL, NULL, NULL, 200),
(170, 'BONGKOCHch', 'PRASERTSANGch', 'MOTHERch', '086223864622', 201),
(172, NULL, NULL, NULL, NULL, 202);

-- --------------------------------------------------------

--
-- Table structure for table `student_info`
--

CREATE TABLE `student_info` (
  `s_id` int(11) NOT NULL,
  `s_fname` varchar(20) NOT NULL,
  `s_lname` varchar(20) NOT NULL,
  `thai_fname` varchar(20) DEFAULT NULL,
  `thai_lname` varchar(20) DEFAULT NULL,
  `s_dob` int(11) DEFAULT NULL,
  `date_of_birth` date DEFAULT NULL,
  `citizen_id` varchar(13) DEFAULT NULL,
  `remark` text,
  `origin_id` int(11) DEFAULT NULL,
  `type_id` int(11) DEFAULT NULL,
  `ref_id` int(11) DEFAULT NULL,
  `national_id` int(11) DEFAULT NULL,
  `title_title_id` int(11) DEFAULT NULL,
  `status_id` int(11) DEFAULT NULL
) ENGINE=InnoDB DEFAULT CHARSET=utf8;

--
-- Dumping data for table `student_info`
--

INSERT INTO `student_info` (`s_id`, `s_fname`, `s_lname`, `thai_fname`, `thai_lname`, `s_dob`, `date_of_birth`, `citizen_id`, `remark`, `origin_id`, `type_id`, `ref_id`, `national_id`, `title_title_id`, `status_id`) VALUES
(1, 'ww', 'www', NULL, NULL, NULL, NULL, NULL, NULL, NULL, NULL, NULL, NULL, 1, 1),
(596, 'SURACHET', 'KHANTHAKHET', 'สุรเชษฐ์ ', 'ขันธเขตร์', 0, NULL, NULL, NULL, NULL, NULL, NULL, NULL, 1, 5),
(597, 'KANOKWAN ', 'ANGKRATHOK', 'กนกวรรณ ', 'อังกระโทก', 0, NULL, NULL, NULL, NULL, NULL, NULL, NULL, 2, 5),
(598, 'CHOTIMA ', 'KRAJANGAIM', 'โชติมา ', 'กระจ่างเอี่ยม', 4, NULL, NULL, NULL, NULL, NULL, NULL, NULL, 2, 5),
(599, 'SASITORN ', 'SITTISRI', 'ศศิธร', 'สิทธิศรี', 4, NULL, NULL, NULL, NULL, NULL, NULL, NULL, 2, 5),
(600, 'BENJAPORN ', 'PROMMOUNWAI', 'เบญจพร ', 'พรหมหมื่นไวย', 3, NULL, NULL, NULL, NULL, NULL, NULL, NULL, 2, 5),
(601, 'THITA ', 'SONKLIN', 'ฐิตา', 'ซ่อนกลิ่น', 2, NULL, NULL, NULL, NULL, NULL, NULL, NULL, 2, 4),
(602, 'KITTIKORN ', 'WISUTTHAKORN', 'กิตติกร ', 'วิสุทธากร', 4, NULL, NULL, NULL, NULL, NULL, NULL, NULL, 1, 3),
(603, 'NOPPARAT ', 'SRIBUNNAK', 'นพรัตน', 'ศรีบุญนาค', 4, NULL, NULL, NULL, NULL, NULL, NULL, NULL, 1, 2),
(604, 'SHIQIAN ', 'WANG', 'SHIQIAN ', 'WANG', 3, NULL, NULL, NULL, NULL, NULL, NULL, NULL, 1, 1),
(739, 'KHANTHAKHET', '_______s_ ', '_________', '4', 5, NULL, NULL, NULL, NULL, NULL, NULL, NULL, NULL, 1),
(740, 'ANGKRATHOK', '_______ ', '_________', '4', 5, NULL, NULL, NULL, NULL, NULL, NULL, NULL, NULL, 2),
(741, 'KRAJANGAIM', '______ ', '_____________', '4', 5, NULL, NULL, NULL, NULL, NULL, NULL, NULL, NULL, 2),
(742, 'SITTISRI', '_____', '________', '3', 5, NULL, NULL, NULL, NULL, NULL, NULL, NULL, NULL, 2),
(743, 'PROMMOUNWAI', '______ ', '____________', '3', 5, NULL, NULL, NULL, NULL, NULL, NULL, NULL, NULL, 2),
(744, 'SONKLIN', '____', '_________', '4', 4, NULL, NULL, NULL, NULL, NULL, NULL, NULL, NULL, 2),
(745, 'WISUTTHAKORN', '_______ ', '_________', '4', 3, NULL, NULL, NULL, NULL, NULL, NULL, NULL, NULL, 1),
(746, 'SRIBUNNAK', '______', '_________', '3', 2, NULL, NULL, NULL, NULL, NULL, NULL, NULL, NULL, 1),
(747, 'WANG', 'SHIQIAN ', 'WANG', '3', 1, NULL, NULL, NULL, NULL, NULL, NULL, NULL, NULL, 1),
(751, 'KHANTHAKHET', '________ ', '_________', '4', 5, NULL, NULL, NULL, NULL, NULL, NULL, NULL, NULL, 1),
(752, 'ANGKRATHOK', '_______ ', '_________', '4', 5, NULL, NULL, NULL, NULL, NULL, NULL, NULL, NULL, 2),
(753, 'KRAJANGAIM', '______ ', '_____________', '4', 5, NULL, NULL, NULL, NULL, NULL, NULL, NULL, NULL, 2),
(754, 'SITTISRI', '_____', '________', '3', 5, NULL, NULL, NULL, NULL, NULL, NULL, NULL, NULL, 2),
(755, 'PROMMOUNWAI', '______ ', '____________', '3', 5, NULL, NULL, NULL, NULL, NULL, NULL, NULL, NULL, 2),
(756, 'SONKLIN', '____', '_________', '4', 4, NULL, NULL, NULL, NULL, NULL, NULL, NULL, NULL, 2),
(757, 'WISUTTHAKORN', '_______ ', '_________', '4', 3, NULL, NULL, NULL, NULL, NULL, NULL, NULL, NULL, 1),
(758, 'SRIBUNNAK', '______', '_________', '3', 2, NULL, NULL, NULL, NULL, NULL, NULL, NULL, NULL, 1),
(759, 'WANG', 'SHIQIAN ', 'WANG', '3', 1, NULL, NULL, NULL, NULL, NULL, NULL, NULL, NULL, 1),
(765, 'SURACHET', 'KHANTHAKHET', '________ ', '_________', 4, NULL, NULL, NULL, NULL, NULL, NULL, NULL, NULL, 5),
(766, 'KANOKWAN ', 'ANGKRATHOK', '_______ ', '_________', 4, NULL, NULL, NULL, NULL, NULL, NULL, NULL, NULL, 5),
(767, 'CHOTIMA ', 'KRAJANGAIM', '______ ', '_____________', 4, NULL, NULL, NULL, NULL, NULL, NULL, NULL, NULL, 5),
(768, 'SASITORN ', 'SITTISRI', '_____', '________', 3, NULL, NULL, NULL, NULL, NULL, NULL, NULL, NULL, 5),
(769, 'BENJAPORN ', 'PROMMOUNWAI', '______ ', '____________', 3, NULL, NULL, NULL, NULL, NULL, NULL, NULL, NULL, 5),
(770, 'THITA ', 'SONKLIN', '____', '_________', 4, NULL, NULL, NULL, NULL, NULL, NULL, NULL, NULL, 4),
(771, 'KITTIKORN ', 'WISUTTHAKORN', '_______ ', '_________', 4, NULL, NULL, NULL, NULL, NULL, NULL, NULL, NULL, 3),
(772, 'NOPPARAT ', 'SRIBUNNAK', '______', '_________', 3, NULL, NULL, NULL, NULL, NULL, NULL, NULL, NULL, 2),
(773, 'SHIQIAN ', 'WANG', 'SHIQIAN ', 'WANG', 3, NULL, NULL, NULL, NULL, NULL, NULL, NULL, NULL, 1),
(774, 'SURACHET', 'KHANTHAKHET', '________ ', '_________', 4, NULL, NULL, NULL, NULL, NULL, NULL, NULL, 1, 5),
(775, 'KANOKWAN ', 'ANGKRATHOK', '_______ ', '_________', 4, NULL, NULL, NULL, NULL, NULL, NULL, NULL, 1, 5),
(776, 'CHOTIMA ', 'KRAJANGAIM', '______ ', '_____________', 4, NULL, NULL, NULL, NULL, NULL, NULL, NULL, 1, 5),
(777, 'SASITORN ', 'SITTISRI', '_____', '________', 3, NULL, NULL, NULL, NULL, NULL, NULL, NULL, 1, 5),
(778, 'BENJAPORN ', 'PROMMOUNWAI', '______ ', '____________', 3, NULL, NULL, NULL, NULL, NULL, NULL, NULL, 2, 5),
(779, 'THITA ', 'SONKLIN', '____', '_________', 4, NULL, NULL, NULL, NULL, NULL, NULL, NULL, 2, 4),
(780, 'KITTIKORN ', 'WISUTTHAKORN', '_______ ', '_________', 4, NULL, NULL, NULL, NULL, NULL, NULL, NULL, 2, 3),
(781, 'NOPPARAT ', 'SRIBUNNAK', '______', '_________', 3, NULL, NULL, NULL, NULL, NULL, NULL, NULL, 2, 2),
(782, 'SHIQIAN ', 'WANG', 'SHIQIAN ', 'WANG', 3, NULL, NULL, NULL, NULL, NULL, NULL, NULL, 2, 1),
(784, 'SURACHET', 'KHANTHAKHET', '________ ', '_________', 4, NULL, NULL, NULL, NULL, NULL, NULL, NULL, 1, 5),
(785, 'KANOKWAN ', 'ANGKRATHOK', '_______ ', '_________', 4, NULL, NULL, NULL, NULL, NULL, NULL, NULL, 1, 5),
(786, 'CHOTIMA ', 'KRAJANGAIM', '______ ', '_____________', 4, NULL, NULL, NULL, NULL, NULL, NULL, NULL, 1, 5),
(787, 'SASITORN ', 'SITTISRI', '_____', '________', 3, NULL, NULL, NULL, NULL, NULL, NULL, NULL, 1, 5),
(788, 'BENJAPORN ', 'PROMMOUNWAI', '______ ', '____________', 3, NULL, NULL, NULL, NULL, NULL, NULL, NULL, 2, 5),
(789, 'THITA ', 'SONKLIN', '____', '_________', 4, NULL, NULL, NULL, NULL, NULL, NULL, NULL, 2, 4),
(790, 'KITTIKORN ', 'WISUTTHAKORN', '_______ ', '_________', 4, NULL, NULL, NULL, NULL, NULL, NULL, NULL, 2, 3),
(791, 'NOPPARAT ', 'SRIBUNNAK', '______', '_________', 3, NULL, NULL, NULL, NULL, NULL, NULL, NULL, 2, 2),
(792, 'SHIQIAN ', 'WANG', 'SHIQIAN ', 'WANG', 3, NULL, NULL, NULL, NULL, NULL, NULL, NULL, 2, 1),
(794, 'SURACHET', 'KHANTHAKHET', '________ ', '_________', 4, NULL, NULL, NULL, NULL, NULL, NULL, NULL, 1, 5),
(795, 'KANOKWAN ', 'ANGKRATHOK', '_______ ', '_________', 4, NULL, NULL, NULL, NULL, NULL, NULL, NULL, 1, 5),
(796, 'CHOTIMA ', 'KRAJANGAIM', '______ ', '_____________', 4, NULL, NULL, NULL, NULL, NULL, NULL, NULL, 2, 5),
(797, 'SASITORN ', 'SITTISRI', '_____', '________', 3, NULL, NULL, NULL, NULL, NULL, NULL, NULL, 2, 5),
(798, 'BENJAPORN ', 'PROMMOUNWAI', '______ ', '____________', 3, NULL, NULL, NULL, NULL, NULL, NULL, NULL, 2, 5),
(799, 'THITA ', 'SONKLIN', '____', '_________', 4, NULL, NULL, NULL, NULL, NULL, NULL, NULL, 1, 4),
(800, 'KITTIKORN ', 'WISUTTHAKORN', '_______ ', '_________', 4, NULL, NULL, NULL, NULL, NULL, NULL, NULL, 1, 3),
(801, 'NOPPARAT ', 'SRIBUNNAK', '______', '_________', 3, NULL, NULL, NULL, NULL, NULL, NULL, NULL, 2, 2),
(802, 'SHIQIAN ', 'WANG', 'SHIQIAN ', 'WANG', 3, NULL, NULL, NULL, NULL, NULL, NULL, NULL, 2, 1),
(803, 'SURACHET', 'KHANTHAKHET', '________ ', '_________', 4, NULL, NULL, NULL, NULL, NULL, NULL, NULL, 1, 1),
(804, 'KANOKWAN ', 'ANGKRATHOK', '_______ ', '_________', 4, NULL, NULL, NULL, NULL, NULL, NULL, NULL, 1, 2),
(805, 'CHOTIMA ', 'KRAJANGAIM', '______ ', '_____________', 4, NULL, NULL, NULL, NULL, NULL, NULL, NULL, 2, 3),
(806, 'SASITORN ', 'SITTISRI', '_____', '________', 3, NULL, NULL, NULL, NULL, NULL, NULL, NULL, 2, 3),
(807, 'BENJAPORN ', 'PROMMOUNWAI', '______ ', '____________', 3, NULL, NULL, NULL, NULL, NULL, NULL, NULL, 2, 4),
(808, 'THITA ', 'SONKLIN', '____', '_________', 4, NULL, NULL, NULL, NULL, NULL, NULL, NULL, 1, 4),
(809, 'KITTIKORN ', 'WISUTTHAKORN', '_______ ', '_________', 4, NULL, NULL, NULL, NULL, NULL, NULL, NULL, 1, 5),
(810, 'NOPPARAT ', 'SRIBUNNAK', '______', '_________', 3, NULL, NULL, NULL, NULL, NULL, NULL, NULL, 2, 5),
(811, 'SHIQIAN ', 'WANG', 'SHIQIAN ', 'WANG', 3, NULL, NULL, NULL, NULL, NULL, NULL, NULL, 2, 5),
(812, 'SURACHET', 'KHANTHAKHET', '________ ', '_________', 4, NULL, NULL, '812', NULL, NULL, NULL, NULL, 1, 1),
(813, 'KANOKWAN ', 'ANGKRATHOK', '_______ ', '_________', 4, NULL, NULL, '813', NULL, NULL, NULL, NULL, 1, 2),
(814, 'CHOTIMA ', 'KRAJANGAIM', '______ ', '_____________', 4, NULL, NULL, '814', NULL, NULL, NULL, NULL, 2, 3),
(815, 'SASITORN ', 'SITTISRI', '_____', '________', 3, NULL, NULL, '815', NULL, NULL, NULL, NULL, 2, 3),
(816, 'BENJAPORN ', 'PROMMOUNWAI', '______ ', '____________', 3, NULL, NULL, '816', NULL, NULL, NULL, NULL, 2, 4),
(817, 'THITA ', 'SONKLIN', '____', '_________', 4, NULL, NULL, '817', NULL, NULL, NULL, NULL, 1, 4),
(818, 'KITTIKORN ', 'WISUTTHAKORN', '_______ ', '_________', 4, NULL, NULL, '818', NULL, NULL, NULL, NULL, 1, 5),
(819, 'NOPPARAT ', 'SRIBUNNAK', '______', '_________', 3, NULL, NULL, '819', NULL, NULL, NULL, NULL, 2, 5),
(820, 'SHIQIAN ', 'WANG', 'SHIQIAN ', 'WANG', 3, NULL, NULL, '820', NULL, NULL, NULL, NULL, 2, 5),
(821, 'SURACHET', 'KHANTHAKHET', '________ ', '_________', 4, NULL, NULL, '821', NULL, NULL, NULL, NULL, 1, 1),
(822, 'KANOKWAN ', 'ANGKRATHOK', '_______ ', '_________', 4, NULL, NULL, '822', NULL, NULL, NULL, NULL, 1, 2),
(823, 'CHOTIMA ', 'KRAJANGAIM', '______ ', '_____________', 4, NULL, NULL, '823', NULL, NULL, NULL, NULL, 2, 3),
(824, 'SASITORN ', 'SITTISRI', '_____', '________', 3, NULL, NULL, '824', NULL, NULL, NULL, NULL, 2, 3),
(825, 'BENJAPORN ', 'PROMMOUNWAI', '______ ', '____________', 3, NULL, NULL, '825', NULL, NULL, NULL, NULL, 2, 4),
(826, 'THITA ', 'SONKLIN', '____', '_________', 4, NULL, NULL, '826', NULL, NULL, NULL, NULL, 1, 4),
(827, 'KITTIKORN ', 'WISUTTHAKORN', '_______ ', '_________', 4, NULL, NULL, '827', NULL, NULL, NULL, NULL, 1, 5),
(828, 'NOPPARAT ', 'SRIBUNNAK', '______', '_________', 3, NULL, NULL, '828', NULL, NULL, NULL, NULL, 2, 5),
(829, 'SHIQIAN ', 'WANG', 'SHIQIAN ', 'WANG', 3, NULL, NULL, '829', NULL, NULL, NULL, NULL, 2, 5),
(830, 'SURACHET', 'KHANTHAKHET', '________ ', '_________', 4, NULL, NULL, '830', NULL, NULL, NULL, NULL, 1, 1),
(831, 'SURACHET', 'KHANTHAKHET', '________ ', '_________', 4, NULL, NULL, '831', NULL, NULL, NULL, NULL, 1, 1),
(832, 'SURACHET', 'KHANTHAKHET', '________ ', '_________', 4, NULL, NULL, '832', NULL, NULL, NULL, NULL, 1, 1),
(833, 'SURACHET', 'KHANTHAKHET', '________ ', '_________', 4, NULL, NULL, '833', NULL, NULL, NULL, NULL, 1, 1),
(834, 'SURACHET', 'KHANTHAKHET', '________ ', '_________', 4, NULL, NULL, '834', NULL, NULL, NULL, NULL, 1, 1),
(835, 'KANOKWAN ', 'ANGKRATHOK', '_______ ', '_________', 4, NULL, NULL, '835', NULL, NULL, NULL, NULL, 1, 2),
(836, 'CHOTIMA ', 'KRAJANGAIM', '______ ', '_____________', 4, NULL, NULL, '836', NULL, NULL, NULL, NULL, 2, 3),
(837, 'SASITORN ', 'SITTISRI', '_____', '________', 3, NULL, NULL, '837', NULL, NULL, NULL, NULL, 2, 3),
(838, 'BENJAPORN ', 'PROMMOUNWAI', '______ ', '____________', 3, NULL, NULL, '838', NULL, NULL, NULL, NULL, 2, 4),
(839, 'THITA ', 'SONKLIN', '____', '_________', 4, NULL, NULL, '839', NULL, NULL, NULL, NULL, 1, 4),
(840, 'KITTIKORN ', 'WISUTTHAKORN', '_______ ', '_________', 4, NULL, NULL, '840', NULL, NULL, NULL, NULL, 1, 5),
(841, 'NOPPARAT ', 'SRIBUNNAK', '______', '_________', 3, NULL, NULL, '841', NULL, NULL, NULL, NULL, 2, 5),
(842, 'SHIQIAN ', 'WANG', 'SHIQIAN ', 'WANG', 3, NULL, NULL, '842', NULL, NULL, NULL, NULL, 2, 5),
(843, 'SURACHET', 'KHANTHAKHET', '________ ', '_________', 4, NULL, NULL, '843', NULL, NULL, NULL, NULL, 1, 1),
(844, 'SURACHET', 'KHANTHAKHET', '________ ', '_________', 4, NULL, NULL, '844', NULL, NULL, NULL, NULL, 1, 1),
(845, 'SURACHET', 'KHANTHAKHET', '________ ', '_________', 4, NULL, NULL, '845', NULL, NULL, NULL, NULL, 1, 1),
(846, 'SURACHET', 'KHANTHAKHET', '________ ', '_________', 4, NULL, NULL, '846', NULL, NULL, NULL, NULL, 1, 1),
(847, 'SURACHET', 'KHANTHAKHET', '________ ', '_________', 4, NULL, NULL, '847', NULL, NULL, NULL, NULL, 1, 1),
(848, 'SURACHET', 'KHANTHAKHET', '________ ', '_________', 4, NULL, NULL, '848', NULL, NULL, NULL, NULL, 1, 1),
(849, 'SURACHET', 'KHANTHAKHET', '________ ', '_________', 4, NULL, NULL, '849', NULL, NULL, NULL, NULL, 1, 1),
(850, 'SURACHET', 'KHANTHAKHET', '________ ', '_________', 4, NULL, NULL, '850', NULL, NULL, NULL, NULL, 1, 1),
(851, 'SURACHET', 'KHANTHAKHET', '________ ', '_________', 4, NULL, NULL, '851', NULL, NULL, NULL, NULL, 1, 1),
(852, 'SURACHET', 'KHANTHAKHET', '________ ', '_________', 4, NULL, NULL, '852', NULL, NULL, NULL, NULL, 1, 1),
(853, 'SURACHET', 'KHANTHAKHET', '________ ', '_________', 4, NULL, NULL, '853', NULL, NULL, NULL, NULL, 1, 1),
(854, 'KANOKWAN ', 'ANGKRATHOK', '_______ ', '_________', 4, NULL, NULL, '854', NULL, NULL, NULL, NULL, 1, 2),
(855, 'CHOTIMA ', 'KRAJANGAIM', '______ ', '_____________', 4, NULL, NULL, '855', NULL, NULL, NULL, NULL, 2, 3),
(856, 'SASITORN ', 'SITTISRI', '_____', '________', 3, NULL, NULL, '856', NULL, NULL, NULL, NULL, 2, 3),
(857, 'BENJAPORN ', 'PROMMOUNWAI', '______ ', '____________', 3, NULL, NULL, '857', NULL, NULL, NULL, NULL, 2, 4),
(858, 'THITA ', 'SONKLIN', '____', '_________', 4, NULL, NULL, '858', NULL, NULL, NULL, NULL, 1, 4),
(859, 'KITTIKORN ', 'WISUTTHAKORN', '_______ ', '_________', 4, NULL, NULL, '859', NULL, NULL, NULL, NULL, 1, 5),
(860, 'NOPPARAT ', 'SRIBUNNAK', '______', '_________', 3, NULL, NULL, '860', NULL, NULL, NULL, NULL, 2, 5),
(861, 'SHIQIAN ', 'WANG', 'SHIQIAN ', 'WANG', 3, NULL, NULL, '861', NULL, NULL, NULL, NULL, 2, 5),
(862, 'SURACHET', 'KHANTHAKHET', '________ ', '_________', 4, NULL, NULL, '862', NULL, NULL, NULL, NULL, 1, 1),
(863, 'SURACHET', 'KHANTHAKHET', '________ ', '_________', 4, NULL, NULL, '863', NULL, NULL, NULL, NULL, 1, 1),
(864, 'SURACHET', 'KHANTHAKHET', '________ ', '_________', 4, NULL, NULL, '864', NULL, NULL, NULL, NULL, 1, 1),
(865, 'SURACHET', 'KHANTHAKHET', '________ ', '_________', 4, NULL, NULL, '865', NULL, NULL, NULL, NULL, 1, 1),
(866, 'SURACHET', 'KHANTHAKHET', '________ ', '_________', 4, NULL, NULL, '866', NULL, NULL, NULL, NULL, 1, 1),
(867, 'SURACHET', 'KHANTHAKHET', '________ ', '_________', 4, NULL, NULL, '867', NULL, NULL, NULL, NULL, 1, 1),
(868, 'SURACHET', 'KHANTHAKHET', '________ ', '_________', 4, NULL, NULL, '868', NULL, NULL, NULL, NULL, 1, 1),
(869, 'SURACHET', 'KHANTHAKHET', '________ ', '_________', 4, NULL, NULL, '869', NULL, NULL, NULL, NULL, 1, 1),
(870, 'KANOKWAN ', 'ANGKRATHOK', '_______ ', '_________', 4, NULL, NULL, '870', NULL, NULL, NULL, NULL, 1, 2),
(871, 'CHOTIMA ', 'KRAJANGAIM', '______ ', '_____________', 4, NULL, NULL, '871', NULL, NULL, NULL, NULL, 2, 3),
(872, 'SURACHET', 'KHANTHAKHET', '________ ', '_________', 4, NULL, NULL, '872', NULL, NULL, NULL, NULL, 1, 1),
(873, 'KANOKWAN ', 'ANGKRATHOK', '_______ ', '_________', 4, NULL, NULL, '873', NULL, NULL, NULL, NULL, 1, 2),
(874, 'CHOTIMA ', 'KRAJANGAIM', '______ ', '_____________', 4, NULL, NULL, '874', NULL, NULL, NULL, NULL, 2, 3),
(875, 'SURACHET', 'KHANTHAKHET', '________ ', '_________', 4, NULL, NULL, '875', NULL, NULL, NULL, NULL, 1, 1),
(876, 'KANOKWAN ', 'ANGKRATHOK', '_______ ', '_________', 4, NULL, NULL, '876', NULL, NULL, NULL, NULL, 1, 2),
(877, 'CHOTIMA ', 'KRAJANGAIM', '______ ', '_____________', 4, NULL, NULL, '877', NULL, NULL, NULL, NULL, 2, 3),
(878, 'SURACHET', 'KHANTHAKHET', '________ ', '_________', 4, NULL, NULL, '878', NULL, NULL, NULL, NULL, 1, 1),
(879, 'KANOKWAN ', 'ANGKRATHOK', '_______ ', '_________', 4, NULL, NULL, '879', NULL, NULL, NULL, NULL, 1, 2),
(880, 'CHOTIMA ', 'KRAJANGAIM', '______ ', '_____________', 4, NULL, NULL, '880', NULL, NULL, NULL, NULL, 2, 3),
(881, 'SURACHET', 'KHANTHAKHET', '________ ', '_________', 4, NULL, NULL, '881', NULL, NULL, NULL, NULL, 1, 1),
(882, 'KANOKWAN ', 'ANGKRATHOK', '_______ ', '_________', 4, NULL, NULL, '882', NULL, NULL, NULL, NULL, 1, 2),
(883, 'CHOTIMA ', 'KRAJANGAIM', '______ ', '_____________', 4, NULL, NULL, '883', NULL, NULL, NULL, NULL, 2, 3),
(884, 'SURACHET', 'KHANTHAKHET', '________ ', '_________', 4, NULL, NULL, '884', NULL, NULL, NULL, NULL, 1, 1),
(885, 'KANOKWAN ', 'ANGKRATHOK', '_______ ', '_________', 4, NULL, NULL, '885', NULL, NULL, NULL, NULL, 1, 2),
(886, 'CHOTIMA ', 'KRAJANGAIM', '______ ', '_____________', 4, NULL, NULL, '886', NULL, NULL, NULL, NULL, 2, 3),
(889, 'SURACHET', 'KHANTHAKHET', '________ ', '_________', 4, NULL, NULL, '887', NULL, NULL, NULL, NULL, 1, 1),
(890, 'SURACHET', 'KHANTHAKHET', '________ ', '_________', 4, NULL, NULL, '890', NULL, NULL, NULL, NULL, 1, 1),
(891, 'KANOKWAN ', 'ANGKRATHOK', '_______ ', '_________', 4, NULL, NULL, '891', NULL, NULL, NULL, NULL, 1, 2),
(892, 'CHOTIMA ', 'KRAJANGAIM', '______ ', '_____________', 4, NULL, NULL, '892', NULL, NULL, NULL, NULL, 2, 3),
(893, 'SASITORN ', 'SITTISRI', '_____', '________', 3, NULL, NULL, '893', NULL, NULL, NULL, NULL, 2, 3),
(894, 'BENJAPORN ', 'PROMMOUNWAI', '______ ', '____________', 3, NULL, NULL, '894', NULL, NULL, NULL, NULL, 2, 4),
(895, 'THITA ', 'SONKLIN', '____', '_________', 4, NULL, NULL, '895', NULL, NULL, NULL, NULL, 1, 4),
(896, 'KITTIKORN ', 'WISUTTHAKORN', '_______ ', '_________', 4, NULL, NULL, '896', NULL, NULL, NULL, NULL, 1, 5),
(897, 'NOPPARAT ', 'SRIBUNNAK', '______', '_________', 3, NULL, NULL, '897', NULL, NULL, NULL, NULL, 2, 5),
(898, 'SHIQIAN ', 'WANG', 'SHIQIAN ', 'WANG', 3, NULL, NULL, '898', NULL, NULL, NULL, NULL, 2, 5),
(899, 'SURACHET', 'KHANTHAKHET', '________ ', '_________', 4, NULL, NULL, '899', NULL, NULL, NULL, NULL, 1, 1),
(900, 'SURACHET', 'KHANTHAKHET', '________ ', '_________', 4, NULL, NULL, '900', NULL, NULL, NULL, NULL, 1, 1),
(901, 'KANOKWAN ', 'ANGKRATHOK', '_______ ', '_________', 4, NULL, NULL, '901', NULL, NULL, NULL, NULL, 1, 2),
(902, 'CHOTIMA ', 'KRAJANGAIM', '______ ', '_____________', 4, NULL, NULL, '902', NULL, NULL, NULL, NULL, 2, 3),
(903, 'SURACHET', 'KHANTHAKHET', '________ ', '_________', 4, NULL, NULL, '903', NULL, NULL, NULL, NULL, 1, 1),
(904, 'SURACHET', 'KHANTHAKHET', '________ ', '_________', 4, NULL, NULL, '904', NULL, NULL, NULL, NULL, 1, 1),
(905, 'KANOKWAN ', 'ANGKRATHOK', '_______ ', '_________', 4, NULL, NULL, '905', NULL, NULL, NULL, NULL, 1, 2),
(906, 'CHOTIMA ', 'KRAJANGAIM', '______ ', '_____________', 4, NULL, NULL, '906', NULL, NULL, NULL, NULL, 2, 3),
(907, 'SURACHET', 'KHANTHAKHET', '________ ', '_________', 4, NULL, NULL, '907', NULL, NULL, NULL, NULL, 1, 1),
(908, 'KANOKWAN ', 'ANGKRATHOK', '_______ ', '_________', 4, NULL, NULL, '908', NULL, NULL, NULL, NULL, 1, 2),
(909, 'CHOTIMA ', 'KRAJANGAIM', '______ ', '_____________', 4, NULL, NULL, '909', NULL, NULL, NULL, NULL, 2, 3),
(910, 'SURACHET', 'KHANTHAKHET', '________ ', '_________', 4, NULL, NULL, '910', NULL, NULL, NULL, NULL, 1, 1),
(911, 'KANOKWAN ', 'ANGKRATHOK', '_______ ', '_________', 4, NULL, NULL, '911', NULL, NULL, NULL, NULL, 1, 2),
(912, 'CHOTIMA ', 'KRAJANGAIM', '______ ', '_____________', 4, NULL, NULL, '912', NULL, NULL, NULL, NULL, 2, 3),
(913, 'SURACHET', 'KHANTHAKHET', '________ ', '_________', 4, NULL, NULL, '913', NULL, NULL, NULL, NULL, 1, 1),
(914, 'KANOKWAN ', 'ANGKRATHOK', '_______ ', '_________', 4, NULL, NULL, '914', NULL, NULL, NULL, NULL, 1, 2),
(915, 'CHOTIMA ', 'KRAJANGAIM', '______ ', '_____________', 4, NULL, NULL, '915', NULL, NULL, NULL, NULL, 2, 3),
(916, 'SASITORN ', 'SITTISRI', '_____', '________', 3, NULL, NULL, '916', NULL, NULL, NULL, NULL, 2, 3),
(917, 'SURACHET', 'KHANTHAKHET', '________ ', '_________', 4, NULL, NULL, '917', NULL, NULL, NULL, NULL, 1, 1),
(918, 'KANOKWAN ', 'ANGKRATHOK', '_______ ', '_________', 4, NULL, NULL, '918', NULL, NULL, NULL, NULL, 1, 2),
(919, 'CHOTIMA ', 'KRAJANGAIM', '______ ', '_____________', 4, NULL, NULL, '919', NULL, NULL, NULL, NULL, 2, 3),
(920, 'SURACHET', 'KHANTHAKHET', '________ ', '_________', 4, NULL, NULL, '920', NULL, NULL, NULL, NULL, 1, 1),
(921, 'KANOKWAN ', 'ANGKRATHOK', '_______ ', '_________', 4, NULL, NULL, '921', NULL, NULL, NULL, NULL, 1, 2),
(922, 'CHOTIMA ', 'KRAJANGAIM', '______ ', '_____________', 4, NULL, NULL, '922', NULL, NULL, NULL, NULL, 2, 3),
(923, 'SURACHET', 'KHANTHAKHET', '________ ', '_________', 4, NULL, NULL, '923', NULL, NULL, NULL, NULL, 1, 1),
(924, 'KANOKWAN ', 'ANGKRATHOK', '_______ ', '_________', 4, NULL, NULL, '924', NULL, NULL, NULL, NULL, 1, 2),
(925, 'CHOTIMA ', 'KRAJANGAIM', '______ ', '_____________', 4, NULL, NULL, '925', NULL, NULL, NULL, NULL, 2, 3),
(926, 'SASITORN ', 'SITTISRI', '_____', '________', 3, NULL, NULL, '926', NULL, NULL, NULL, NULL, 2, 3),
(927, 'SURACHET', 'KHANTHAKHET', '________ ', '_________', 4, NULL, NULL, '927', NULL, NULL, NULL, NULL, 1, 1),
(928, 'KANOKWAN ', 'ANGKRATHOK', '_______ ', '_________', 4, NULL, NULL, '928', NULL, NULL, NULL, NULL, 1, 2),
(929, 'CHOTIMA ', 'KRAJANGAIM', '______ ', '_____________', 4, NULL, NULL, '929', NULL, NULL, NULL, NULL, 2, 3),
(930, 'SASITORN ', 'SITTISRI', '_____', '________', 3, NULL, NULL, '930', NULL, NULL, NULL, NULL, 2, 3),
(931, 'BENJAPORN ', 'PROMMOUNWAI', '______ ', '____________', 3, NULL, NULL, '931', NULL, NULL, NULL, NULL, 2, 4),
(932, 'SURACHET', 'KHANTHAKHET', '________ ', '_________', 4, NULL, NULL, '932', NULL, NULL, NULL, NULL, 1, 1),
(933, 'KANOKWAN ', 'ANGKRATHOK', '_______ ', '_________', 4, NULL, NULL, '933', NULL, NULL, NULL, NULL, 1, 2),
(934, 'CHOTIMA ', 'KRAJANGAIM', '______ ', '_____________', 4, NULL, NULL, '934', NULL, NULL, NULL, NULL, 2, 3),
(935, 'SASITORN ', 'SITTISRI', '_____', '________', 3, NULL, NULL, '935', NULL, NULL, NULL, NULL, 2, 3),
(936, 'BENJAPORN ', 'PROMMOUNWAI', '______ ', '____________', 3, NULL, NULL, '936', NULL, NULL, NULL, NULL, 2, 4),
(937, 'THITA ', 'SONKLIN', '____', '_________', 4, NULL, NULL, '937', NULL, NULL, NULL, NULL, 1, 4),
(938, 'KITTIKORN ', 'WISUTTHAKORN', '_______ ', '_________', 4, NULL, NULL, '938', NULL, NULL, NULL, NULL, 1, 5),
(939, 'NOPPARAT ', 'SRIBUNNAK', '______', '_________', 3, NULL, NULL, '939', NULL, NULL, NULL, NULL, 2, 5),
(940, 'SHIQIAN ', 'WANG', 'SHIQIAN ', 'WANG', 3, NULL, NULL, '940', NULL, NULL, NULL, NULL, 2, 5),
(941, 'SURACHET', 'KHANTHAKHET', '________ ', '_________', 4, NULL, NULL, '941', NULL, NULL, NULL, NULL, 1, 1),
(942, 'KANOKWAN ', 'ANGKRATHOK', '_______ ', '_________', 4, NULL, NULL, '942', NULL, NULL, NULL, NULL, 1, 2),
(943, 'CHOTIMA ', 'KRAJANGAIM', '______ ', '_____________', 4, NULL, NULL, '943', NULL, NULL, NULL, NULL, 2, 3),
(944, 'SASITORN ', 'SITTISRI', '_____', '________', 3, NULL, NULL, '944', NULL, NULL, NULL, NULL, 2, 3),
(945, 'BENJAPORN ', 'PROMMOUNWAI', '______ ', '____________', 3, NULL, NULL, '945', NULL, NULL, NULL, NULL, 2, 4),
(946, 'THITA ', 'SONKLIN', '____', '_________', 4, NULL, NULL, '946', NULL, NULL, NULL, NULL, 1, 4),
(947, 'KITTIKORN ', 'WISUTTHAKORN', '_______ ', '_________', 4, NULL, NULL, '947', NULL, NULL, NULL, NULL, 1, 5),
(948, 'NOPPARAT ', 'SRIBUNNAK', '______', '_________', 3, NULL, NULL, '948', NULL, NULL, NULL, NULL, 2, 5),
(949, 'SHIQIAN ', 'WANG', 'SHIQIAN ', 'WANG', 3, NULL, NULL, '949', NULL, NULL, NULL, NULL, 2, 5),
(950, 'SURACHET', 'KHANTHAKHET', '________ ', '_________', 4, NULL, NULL, '950', NULL, NULL, NULL, NULL, 1, 1),
(951, 'KANOKWAN ', 'ANGKRATHOK', '_______ ', '_________', 4, NULL, NULL, '951', NULL, NULL, NULL, NULL, 1, 2),
(952, 'CHOTIMA ', 'KRAJANGAIM', '______ ', '_____________', 4, NULL, NULL, '952', NULL, NULL, NULL, NULL, 2, 3),
(953, 'SASITORN ', 'SITTISRI', '_____', '________', 3, NULL, NULL, '953', NULL, NULL, NULL, NULL, 2, 3),
(954, 'BENJAPORN ', 'PROMMOUNWAI', '______ ', '____________', 3, NULL, NULL, '954', NULL, NULL, NULL, NULL, 2, 4),
(955, 'THITA ', 'SONKLIN', '____', '_________', 4, NULL, NULL, '955', NULL, NULL, NULL, NULL, 1, 4),
(956, 'KITTIKORN ', 'WISUTTHAKORN', '_______ ', '_________', 4, NULL, NULL, '956', NULL, NULL, NULL, NULL, 1, 5),
(957, 'SURACHET', 'KHANTHAKHET', '________ ', '_________', 4, NULL, NULL, '957', NULL, NULL, NULL, NULL, 1, 1),
(958, 'KANOKWAN ', 'ANGKRATHOK', '_______ ', '_________', 4, NULL, NULL, '958', NULL, NULL, NULL, NULL, 1, 2),
(959, 'CHOTIMA ', 'KRAJANGAIM', '______ ', '_____________', 4, NULL, NULL, '959', NULL, NULL, NULL, NULL, 2, 3),
(960, 'SASITORN ', 'SITTISRI', '_____', '________', 3, NULL, NULL, '960', NULL, NULL, NULL, NULL, 2, 3),
(961, 'BENJAPORN ', 'PROMMOUNWAI', '______ ', '____________', 3, NULL, NULL, '961', NULL, NULL, NULL, NULL, 2, 4),
(962, 'THITA ', 'SONKLIN', '____', '_________', 4, NULL, NULL, '962', NULL, NULL, NULL, NULL, 1, 4),
(963, 'KITTIKORN ', 'WISUTTHAKORN', '_______ ', '_________', 4, NULL, NULL, '963', NULL, NULL, NULL, NULL, 1, 5),
(964, 'NOPPARAT ', 'SRIBUNNAK', '______', '_________', 3, NULL, NULL, '964', NULL, NULL, NULL, NULL, 2, 5),
(965, 'SHIQIAN ', 'WANG', 'SHIQIAN ', 'WANG', 3, NULL, NULL, '965', NULL, NULL, NULL, NULL, 2, 5),
(966, 'SURACHET', 'KHANTHAKHET', '________ ', '_________', 4, NULL, NULL, '966', NULL, NULL, NULL, NULL, 1, 1),
(967, 'KANOKWAN ', 'ANGKRATHOK', '_______ ', '_________', 4, NULL, NULL, '967', NULL, NULL, NULL, NULL, 1, 2),
(968, 'CHOTIMA ', 'KRAJANGAIM', '______ ', '_____________', 4, NULL, NULL, '968', NULL, NULL, NULL, NULL, 2, 3),
(969, 'SASITORN ', 'SITTISRI', '_____', '________', 3, NULL, NULL, '969', NULL, NULL, NULL, NULL, 2, 3),
(970, 'BENJAPORN ', 'PROMMOUNWAI', '______ ', '____________', 3, NULL, NULL, '970', NULL, NULL, NULL, NULL, 2, 4),
(971, 'THITA ', 'SONKLIN', '____', '_________', 4, NULL, NULL, '971', NULL, NULL, NULL, NULL, 1, 4),
(972, 'KITTIKORN ', 'WISUTTHAKORN', '_______ ', '_________', 4, NULL, NULL, '972', NULL, NULL, NULL, NULL, 1, 5),
(973, 'NOPPARAT ', 'SRIBUNNAK', '______', '_________', 3, NULL, NULL, '973', NULL, NULL, NULL, NULL, 2, 5),
(974, 'SHIQIAN ', 'WANG', 'SHIQIAN ', 'WANG', 3, NULL, NULL, '974', NULL, NULL, NULL, NULL, 2, 5),
(975, 'SURACHET', 'KHANTHAKHET', '________ ', '_________', 4, NULL, NULL, '975', NULL, NULL, NULL, NULL, 1, 1),
(976, 'KANOKWAN ', 'ANGKRATHOK', '_______ ', '_________', 4, NULL, NULL, '976', NULL, NULL, NULL, NULL, 1, 2),
(977, 'CHOTIMA ', 'KRAJANGAIM', '______ ', '_____________', 4, NULL, NULL, '977', NULL, NULL, NULL, NULL, 2, 3),
(978, 'SASITORN ', 'SITTISRI', '_____', '________', 3, NULL, NULL, '978', NULL, NULL, NULL, NULL, 2, 3),
(979, 'BENJAPORN ', 'PROMMOUNWAI', '______ ', '____________', 3, NULL, NULL, '979', NULL, NULL, NULL, NULL, 2, 4),
(980, 'THITA ', 'SONKLIN', '____', '_________', 4, NULL, NULL, '980', NULL, NULL, NULL, NULL, 1, 4),
(981, 'KITTIKORN ', 'WISUTTHAKORN', '_______ ', '_________', 4, NULL, NULL, '981', NULL, NULL, NULL, NULL, 1, 5),
(982, 'NOPPARAT ', 'SRIBUNNAK', '______', '_________', 3, NULL, NULL, '982', NULL, NULL, NULL, NULL, 2, 5),
(983, 'SHIQIAN ', 'WANG', 'SHIQIAN ', 'WANG', 3, NULL, NULL, '983', NULL, NULL, NULL, NULL, 2, 5),
(984, 'SURACHET', 'KHANTHAKHET', '________ ', '_________', 4, NULL, NULL, '984', NULL, NULL, NULL, NULL, 1, 1),
(985, 'KANOKWAN ', 'ANGKRATHOK', '_______ ', '_________', 4, NULL, NULL, '985', NULL, NULL, NULL, NULL, 1, 2),
(986, 'CHOTIMA ', 'KRAJANGAIM', '______ ', '_____________', 4, NULL, NULL, '986', NULL, NULL, NULL, NULL, 2, 3),
(987, 'SASITORN ', 'SITTISRI', '_____', '________', 3, NULL, NULL, '987', NULL, NULL, NULL, NULL, 2, 3),
(988, 'BENJAPORN ', 'PROMMOUNWAI', '______ ', '____________', 3, NULL, NULL, '988', NULL, NULL, NULL, NULL, 2, 4),
(989, 'THITA ', 'SONKLIN', '____', '_________', 4, NULL, NULL, '989', NULL, NULL, NULL, NULL, 1, 4),
(990, 'KITTIKORN ', 'WISUTTHAKORN', '_______ ', '_________', 4, NULL, NULL, '990', NULL, NULL, NULL, NULL, 1, 5),
(991, 'NOPPARAT ', 'SRIBUNNAK', '______', '_________', 3, NULL, NULL, '991', NULL, NULL, NULL, NULL, 2, 5),
(992, 'SHIQIAN ', 'WANG', 'SHIQIAN ', 'WANG', 3, NULL, NULL, '992', NULL, NULL, NULL, NULL, 2, 5),
(993, 'SURACHET', 'KHANTHAKHET', '________ ', '_________', 4, NULL, NULL, '993', NULL, NULL, NULL, NULL, 1, 1),
(994, 'KANOKWAN ', 'ANGKRATHOK', '_______ ', '_________', 4, NULL, NULL, '994', NULL, NULL, NULL, NULL, 1, 2),
(995, 'CHOTIMA ', 'KRAJANGAIM', '______ ', '_____________', 4, NULL, NULL, '995', NULL, NULL, NULL, NULL, 2, 3),
(996, 'SASITORN ', 'SITTISRI', '_____', '________', 3, NULL, NULL, '996', NULL, NULL, NULL, NULL, 2, 3),
(997, 'BENJAPORN ', 'PROMMOUNWAI', '______ ', '____________', 3, NULL, NULL, '997', NULL, NULL, NULL, NULL, 2, 4),
(998, 'THITA ', 'SONKLIN', '____', '_________', 4, NULL, NULL, '998', NULL, NULL, NULL, NULL, 1, 4),
(999, 'KITTIKORN ', 'WISUTTHAKORN', '_______ ', '_________', 4, NULL, NULL, '999', NULL, NULL, NULL, NULL, 1, 5),
(1000, 'NOPPARAT ', 'SRIBUNNAK', '______', '_________', 3, NULL, NULL, '1000', NULL, NULL, NULL, NULL, 2, 5),
(1001, 'SHIQIAN ', 'WANG', 'SHIQIAN ', 'WANG', 3, NULL, NULL, '1001', NULL, NULL, NULL, NULL, 2, 5),
(1002, 'SURACHET', 'KHANTHAKHET', '________ ', '_________', 4, NULL, NULL, '1002', NULL, NULL, NULL, NULL, 1, 1),
(1003, 'KANOKWAN ', 'ANGKRATHOK', '_______ ', '_________', 4, NULL, NULL, '1003', NULL, NULL, NULL, NULL, 1, 2),
(1004, 'CHOTIMA ', 'KRAJANGAIM', '______ ', '_____________', 4, NULL, NULL, '1004', NULL, NULL, NULL, NULL, 2, 3),
(1005, 'SASITORN ', 'SITTISRI', '_____', '________', 3, NULL, NULL, '1005', NULL, NULL, NULL, NULL, 2, 3),
(1006, 'BENJAPORN ', 'PROMMOUNWAI', '______ ', '____________', 3, NULL, NULL, '1006', NULL, NULL, NULL, NULL, 2, 4),
(1007, 'THITA ', 'SONKLIN', '____', '_________', 4, NULL, NULL, '1007', NULL, NULL, NULL, NULL, 1, 4),
(1008, 'KITTIKORN ', 'WISUTTHAKORN', '_______ ', '_________', 4, NULL, NULL, '1008', NULL, NULL, NULL, NULL, 1, 5),
(1009, 'NOPPARAT ', 'SRIBUNNAK', '______', '_________', 3, NULL, NULL, '1009', NULL, NULL, NULL, NULL, 2, 5),
(1010, 'SHIQIAN ', 'WANG', 'SHIQIAN ', 'WANG', 3, NULL, NULL, '1010', NULL, NULL, NULL, NULL, 2, 5),
(1011, 'SURACHET', 'KHANTHAKHET', '________ ', '_________', 4, NULL, NULL, '1011', NULL, NULL, NULL, NULL, 1, 1),
(1012, 'KANOKWAN ', 'ANGKRATHOK', '_______ ', '_________', 4, NULL, NULL, '1012', NULL, NULL, NULL, NULL, 1, 2),
(1013, 'CHOTIMA ', 'KRAJANGAIM', '______ ', '_____________', 4, NULL, NULL, '1013', NULL, NULL, NULL, NULL, 2, 3),
(1014, 'SASITORN ', 'SITTISRI', '_____', '________', 3, NULL, NULL, '1014', NULL, NULL, NULL, NULL, 2, 3),
(1015, 'BENJAPORN ', 'PROMMOUNWAI', '______ ', '____________', 3, NULL, NULL, '1015', NULL, NULL, NULL, NULL, 2, 4),
(1016, 'THITA ', 'SONKLIN', '____', '_________', 4, NULL, NULL, '1016', NULL, NULL, NULL, NULL, 1, 4),
(1017, 'KITTIKORN ', 'WISUTTHAKORN', '_______ ', '_________', 4, NULL, NULL, '1017', NULL, NULL, NULL, NULL, 1, 5),
(1018, 'NOPPARAT ', 'SRIBUNNAK', '______', '_________', 3, NULL, NULL, '1018', NULL, NULL, NULL, NULL, 2, 5),
(1019, 'SHIQIAN ', 'WANG', 'SHIQIAN ', 'WANG', 3, NULL, NULL, '1019', NULL, NULL, NULL, NULL, 2, 5),
(1020, 'SURACHET', 'KHANTHAKHET', '________ ', '_________', 4, NULL, NULL, '1020', NULL, NULL, NULL, NULL, 1, 1),
(1021, 'KANOKWAN ', 'ANGKRATHOK', '_______ ', '_________', 4, NULL, NULL, '1021', NULL, NULL, NULL, NULL, 1, 2),
(1022, 'CHOTIMA ', 'KRAJANGAIM', '______ ', '_____________', 4, NULL, NULL, '1022', NULL, NULL, NULL, NULL, 2, 3),
(1023, 'SASITORN ', 'SITTISRI', '_____', '________', 3, NULL, NULL, '1023', NULL, NULL, NULL, NULL, 2, 3),
(1024, 'BENJAPORN ', 'PROMMOUNWAI', '______ ', '____________', 3, NULL, NULL, '1024', NULL, NULL, NULL, NULL, 2, 4),
(1025, 'THITA ', 'SONKLIN', '____', '_________', 4, NULL, NULL, '1025', NULL, NULL, NULL, NULL, 1, 4),
(1026, 'KITTIKORN ', 'WISUTTHAKORN', '_______ ', '_________', 4, NULL, NULL, '1026', NULL, NULL, NULL, NULL, 1, 5),
(1027, 'NOPPARAT ', 'SRIBUNNAK', '______', '_________', 3, NULL, NULL, '1027', NULL, NULL, NULL, NULL, 2, 5),
(1028, 'SHIQIAN ', 'WANG', 'SHIQIAN ', 'WANG', 3, NULL, NULL, '1028', NULL, NULL, NULL, NULL, 2, 5),
(1029, 'SURACHET', 'KHANTHAKHET', '________ ', '_________', 4, NULL, NULL, '1029', NULL, NULL, NULL, NULL, 1, 1),
(1030, 'SURACHET', 'KHANTHAKHET', '________ ', '_________', 4, NULL, NULL, '1030', NULL, NULL, NULL, NULL, 1, 1),
(1031, 'SURACHET', 'KHANTHAKHET', '________ ', '_________', 4, NULL, NULL, '1031', NULL, NULL, NULL, NULL, 1, 1),
(1032, 'SURACHET', 'KHANTHAKHET', '________ ', '_________', 4, NULL, NULL, '1032', NULL, NULL, NULL, NULL, 1, 1),
(1033, 'SURACHET', 'KHANTHAKHET', '________ ', '_________', 4, NULL, NULL, '1033', NULL, NULL, NULL, NULL, 1, 1),
(1034, 'SURACHET', 'KHANTHAKHET', '________ ', '_________', 4, NULL, NULL, '1034', NULL, NULL, NULL, NULL, 1, 1),
(1035, 'SURACHET', 'KHANTHAKHET', '________ ', '_________', 4, NULL, NULL, '1035', NULL, NULL, NULL, NULL, 1, 1),
(1036, 'SURACHET', 'KHANTHAKHET', '________ ', '_________', 4, NULL, NULL, '1036', NULL, NULL, NULL, NULL, 1, 1),
(1037, 'SURACHET', 'KHANTHAKHET', '________ ', '_________', 4, NULL, NULL, '1037', NULL, NULL, NULL, NULL, 1, 1),
(1038, 'SURACHET', 'KHANTHAKHET', '________ ', '_________', 4, NULL, NULL, '1038', NULL, NULL, NULL, NULL, 1, 1),
(1039, 'SURACHET', 'KHANTHAKHET', '________ ', '_________', 4, NULL, NULL, '1039', NULL, NULL, NULL, NULL, 1, 1),
(1040, 'SURACHET', 'KHANTHAKHET', '________ ', '_________', 4, NULL, NULL, '1040', NULL, NULL, NULL, NULL, 1, 1),
(1041, 'SURACHET', 'KHANTHAKHET', '________ ', '_________', 4, NULL, NULL, '1041', NULL, NULL, NULL, NULL, 1, 1),
(1042, 'KANOKWAN ', 'ANGKRATHOK', '_______ ', '_________', 4, NULL, NULL, '1042', NULL, NULL, NULL, NULL, 1, 2),
(1043, 'CHOTIMA ', 'KRAJANGAIM', '______ ', '_____________', 4, NULL, NULL, '1043', NULL, NULL, NULL, NULL, 2, 3),
(1044, 'SASITORN ', 'SITTISRI', '_____', '________', 3, NULL, NULL, '1044', NULL, NULL, NULL, NULL, 2, 3),
(1045, 'BENJAPORN ', 'PROMMOUNWAI', '______ ', '____________', 3, NULL, NULL, '1045', NULL, NULL, NULL, NULL, 2, 4),
(1046, 'THITA ', 'SONKLIN', '____', '_________', 4, NULL, NULL, '1046', NULL, NULL, NULL, NULL, 1, 4),
(1047, 'KITTIKORN ', 'WISUTTHAKORN', '_______ ', '_________', 4, NULL, NULL, '1047', NULL, NULL, NULL, NULL, 1, 5),
(1048, 'NOPPARAT ', 'SRIBUNNAK', '______', '_________', 0, NULL, NULL, '1048', NULL, NULL, NULL, NULL, 2, 5),
(1049, 'SHIQIAN ', 'WANG', 'SHIQIAN ', 'WANG', 0, NULL, NULL, '1049', NULL, NULL, NULL, NULL, 2, 5),
(1050, 'SURACHET', 'KHANTHAKHET', '________ ', '_________', 4, NULL, NULL, '1050', NULL, NULL, NULL, NULL, 1, 1),
(1051, 'KANOKWAN ', 'ANGKRATHOK', '_______ ', '_________', 4, NULL, NULL, '1051', NULL, NULL, NULL, NULL, 1, 2),
(1052, 'CHOTIMA ', 'KRAJANGAIM', '______ ', '_____________', 4, NULL, NULL, '1052', NULL, NULL, NULL, NULL, 2, 3),
(1053, 'SASITORN ', 'SITTISRI', '_____', '________', 3, NULL, NULL, '1053', NULL, NULL, NULL, NULL, 2, 3),
(1054, 'BENJAPORN ', 'PROMMOUNWAI', '______ ', '____________', 3, NULL, NULL, '1054', NULL, NULL, NULL, NULL, 2, 4),
(1055, 'THITA ', 'SONKLIN', '____', '_________', 4, NULL, NULL, '1055', NULL, NULL, NULL, NULL, 1, 4),
(1056, 'KITTIKORN ', 'WISUTTHAKORN', '_______ ', '_________', 4, NULL, NULL, '1056', NULL, NULL, NULL, NULL, 1, 5),
(1057, 'NOPPARAT ', 'SRIBUNNAK', '______', '_________', 0, NULL, NULL, '1057', NULL, NULL, NULL, NULL, 2, 5),
(1058, 'SHIQIAN ', 'WANG', 'SHIQIAN ', 'WANG', 0, NULL, NULL, '1058', NULL, NULL, NULL, NULL, 2, 5),
(1059, 'SURACHET', 'KHANTHAKHET', '________ ', '_________', 4, NULL, NULL, '1059', NULL, NULL, NULL, NULL, 1, 1),
(1060, 'KANOKWAN ', 'ANGKRATHOK', '_______ ', '_________', 4, NULL, NULL, '1060', NULL, NULL, NULL, NULL, 1, 2),
(1061, 'SURACHET', 'KHANTHAKHET', '________ ', '_________', 4, NULL, NULL, '1061', NULL, NULL, NULL, NULL, 1, 1),
(1062, 'SURACHET', 'KHANTHAKHET', '________ ', '_________', 4, NULL, NULL, '1062', NULL, NULL, NULL, NULL, 1, 1),
(1063, 'SURACHET', 'KHANTHAKHET', '________ ', '_________', 4, NULL, NULL, '1063', NULL, NULL, NULL, NULL, 1, 1),
(1064, 'SURACHET', 'KHANTHAKHET', '________ ', '_________', 4, NULL, NULL, '1064', NULL, NULL, NULL, NULL, 1, 1),
(1065, 'SURACHET', 'KHANTHAKHET', '________ ', '_________', 4, NULL, NULL, '1065', NULL, NULL, NULL, NULL, 1, 1),
(1066, 'SURACHET', 'KHANTHAKHET', '________ ', '_________', 4, NULL, NULL, '1066', NULL, NULL, NULL, NULL, 1, 1),
(1067, 'SURACHET', 'KHANTHAKHET', '________ ', '_________', 4, NULL, NULL, '1067', NULL, NULL, NULL, NULL, 1, 1),
(1068, 'SURACHET', 'KHANTHAKHET', '________ ', '_________', 4, NULL, NULL, '1068', NULL, NULL, NULL, NULL, 1, 1),
(1069, 'SURACHET', 'KHANTHAKHET', '________ ', '_________', 4, NULL, NULL, '1069', NULL, NULL, NULL, NULL, 1, 1),
(1070, 'KANOKWAN ', 'ANGKRATHOK', '_______ ', '_________', 4, NULL, NULL, '1070', NULL, NULL, NULL, NULL, 1, 2),
(1071, 'CHOTIMA ', 'KRAJANGAIM', '______ ', '_____________', 4, NULL, NULL, '1071', NULL, NULL, NULL, NULL, 2, 3),
(1072, 'SASITORN ', 'SITTISRI', '_____', '________', 3, NULL, NULL, '1072', NULL, NULL, NULL, NULL, 2, 3),
(1073, 'BENJAPORN ', 'PROMMOUNWAI', '______ ', '____________', 3, NULL, NULL, '1073', NULL, NULL, NULL, NULL, 2, 4),
(1074, 'THITA ', 'SONKLIN', '____', '_________', 4, NULL, NULL, '1074', NULL, NULL, NULL, NULL, 1, 4),
(1075, 'KITTIKORN ', 'WISUTTHAKORN', '_______ ', '_________', 4, NULL, NULL, '1075', NULL, NULL, NULL, NULL, 1, 5),
(1076, 'NOPPARAT ', 'SRIBUNNAK', '______', '_________', 0, NULL, NULL, '1076', NULL, NULL, NULL, NULL, 2, 5),
(1077, 'SHIQIAN ', 'WANG', 'SHIQIAN ', 'WANG', 0, NULL, NULL, '1077', NULL, NULL, NULL, NULL, 2, 5),
(1078, 'SURACHET', 'KHANTHAKHET', '________ ', '_________', 4, NULL, NULL, '1078', NULL, NULL, NULL, NULL, 1, 1),
(1079, 'KANOKWAN ', 'ANGKRATHOK', '_______ ', '_________', 4, NULL, NULL, '1079', NULL, NULL, NULL, NULL, 1, 2),
(1080, 'CHOTIMA ', 'KRAJANGAIM', '______ ', '_____________', 4, NULL, NULL, '1080', NULL, NULL, NULL, NULL, 2, 3),
(1081, 'SASITORN ', 'SITTISRI', '_____', '________', 3, NULL, NULL, '1081', NULL, NULL, NULL, NULL, 2, 3),
(1082, 'BENJAPORN ', 'PROMMOUNWAI', '______ ', '____________', 3, NULL, NULL, '1082', NULL, NULL, NULL, NULL, 2, 4),
(1083, 'THITA ', 'SONKLIN', '____', '_________', 4, NULL, NULL, '1083', NULL, NULL, NULL, NULL, 1, 4),
(1084, 'KITTIKORN ', 'WISUTTHAKORN', '_______ ', '_________', 4, NULL, NULL, '1084', NULL, NULL, NULL, NULL, 1, 5),
(1085, 'NOPPARAT ', 'SRIBUNNAK', '______', '_________', 0, NULL, NULL, '1085', NULL, NULL, NULL, NULL, 2, 5),
(1086, 'SHIQIAN ', 'WANG', 'SHIQIAN ', 'WANG', 0, NULL, NULL, '1086', NULL, NULL, NULL, NULL, 2, 5),
(1087, 'SURACHET', 'KHANTHAKHET', '________ ', '_________', 4, NULL, NULL, '1087', NULL, NULL, NULL, NULL, 1, 1),
(1088, 'SURACHET', 'KHANTHAKHET', '________ ', '_________', 4, NULL, NULL, '1088', NULL, NULL, NULL, NULL, 1, 1),
(1089, 'SURACHET', 'KHANTHAKHET', '________ ', '_________', 4, NULL, NULL, '1089', NULL, NULL, NULL, NULL, 1, 1),
(1090, 'SURACHET', 'KHANTHAKHET', '________ ', '_________', 4, NULL, NULL, '1090', NULL, NULL, NULL, NULL, 1, 1),
(1091, 'SURACHET', 'KHANTHAKHET', '________ ', '_________', 4, NULL, NULL, '1091', NULL, NULL, NULL, NULL, 1, 1),
(1092, 'SURACHET', 'KHANTHAKHET', '________ ', '_________', 4, NULL, NULL, '1092', NULL, NULL, NULL, NULL, 1, 1),
(1093, 'KANOKWAN ', 'ANGKRATHOK', '_______ ', '_________', 4, NULL, NULL, '1093', NULL, NULL, NULL, NULL, 1, 2),
(1094, 'CHOTIMA ', 'KRAJANGAIM', '______ ', '_____________', 4, NULL, NULL, '1094', NULL, NULL, NULL, NULL, 2, 3),
(1095, 'SASITORN ', 'SITTISRI', '_____', '________', 3, NULL, NULL, '1095', NULL, NULL, NULL, NULL, 2, 3),
(1096, 'BENJAPORN ', 'PROMMOUNWAI', '______ ', '____________', 3, NULL, NULL, '1096', NULL, NULL, NULL, NULL, 2, 4),
(1097, 'THITA ', 'SONKLIN', '____', '_________', 4, NULL, NULL, '1097', NULL, NULL, NULL, NULL, 1, 4),
(1098, 'KITTIKORN ', 'WISUTTHAKORN', '_______ ', '_________', 4, NULL, NULL, '1098', NULL, NULL, NULL, NULL, 1, 5),
(1099, 'NOPPARAT ', 'SRIBUNNAK', '______', '_________', 0, NULL, NULL, '1099', NULL, NULL, NULL, NULL, 2, 5),
(1100, 'SHIQIAN ', 'WANG', 'SHIQIAN ', 'WANG', 0, NULL, NULL, '1100', NULL, NULL, NULL, NULL, 2, 5),
(1101, 'SURACHET', 'KHANTHAKHET', '________ ', '_________', 4, NULL, NULL, '1101', NULL, NULL, NULL, NULL, 1, 1),
(1102, 'SURACHET', 'KHANTHAKHET', '________ ', '_________', 4, NULL, NULL, '1102', NULL, NULL, NULL, NULL, 1, 1),
(1103, 'SURACHET', 'KHANTHAKHET', '________ ', '_________', 4, NULL, NULL, '1103', NULL, NULL, NULL, NULL, 1, 1),
(1104, 'KANOKWAN ', 'ANGKRATHOK', '_______ ', '_________', 4, NULL, NULL, '1104', NULL, NULL, NULL, NULL, 1, 2),
(1105, 'CHOTIMA ', 'KRAJANGAIM', '______ ', '_____________', 4, NULL, NULL, '1105', NULL, NULL, NULL, NULL, 2, 3),
(1106, 'SASITORN ', 'SITTISRI', '_____', '________', 3, NULL, NULL, '1106', NULL, NULL, NULL, NULL, 2, 3),
(1107, 'BENJAPORN ', 'PROMMOUNWAI', '______ ', '____________', 3, NULL, NULL, '1107', NULL, NULL, NULL, NULL, 2, 4),
(1108, 'THITA ', 'SONKLIN', '____', '_________', 4, NULL, NULL, '1108', NULL, NULL, NULL, NULL, 1, 4),
(1109, 'KITTIKORN ', 'WISUTTHAKORN', '_______ ', '_________', 4, NULL, NULL, '1109', NULL, NULL, NULL, NULL, 1, 5),
(1110, 'NOPPARAT ', 'SRIBUNNAK', '______', '_________', 0, NULL, NULL, '1110', NULL, NULL, NULL, NULL, 2, 5),
(1111, 'SHIQIAN ', 'WANG', 'SHIQIAN ', 'WANG', 0, NULL, NULL, '1111', NULL, NULL, NULL, NULL, 2, 5),
(1112, 'SURACHET', 'KHANTHAKHET', '________ ', '_________', 4, NULL, NULL, '1112', NULL, NULL, NULL, NULL, 1, 1),
(1113, 'SURACHET', 'KHANTHAKHET', '________ ', '_________', 4, NULL, NULL, '1113', NULL, NULL, NULL, NULL, 1, 1),
(1114, 'SURACHET', 'KHANTHAKHET', '________ ', '_________', 4, NULL, NULL, '1114', NULL, NULL, NULL, NULL, 1, 1),
(1115, 'SURACHET', 'KHANTHAKHET', '________ ', '_________', 4, NULL, NULL, '1115', NULL, NULL, NULL, NULL, 1, 1),
(1116, 'SURACHET', 'KHANTHAKHET', '________ ', '_________', 4, NULL, NULL, '1116', NULL, NULL, NULL, NULL, 1, 1),
(1117, 'SURACHET', 'KHANTHAKHET', '________ ', '_________', 4, NULL, NULL, '1117', NULL, NULL, NULL, NULL, 1, 1),
(1118, 'SURACHET', 'KHANTHAKHET', '________ ', '_________', 4, NULL, NULL, '1118', NULL, NULL, NULL, NULL, 1, 1),
(1119, 'SURACHET', 'KHANTHAKHET', '________ ', '_________', 4, NULL, NULL, '1119', NULL, NULL, NULL, NULL, 1, 1),
(1120, 'SURACHET', 'KHANTHAKHET', '________ ', '_________', 4, NULL, NULL, '1120', NULL, NULL, NULL, NULL, 1, 1),
(1121, 'SURACHET', 'KHANTHAKHET', '________ ', '_________', 4, NULL, NULL, '1121', NULL, NULL, NULL, NULL, 1, 1),
(1122, 'SURACHET', 'KHANTHAKHET', '________ ', '_________', 4, NULL, NULL, '1122', NULL, NULL, NULL, NULL, 1, 1),
(1123, 'SURACHET', 'KHANTHAKHET', '________ ', '_________', 4, NULL, NULL, '1123', NULL, NULL, NULL, NULL, 1, 1),
(1124, 'SURACHET', 'KHANTHAKHET', '________ ', '_________', 4, NULL, NULL, '1124', NULL, NULL, NULL, NULL, 1, 1),
(1125, 'SURACHET', 'KHANTHAKHET', '________ ', '_________', 4, NULL, NULL, '1125', NULL, NULL, NULL, NULL, 1, 1),
(1126, 'SURACHET', 'KHANTHAKHET', '________ ', '_________', 4, NULL, NULL, '1126', NULL, NULL, NULL, NULL, 1, 1),
(1127, 'SURACHET', 'KHANTHAKHET', '________ ', '_________', 4, NULL, NULL, NULL, NULL, NULL, NULL, NULL, 1, 1),
(1128, 'KANOKWAN ', 'ANGKRATHOK', '_______ ', '_________', 4, NULL, NULL, '', NULL, NULL, NULL, NULL, 1, 2),
(1129, 'CHOTIMA ', 'KRAJANGAIM', '______ ', '_____________', 4, NULL, NULL, '', NULL, NULL, NULL, NULL, 2, 3),
(1130, 'SASITORN ', 'SITTISRI', '_____', '________', 3, NULL, NULL, '', NULL, NULL, NULL, NULL, 2, 3),
(1131, 'BENJAPORN ', 'PROMMOUNWAI', '______ ', '____________', 3, NULL, NULL, '', NULL, NULL, NULL, NULL, 2, 4),
(1132, 'THITA ', 'SONKLIN', '____', '_________', 4, NULL, NULL, '', NULL, NULL, NULL, NULL, 1, 4),
(1133, 'KITTIKORN ', 'WISUTTHAKORN', '_______ ', '_________', 4, NULL, NULL, '', NULL, NULL, NULL, NULL, 1, 5),
(1134, 'NOPPARAT ', 'SRIBUNNAK', '______', '_________', 0, NULL, NULL, '', NULL, NULL, NULL, NULL, 2, 5),
(1135, 'SHIQIAN ', 'WANG', 'SHIQIAN ', 'WANG', 0, NULL, NULL, '', NULL, NULL, NULL, NULL, 2, 5),
(1136, 'SURACHET', 'KHANTHAKHET', '________ ', '_________', 4, NULL, NULL, '', NULL, NULL, NULL, NULL, 1, 1),
(1137, 'KANOKWAN ', 'ANGKRATHOK', '_______ ', '_________', 4, NULL, NULL, '', NULL, NULL, NULL, NULL, 1, 2),
(1138, 'CHOTIMA ', 'KRAJANGAIM', '______ ', '_____________', 4, NULL, NULL, '', NULL, NULL, NULL, NULL, 2, 3),
(1139, 'SASITORN ', 'SITTISRI', '_____', '________', 3, NULL, NULL, '', NULL, NULL, NULL, NULL, 2, 3),
(1140, 'BENJAPORN ', 'PROMMOUNWAI', '______ ', '____________', 3, NULL, NULL, '', NULL, NULL, NULL, NULL, 2, 4),
(1141, 'THITA ', 'SONKLIN', '____', '_________', 4, NULL, NULL, '', NULL, NULL, NULL, NULL, 1, 4),
(1142, 'KITTIKORN ', 'WISUTTHAKORN', '_______ ', '_________', 4, NULL, NULL, '', NULL, NULL, NULL, NULL, 1, 5),
(1143, 'NOPPARAT ', 'SRIBUNNAK', '______', '_________', 0, NULL, NULL, '', NULL, NULL, NULL, NULL, 2, 5),
(1144, 'SHIQIAN ', 'WANG', 'SHIQIAN ', 'WANG', 0, NULL, NULL, '', NULL, NULL, NULL, NULL, 2, 5),
(1145, 'SURACHET', 'KHANTHAKHET', '________ ', '_________', 4, NULL, NULL, NULL, NULL, NULL, NULL, NULL, 1, 1),
(1146, 'KANOKWAN ', 'ANGKRATHOK', '_______ ', '_________', 4, NULL, NULL, 'NULL', NULL, NULL, NULL, NULL, 1, 2),
(1147, 'CHOTIMA ', 'KRAJANGAIM', '______ ', '_____________', 4, NULL, NULL, 'NULL', NULL, NULL, NULL, NULL, 2, 3),
(1148, 'SASITORN ', 'SITTISRI', '_____', '________', 3, NULL, NULL, 'NULL', NULL, NULL, NULL, NULL, 2, 3),
(1149, 'BENJAPORN ', 'PROMMOUNWAI', '______ ', '____________', 3, NULL, NULL, 'NULL', NULL, NULL, NULL, NULL, 2, 4),
(1150, 'THITA ', 'SONKLIN', '____', '_________', 4, NULL, NULL, 'NULL', NULL, NULL, NULL, NULL, 1, 4),
(1151, 'KITTIKORN ', 'WISUTTHAKORN', '_______ ', '_________', 4, NULL, NULL, 'NULL', NULL, NULL, NULL, NULL, 1, 5),
(1152, 'NOPPARAT ', 'SRIBUNNAK', '______', '_________', 0, NULL, NULL, 'NULL', NULL, NULL, NULL, NULL, 2, 5),
(1153, 'SHIQIAN ', 'WANG', 'SHIQIAN ', 'WANG', 0, NULL, NULL, 'NULL', NULL, NULL, NULL, NULL, 2, 5),
(1154, 'SURACHET', 'KHANTHAKHET', '________ ', '_________', 4, NULL, NULL, '', NULL, NULL, NULL, NULL, 1, 1),
(1155, 'KANOKWAN ', 'ANGKRATHOK', '_______ ', '_________', 4, NULL, NULL, '', NULL, NULL, NULL, NULL, 1, 2),
(1156, 'CHOTIMA ', 'KRAJANGAIM', '______ ', '_____________', 4, NULL, NULL, '', NULL, NULL, NULL, NULL, 2, 3),
(1157, 'SASITORN ', 'SITTISRI', '_____', '________', 3, NULL, NULL, '', NULL, NULL, NULL, NULL, 2, 3),
(1158, 'BENJAPORN ', 'PROMMOUNWAI', '______ ', '____________', 3, NULL, NULL, '', NULL, NULL, NULL, NULL, 2, 4),
(1159, 'THITA ', 'SONKLIN', '____', '_________', 4, NULL, NULL, '', NULL, NULL, NULL, NULL, 1, 4),
(1160, 'KITTIKORN ', 'WISUTTHAKORN', '_______ ', '_________', 4, NULL, NULL, '', NULL, NULL, NULL, NULL, 1, 5),
(1161, 'NOPPARAT ', 'SRIBUNNAK', '______', '_________', 0, NULL, NULL, '', NULL, NULL, NULL, NULL, 2, 5),
(1162, 'SHIQIAN ', 'WANG', 'SHIQIAN ', 'WANG', 0, NULL, NULL, '', NULL, NULL, NULL, NULL, 2, 5),
(1163, 'SURACHET', 'KHANTHAKHET', '________ ', '_________', 4, NULL, NULL, '', NULL, NULL, NULL, NULL, 1, 1),
(1164, 'SURACHET', 'KHANTHAKHET', '________ ', '_________', 4, NULL, NULL, '', NULL, NULL, NULL, NULL, 1, 1),
(1165, 'SURACHET', 'KHANTHAKHET', '________ ', '_________', 4, NULL, NULL, '', NULL, NULL, NULL, NULL, 1, 1),
(1166, 'SURACHET', 'KHANTHAKHET', '________ ', '_________', 4, NULL, NULL, '', NULL, NULL, NULL, NULL, 1, 1),
(1167, 'KANOKWAN ', 'ANGKRATHOK', '_______ ', '_________', 4, NULL, NULL, '', NULL, NULL, NULL, NULL, 1, 2),
(1168, 'CHOTIMA ', 'KRAJANGAIM', '______ ', '_____________', 4, NULL, NULL, '', NULL, NULL, NULL, NULL, 2, 3),
(1169, 'SASITORN ', 'SITTISRI', '_____', '________', 3, NULL, NULL, '', NULL, NULL, NULL, NULL, 2, 3),
(1170, 'BENJAPORN ', 'PROMMOUNWAI', '______ ', '____________', 3, NULL, NULL, '', NULL, NULL, NULL, NULL, 2, 4),
(1171, 'THITA ', 'SONKLIN', '____', '_________', 4, NULL, NULL, '', NULL, NULL, NULL, NULL, 1, 4),
(1172, 'KITTIKORN ', 'WISUTTHAKORN', '_______ ', '_________', 4, NULL, NULL, '', NULL, NULL, NULL, NULL, 1, 5),
(1173, 'NOPPARAT ', 'SRIBUNNAK', '______', '_________', 0, NULL, NULL, '', NULL, NULL, NULL, NULL, 2, 5),
(1174, 'SHIQIAN ', 'WANG', 'SHIQIAN ', 'WANG', 0, NULL, NULL, '', NULL, NULL, NULL, NULL, 2, 5),
(1175, 'SURACHET', 'KHANTHAKHET', '________ ', '_________', 4, NULL, NULL, '', NULL, NULL, NULL, NULL, 1, 1),
(1176, 'KANOKWAN ', 'ANGKRATHOK', '_______ ', '_________', 4, NULL, NULL, '', NULL, NULL, NULL, NULL, 1, 2),
(1177, 'CHOTIMA ', 'KRAJANGAIM', '______ ', '_____________', 4, NULL, NULL, '', NULL, NULL, NULL, NULL, 2, 3),
(1178, 'SASITORN ', 'SITTISRI', '_____', '________', 3, NULL, NULL, '', NULL, NULL, NULL, NULL, 2, 3),
(1179, 'BENJAPORN ', 'PROMMOUNWAI', '______ ', '____________', 3, NULL, NULL, '', NULL, NULL, NULL, NULL, 2, 4),
(1180, 'THITA ', 'SONKLIN', '____', '_________', 4, NULL, NULL, '', NULL, NULL, NULL, NULL, 1, 4),
(1181, 'KITTIKORN ', 'WISUTTHAKORN', '_______ ', '_________', 4, NULL, NULL, '', NULL, NULL, NULL, NULL, 1, 5),
(1182, 'NOPPARAT ', 'SRIBUNNAK', '______', '_________', 0, NULL, NULL, '', NULL, NULL, NULL, NULL, 2, 5),
(1183, 'SHIQIAN ', 'WANG', 'SHIQIAN ', 'WANG', 0, NULL, NULL, '', NULL, NULL, NULL, NULL, 2, 5),
(1184, 'SURACHET', 'KHANTHAKHET', '________ ', '_________', 4, NULL, NULL, '', NULL, NULL, NULL, NULL, 1, 1),
(1185, 'KANOKWAN ', 'ANGKRATHOK', '_______ ', '_________', 4, NULL, NULL, '', NULL, NULL, NULL, NULL, 1, 2),
(1186, 'CHOTIMA ', 'KRAJANGAIM', '______ ', '_____________', 4, NULL, NULL, '', NULL, NULL, NULL, NULL, 2, 3),
(1187, 'SASITORN ', 'SITTISRI', '_____', '________', 3, NULL, NULL, '', NULL, NULL, NULL, NULL, 2, 3),
(1188, 'BENJAPORN ', 'PROMMOUNWAI', '______ ', '____________', 3, NULL, NULL, '', NULL, NULL, NULL, NULL, 2, 4),
(1189, 'THITA ', 'SONKLIN', '____', '_________', 4, NULL, NULL, '', NULL, NULL, NULL, NULL, 1, 4),
(1190, 'KITTIKORN ', 'WISUTTHAKORN', '_______ ', '_________', 4, NULL, NULL, '', NULL, NULL, NULL, NULL, 1, 5),
(1191, 'NOPPARAT ', 'SRIBUNNAK', '______', '_________', 0, NULL, NULL, '', NULL, NULL, NULL, NULL, 2, 5),
(1192, 'SHIQIAN ', 'WANG', 'SHIQIAN ', 'WANG', 0, NULL, NULL, '', NULL, NULL, NULL, NULL, 2, 5),
(1193, 'SURACHET', 'KHANTHAKHET', '________ ', '_________', 4, NULL, NULL, NULL, NULL, NULL, NULL, NULL, 1, 1),
(1194, 'KANOKWAN ', 'ANGKRATHOK', '_______ ', '_________', 4, NULL, NULL, NULL, NULL, NULL, NULL, NULL, 1, 2),
(1195, 'CHOTIMA ', 'KRAJANGAIM', '______ ', '_____________', 4, NULL, NULL, NULL, NULL, NULL, NULL, NULL, 2, 3),
(1196, 'SASITORN ', 'SITTISRI', '_____', '________', 3, NULL, NULL, NULL, NULL, NULL, NULL, NULL, 2, 3),
(1197, 'BENJAPORN ', 'PROMMOUNWAI', '______ ', '____________', 3, NULL, NULL, NULL, NULL, NULL, NULL, NULL, 2, 4),
(1198, 'THITA ', 'SONKLIN', '____', '_________', 4, NULL, NULL, NULL, NULL, NULL, NULL, NULL, 1, 4),
(1199, 'KITTIKORN ', 'WISUTTHAKORN', '_______ ', '_________', 4, NULL, NULL, NULL, NULL, NULL, NULL, NULL, 1, 5),
(1200, 'NOPPARAT ', 'SRIBUNNAK', '______', '_________', 0, NULL, NULL, NULL, NULL, NULL, NULL, NULL, 2, 5),
(1201, 'SHIQIAN ', 'WANG', 'SHIQIAN ', 'WANG', 0, NULL, NULL, NULL, NULL, NULL, NULL, NULL, 2, 5),
(1202, 'SURACHET', 'KHANTHAKHET', '________ ', '_________', 4, NULL, NULL, NULL, NULL, NULL, NULL, NULL, 1, 1);
INSERT INTO `student_info` (`s_id`, `s_fname`, `s_lname`, `thai_fname`, `thai_lname`, `s_dob`, `date_of_birth`, `citizen_id`, `remark`, `origin_id`, `type_id`, `ref_id`, `national_id`, `title_title_id`, `status_id`) VALUES
(1203, 'KANOKWAN ', 'ANGKRATHOK', '_______ ', '_________', 4, NULL, NULL, NULL, NULL, NULL, NULL, NULL, 1, 2),
(1204, 'CHOTIMA ', 'KRAJANGAIM', '______ ', '_____________', 4, NULL, NULL, NULL, NULL, NULL, NULL, NULL, 2, 3),
(1205, 'SASITORN ', 'SITTISRI', '_____', '________', 3, NULL, NULL, NULL, NULL, NULL, NULL, NULL, 2, 3),
(1206, 'BENJAPORN ', 'PROMMOUNWAI', '______ ', '____________', 3, NULL, NULL, NULL, NULL, NULL, NULL, NULL, 2, 4),
(1207, 'THITA ', 'SONKLIN', '____', '_________', 4, NULL, NULL, NULL, NULL, NULL, NULL, NULL, 1, 4),
(1208, 'KITTIKORN ', 'WISUTTHAKORN', '_______ ', '_________', 4, NULL, NULL, NULL, NULL, NULL, NULL, NULL, 1, 5),
(1209, 'NOPPARAT ', 'SRIBUNNAK', '______', '_________', 0, NULL, NULL, NULL, NULL, NULL, NULL, NULL, 2, 5),
(1210, 'SHIQIAN ', 'WANG', 'SHIQIAN ', 'WANG', 0, NULL, NULL, NULL, NULL, NULL, NULL, NULL, 2, 5),
(1211, 'SURACHET', 'KHANTHAKHET', '________ ', '_________', 4, NULL, NULL, NULL, NULL, NULL, NULL, NULL, 1, 1),
(1212, 'KANOKWAN ', 'ANGKRATHOK', '_______ ', '_________', 4, NULL, NULL, NULL, NULL, NULL, NULL, NULL, 1, 2),
(1213, 'CHOTIMA ', 'KRAJANGAIM', '______ ', '_____________', 4, NULL, NULL, NULL, NULL, NULL, NULL, NULL, 2, 3),
(1214, 'SASITORN ', 'SITTISRI', '_____', '________', 3, NULL, NULL, NULL, NULL, NULL, NULL, NULL, 2, 3),
(1215, 'BENJAPORN ', 'PROMMOUNWAI', '______ ', '____________', 3, NULL, NULL, NULL, NULL, NULL, NULL, NULL, 2, 4),
(1216, 'THITA ', 'SONKLIN', '____', '_________', 4, NULL, NULL, NULL, NULL, NULL, NULL, NULL, 1, 4),
(1217, 'KITTIKORN ', 'WISUTTHAKORN', '_______ ', '_________', 4, NULL, NULL, NULL, NULL, NULL, NULL, NULL, 1, 5),
(1218, 'NOPPARAT ', 'SRIBUNNAK', '______', '_________', 0, NULL, NULL, NULL, NULL, NULL, NULL, NULL, 2, 5),
(1219, 'SHIQIAN ', 'WANG', 'SHIQIAN ', 'WANG', 0, NULL, NULL, NULL, NULL, NULL, NULL, NULL, 2, 5),
(1220, 'SURACHET', 'KHANTHAKHET', '________ ', '_________', 4, NULL, NULL, NULL, NULL, NULL, NULL, NULL, 1, 1),
(1221, 'KANOKWAN ', 'ANGKRATHOK', '_______ ', '_________', 4, NULL, NULL, NULL, NULL, NULL, NULL, NULL, 1, 2),
(1222, 'CHOTIMA ', 'KRAJANGAIM', '______ ', '_____________', 4, NULL, NULL, NULL, NULL, NULL, NULL, NULL, 2, 3),
(1223, 'SASITORN ', 'SITTISRI', '_____', '________', 3, NULL, NULL, NULL, NULL, NULL, NULL, NULL, 2, 3),
(1224, 'BENJAPORN ', 'PROMMOUNWAI', '______ ', '____________', 3, NULL, NULL, NULL, NULL, NULL, NULL, NULL, 2, 4),
(1225, 'THITA ', 'SONKLIN', '____', '_________', 4, NULL, NULL, NULL, NULL, NULL, NULL, NULL, 1, 4),
(1226, 'KITTIKORN ', 'WISUTTHAKORN', '_______ ', '_________', 4, NULL, NULL, NULL, NULL, NULL, NULL, NULL, 1, 5),
(1227, 'NOPPARAT ', 'SRIBUNNAK', '______', '_________', 0, NULL, NULL, NULL, NULL, NULL, NULL, NULL, 2, 5),
(1228, 'SHIQIAN ', 'WANG', 'SHIQIAN ', 'WANG', 0, NULL, NULL, NULL, NULL, NULL, NULL, NULL, 2, 5),
(1229, 'SURACHET', 'KHANTHAKHET', '________ ', '_________', 4, NULL, NULL, NULL, NULL, NULL, NULL, NULL, 1, 1),
(1230, 'KANOKWAN ', 'ANGKRATHOK', '_______ ', '_________', 4, NULL, NULL, NULL, NULL, NULL, NULL, NULL, 1, 2),
(1231, 'CHOTIMA ', 'KRAJANGAIM', '______ ', '_____________', 4, NULL, NULL, NULL, NULL, NULL, NULL, NULL, 2, 3),
(1232, 'SASITORN ', 'SITTISRI', '_____', '________', 3, NULL, NULL, NULL, NULL, NULL, NULL, NULL, 2, 3),
(1233, 'BENJAPORN ', 'PROMMOUNWAI', '______ ', '____________', 3, NULL, NULL, NULL, NULL, NULL, NULL, NULL, 2, 4),
(1234, 'THITA ', 'SONKLIN', '____', '_________', 4, NULL, NULL, NULL, NULL, NULL, NULL, NULL, 1, 4),
(1235, 'KITTIKORN ', 'WISUTTHAKORN', '_______ ', '_________', 4, NULL, NULL, NULL, NULL, NULL, NULL, NULL, 1, 5),
(1236, 'NOPPARAT ', 'SRIBUNNAK', '______', '_________', 0, NULL, NULL, NULL, NULL, NULL, NULL, NULL, 2, 5),
(1237, 'SHIQIAN ', 'WANG', 'SHIQIAN ', 'WANG', 0, NULL, NULL, NULL, NULL, NULL, NULL, NULL, 2, 5),
(1238, 'SURACHET', 'KHANTHAKHET', '________ ', '_________', 4, NULL, NULL, NULL, NULL, NULL, NULL, NULL, 1, 1),
(1239, 'KANOKWAN ', 'ANGKRATHOK', '_______ ', '_________', 4, NULL, NULL, NULL, NULL, NULL, NULL, NULL, 1, 2),
(1240, 'CHOTIMA ', 'KRAJANGAIM', '______ ', '_____________', 4, NULL, NULL, NULL, NULL, NULL, NULL, NULL, 2, 3),
(1241, 'SASITORN ', 'SITTISRI', '_____', '________', 3, NULL, NULL, NULL, NULL, NULL, NULL, NULL, 2, 3),
(1242, 'BENJAPORN ', 'PROMMOUNWAI', '______ ', '____________', 3, NULL, NULL, NULL, NULL, NULL, NULL, NULL, 2, 4),
(1243, 'THITA ', 'SONKLIN', '____', '_________', 4, NULL, NULL, NULL, NULL, NULL, NULL, NULL, 1, 4),
(1244, 'KITTIKORN ', 'WISUTTHAKORN', '_______ ', '_________', 4, NULL, NULL, NULL, NULL, NULL, NULL, NULL, 1, 5),
(1245, 'NOPPARAT ', 'SRIBUNNAK', '______', '_________', 0, NULL, NULL, NULL, NULL, NULL, NULL, NULL, 2, 5),
(1246, 'SHIQIAN ', 'WANG', 'SHIQIAN ', 'WANG', 0, NULL, NULL, NULL, NULL, NULL, NULL, NULL, 2, 5),
(1247, 'SURACHET', 'KHANTHAKHET', '________ ', '_________', 4, NULL, NULL, NULL, NULL, NULL, NULL, NULL, 1, 1),
(1248, 'KANOKWAN ', 'ANGKRATHOK', '_______ ', '_________', 4, NULL, NULL, NULL, NULL, NULL, NULL, NULL, 1, 2),
(1249, 'CHOTIMA ', 'KRAJANGAIM', '______ ', '_____________', 4, NULL, NULL, NULL, NULL, NULL, NULL, NULL, 2, 3),
(1250, 'SASITORN ', 'SITTISRI', '_____', '________', 3, NULL, NULL, NULL, NULL, NULL, NULL, NULL, 2, 3),
(1251, 'BENJAPORN ', 'PROMMOUNWAI', '______ ', '____________', 3, NULL, NULL, NULL, NULL, NULL, NULL, NULL, 2, 4),
(1252, 'THITA ', 'SONKLIN', '____', '_________', 4, NULL, NULL, NULL, NULL, NULL, NULL, NULL, 1, 4),
(1253, 'KITTIKORN ', 'WISUTTHAKORN', '_______ ', '_________', 4, NULL, NULL, NULL, NULL, NULL, NULL, NULL, 1, 5),
(1254, 'NOPPARAT ', 'SRIBUNNAK', '______', '_________', 0, NULL, NULL, NULL, NULL, NULL, NULL, NULL, 2, 5),
(1255, 'SHIQIAN ', 'WANG', 'SHIQIAN ', 'WANG', 0, NULL, NULL, NULL, NULL, NULL, NULL, NULL, 2, 5),
(1258, 'SURACHET', 'KHANTHAKHET', '________ ', '_________', 4, NULL, NULL, NULL, NULL, NULL, NULL, NULL, 1, 1),
(1259, 'SURACHET', 'KHANTHAKHET', '________ ', '_________', 4, NULL, NULL, NULL, NULL, NULL, NULL, NULL, 1, 1),
(1260, 'KANOKWAN ', 'ANGKRATHOK', '_______ ', '_________', 4, NULL, NULL, NULL, NULL, NULL, NULL, NULL, 1, 2),
(1261, 'CHOTIMA ', 'KRAJANGAIM', '______ ', '_____________', 4, NULL, NULL, NULL, NULL, NULL, NULL, NULL, 2, 3),
(1262, 'SASITORN ', 'SITTISRI', '_____', '________', 3, NULL, NULL, NULL, NULL, NULL, NULL, NULL, 2, 3),
(1263, 'BENJAPORN ', 'PROMMOUNWAI', '______ ', '____________', 3, NULL, NULL, NULL, NULL, NULL, NULL, NULL, 2, 4),
(1264, 'THITA ', 'SONKLIN', '____', '_________', 4, NULL, NULL, NULL, NULL, NULL, NULL, NULL, 1, 4),
(1265, 'KITTIKORN ', 'WISUTTHAKORN', '_______ ', '_________', 4, NULL, NULL, NULL, NULL, NULL, NULL, NULL, 1, 5),
(1266, 'NOPPARAT ', 'SRIBUNNAK', '______', '_________', 0, NULL, NULL, NULL, NULL, NULL, NULL, NULL, 2, 5),
(1267, 'SHIQIAN ', 'WANG', 'SHIQIAN ', 'WANG', 0, NULL, NULL, NULL, NULL, NULL, NULL, NULL, 2, 5),
(1268, 'SURACHET', 'KHANTHAKHET', '________ ', '_________', 4, NULL, NULL, NULL, NULL, NULL, NULL, NULL, 1, 1),
(1269, 'KANOKWAN ', 'ANGKRATHOK', '_______ ', '_________', 4, NULL, NULL, NULL, NULL, NULL, NULL, NULL, 1, 2),
(1270, 'CHOTIMA ', 'KRAJANGAIM', '______ ', '_____________', 4, NULL, NULL, NULL, NULL, NULL, NULL, NULL, 2, 3),
(1271, 'SASITORN ', 'SITTISRI', '_____', '________', 3, NULL, NULL, NULL, NULL, NULL, NULL, NULL, 2, 3),
(1272, 'BENJAPORN ', 'PROMMOUNWAI', '______ ', '____________', 3, NULL, NULL, NULL, NULL, NULL, NULL, NULL, 2, 4),
(1273, 'THITA ', 'SONKLIN', '____', '_________', 4, NULL, NULL, NULL, NULL, NULL, NULL, NULL, 1, 4),
(1274, 'KITTIKORN ', 'WISUTTHAKORN', '_______ ', '_________', 4, NULL, NULL, NULL, NULL, NULL, NULL, NULL, 1, 5),
(1275, 'NOPPARAT ', 'SRIBUNNAK', '______', '_________', 0, NULL, NULL, NULL, NULL, NULL, NULL, NULL, 2, 5),
(1276, 'SHIQIAN ', 'WANG', 'SHIQIAN ', 'WANG', 0, NULL, NULL, NULL, NULL, NULL, NULL, NULL, 2, 5),
(1277, 'SURACHET', 'KHANTHAKHET', '________ ', '_________', 4, NULL, NULL, NULL, NULL, NULL, NULL, NULL, 1, 1),
(1278, 'KANOKWAN ', 'ANGKRATHOK', '_______ ', '_________', 4, NULL, NULL, NULL, NULL, NULL, NULL, NULL, 1, 2),
(1279, 'CHOTIMA ', 'KRAJANGAIM', '______ ', '_____________', 4, NULL, NULL, NULL, NULL, NULL, NULL, NULL, 2, 3),
(1280, 'SASITORN ', 'SITTISRI', '_____', '________', 3, NULL, NULL, NULL, NULL, NULL, NULL, NULL, 2, 3),
(1281, 'BENJAPORN ', 'PROMMOUNWAI', '______ ', '____________', 3, NULL, NULL, NULL, NULL, NULL, NULL, NULL, 2, 4),
(1282, 'THITA ', 'SONKLIN', '____', '_________', 4, NULL, NULL, NULL, NULL, NULL, NULL, NULL, 1, 4),
(1283, 'KITTIKORN ', 'WISUTTHAKORN', '_______ ', '_________', 4, NULL, NULL, NULL, NULL, NULL, NULL, NULL, 1, 5),
(1284, 'NOPPARAT ', 'SRIBUNNAK', '______', '_________', 0, NULL, NULL, NULL, NULL, NULL, NULL, NULL, 2, 5),
(1285, 'SHIQIAN ', 'WANG', 'SHIQIAN ', 'WANG', 0, NULL, NULL, NULL, NULL, NULL, NULL, NULL, 2, 5),
(1286, 'SURACHET', 'KHANTHAKHET', '________ ', '_________', 4, NULL, NULL, NULL, NULL, NULL, NULL, NULL, 1, 1),
(1287, 'KANOKWAN ', 'ANGKRATHOK', '_______ ', '_________', 4, NULL, NULL, NULL, NULL, NULL, NULL, NULL, 1, 2),
(1288, 'CHOTIMA ', 'KRAJANGAIM', '______ ', '_____________', 4, NULL, NULL, NULL, NULL, NULL, NULL, NULL, 2, 3),
(1289, 'SASITORN ', 'SITTISRI', '_____', '________', 3, NULL, NULL, NULL, NULL, NULL, NULL, NULL, 2, 3),
(1290, 'BENJAPORN ', 'PROMMOUNWAI', '______ ', '____________', 3, NULL, NULL, NULL, NULL, NULL, NULL, NULL, 2, 4),
(1291, 'THITA ', 'SONKLIN', '____', '_________', 4, NULL, NULL, NULL, NULL, NULL, NULL, NULL, 1, 4),
(1292, 'KITTIKORN ', 'WISUTTHAKORN', '_______ ', '_________', 4, NULL, NULL, NULL, NULL, NULL, NULL, NULL, 1, 5),
(1293, 'NOPPARAT ', 'SRIBUNNAK', '______', '_________', 0, NULL, NULL, NULL, NULL, NULL, NULL, NULL, 2, 5),
(1294, 'SHIQIAN ', 'WANG', 'SHIQIAN ', 'WANG', 0, NULL, NULL, NULL, NULL, NULL, NULL, NULL, 2, 5),
(1295, 'SURACHET', 'KHANTHAKHET', '________ ', '_________', 4, NULL, NULL, NULL, NULL, NULL, NULL, NULL, 1, 1),
(1296, 'KANOKWAN ', 'ANGKRATHOK', '_______ ', '_________', 4, NULL, NULL, NULL, NULL, NULL, NULL, NULL, 1, 2),
(1297, 'CHOTIMA ', 'KRAJANGAIM', '______ ', '_____________', 4, NULL, NULL, NULL, NULL, NULL, NULL, NULL, 2, 3),
(1298, 'SASITORN ', 'SITTISRI', '_____', '________', 3, NULL, NULL, NULL, NULL, NULL, NULL, NULL, 2, 3),
(1299, 'BENJAPORN ', 'PROMMOUNWAI', '______ ', '____________', 3, NULL, NULL, NULL, NULL, NULL, NULL, NULL, 2, 4),
(1300, 'THITA ', 'SONKLIN', '____', '_________', 4, NULL, NULL, NULL, NULL, NULL, NULL, NULL, 1, 4),
(1301, 'KITTIKORN ', 'WISUTTHAKORN', '_______ ', '_________', 4, NULL, NULL, NULL, NULL, NULL, NULL, NULL, 1, 5),
(1302, 'NOPPARAT ', 'SRIBUNNAK', '______', '_________', 0, NULL, NULL, NULL, NULL, NULL, NULL, NULL, 2, 5),
(1303, 'SHIQIAN ', 'WANG', 'SHIQIAN ', 'WANG', 0, NULL, NULL, NULL, NULL, NULL, NULL, NULL, 2, 5),
(1304, 'SURACHET', 'KHANTHAKHET', '________ ', '_________', 4, NULL, NULL, NULL, NULL, NULL, NULL, NULL, 1, 1),
(1305, 'KANOKWAN ', 'ANGKRATHOK', '_______ ', '_________', 4, NULL, NULL, NULL, NULL, NULL, NULL, NULL, 1, 2),
(1306, 'CHOTIMA ', 'KRAJANGAIM', '______ ', '_____________', 4, NULL, NULL, NULL, NULL, NULL, NULL, NULL, 2, 3),
(1307, 'SASITORN ', 'SITTISRI', '_____', '________', 3, NULL, NULL, NULL, NULL, NULL, NULL, NULL, 2, 3),
(1308, 'BENJAPORN ', 'PROMMOUNWAI', '______ ', '____________', 3, NULL, NULL, NULL, NULL, NULL, NULL, NULL, 2, 4),
(1309, 'THITA ', 'SONKLIN', '____', '_________', 4, NULL, NULL, NULL, NULL, NULL, NULL, NULL, 1, 4),
(1310, 'KITTIKORN ', 'WISUTTHAKORN', '_______ ', '_________', 4, NULL, NULL, NULL, NULL, NULL, NULL, NULL, 1, 5),
(1311, 'NOPPARAT ', 'SRIBUNNAK', '______', '_________', 0, NULL, NULL, NULL, NULL, NULL, NULL, NULL, 2, 5),
(1312, 'SHIQIAN ', 'WANG', 'SHIQIAN ', 'WANG', 0, NULL, NULL, NULL, NULL, NULL, NULL, NULL, 2, 5),
(1313, 'SURACHET', 'KHANTHAKHET', '________ ', '_________', 4, NULL, NULL, NULL, NULL, NULL, NULL, NULL, 1, 1),
(1314, 'KANOKWAN ', 'ANGKRATHOK', '_______ ', '_________', 4, NULL, NULL, NULL, NULL, NULL, NULL, NULL, 1, 2),
(1315, 'CHOTIMA ', 'KRAJANGAIM', '______ ', '_____________', 4, NULL, NULL, NULL, NULL, NULL, NULL, NULL, 2, 3),
(1316, 'SASITORN ', 'SITTISRI', '_____', '________', 3, NULL, NULL, NULL, NULL, NULL, NULL, NULL, 2, 3),
(1317, 'BENJAPORN ', 'PROMMOUNWAI', '______ ', '____________', 3, NULL, NULL, NULL, NULL, NULL, NULL, NULL, 2, 4),
(1318, 'THITA ', 'SONKLIN', '____', '_________', 4, NULL, NULL, NULL, NULL, NULL, NULL, NULL, 1, 4),
(1319, 'KITTIKORN ', 'WISUTTHAKORN', '_______ ', '_________', 4, NULL, NULL, NULL, NULL, NULL, NULL, NULL, 1, 5),
(1320, 'NOPPARAT ', 'SRIBUNNAK', '______', '_________', 0, NULL, NULL, NULL, NULL, NULL, NULL, NULL, 2, 5),
(1321, 'SHIQIAN ', 'WANG', 'SHIQIAN ', 'WANG', 0, NULL, NULL, NULL, NULL, NULL, NULL, NULL, 2, 5),
(1322, 'SURACHET', 'KHANTHAKHET', '________ ', '_________', 4, NULL, NULL, NULL, NULL, NULL, NULL, NULL, 1, 1),
(1323, 'KANOKWAN ', 'ANGKRATHOK', '_______ ', '_________', 4, NULL, NULL, NULL, NULL, NULL, NULL, NULL, 1, 2),
(1324, 'CHOTIMA ', 'KRAJANGAIM', '______ ', '_____________', 4, NULL, NULL, NULL, NULL, NULL, NULL, NULL, 2, 3),
(1325, 'SASITORN ', 'SITTISRI', '_____', '________', 3, NULL, NULL, NULL, NULL, NULL, NULL, NULL, 2, 3),
(1326, 'BENJAPORN ', 'PROMMOUNWAI', '______ ', '____________', 3, NULL, NULL, NULL, NULL, NULL, NULL, NULL, 2, 4),
(1327, 'THITA ', 'SONKLIN', '____', '_________', 4, NULL, NULL, NULL, NULL, NULL, NULL, NULL, 1, 4),
(1328, 'KITTIKORN ', 'WISUTTHAKORN', '_______ ', '_________', 4, NULL, NULL, NULL, NULL, NULL, NULL, NULL, 1, 5),
(1329, 'NOPPARAT ', 'SRIBUNNAK', '______', '_________', 0, NULL, NULL, NULL, NULL, NULL, NULL, NULL, 2, 5),
(1330, 'SHIQIAN ', 'WANG', 'SHIQIAN ', 'WANG', 0, NULL, NULL, NULL, NULL, NULL, NULL, NULL, 2, 5),
(1334, 'SURACHET', 'KHANTHAKHET', '________ ', '_________', 4, NULL, NULL, NULL, NULL, NULL, NULL, NULL, 1, 1),
(1335, 'SURACHET', 'KHANTHAKHET', '________ ', '_________', 4, NULL, NULL, NULL, NULL, NULL, NULL, NULL, 1, 1),
(1336, 'KANOKWAN ', 'ANGKRATHOK', '_______ ', '_________', 4, NULL, NULL, NULL, NULL, NULL, NULL, NULL, 2, 2),
(1337, 'CHOTIMA ', 'KRAJANGAIM', '______ ', '_____________', 4, NULL, NULL, NULL, NULL, NULL, NULL, NULL, 2, 3),
(1338, 'SASITORN ', 'SITTISRI', '_____', '________', 3, NULL, NULL, NULL, NULL, NULL, NULL, NULL, 2, 3),
(1339, 'BENJAPORN ', 'PROMMOUNWAI', '______ ', '____________', 3, NULL, NULL, NULL, NULL, NULL, NULL, NULL, 2, 4),
(1340, 'THITA ', 'SONKLIN', '____', '_________', 4, NULL, NULL, NULL, NULL, NULL, NULL, NULL, 2, 4),
(1341, 'KITTIKORN ', 'WISUTTHAKORN', '_______ ', '_________', 4, NULL, NULL, NULL, NULL, NULL, NULL, NULL, 1, 5),
(1342, 'NOPPARAT ', 'SRIBUNNAK', '______', '_________', 0, NULL, NULL, NULL, NULL, NULL, NULL, NULL, 1, 5),
(1343, 'SURACHET', 'KHANTHAKHET', '________ ', '_________', 4, NULL, NULL, NULL, NULL, NULL, NULL, NULL, 1, 1),
(1344, 'SURACHET', 'KHANTHAKHET', '________ ', '_________', 4, NULL, NULL, NULL, NULL, NULL, NULL, NULL, 1, 1),
(1345, 'KANOKWAN ', 'ANGKRATHOK', '_______ ', '_________', 4, NULL, NULL, NULL, NULL, NULL, NULL, NULL, 2, 2),
(1346, 'CHOTIMA ', 'KRAJANGAIM', '______ ', '_____________', 4, NULL, NULL, NULL, NULL, NULL, NULL, NULL, 2, 3),
(1347, 'SASITORN ', 'SITTISRI', '_____', '________', 3, NULL, NULL, NULL, NULL, NULL, NULL, NULL, 2, 3),
(1348, 'BENJAPORN ', 'PROMMOUNWAI', '______ ', '____________', 3, NULL, NULL, NULL, NULL, NULL, NULL, NULL, 2, 4),
(1349, 'THITA ', 'SONKLIN', '____', '_________', 4, NULL, NULL, NULL, NULL, NULL, NULL, NULL, 2, 4),
(1350, 'KITTIKORN ', 'WISUTTHAKORN', '_______ ', '_________', 4, NULL, NULL, NULL, NULL, NULL, NULL, NULL, 1, 5),
(1351, 'NOPPARAT ', 'SRIBUNNAK', '______', '_________', 0, NULL, NULL, NULL, NULL, NULL, NULL, NULL, 1, 5),
(1352, 'SURACHET', 'KHANTHAKHET', '________ ', '_________', 4, NULL, NULL, NULL, NULL, NULL, NULL, NULL, 1, 1),
(1353, 'KANOKWAN ', 'ANGKRATHOK', '_______ ', '_________', 4, NULL, NULL, NULL, NULL, NULL, NULL, NULL, 2, 2),
(1354, 'CHOTIMA ', 'KRAJANGAIM', '______ ', '_____________', 4, NULL, NULL, NULL, NULL, NULL, NULL, NULL, 2, 3),
(1355, 'SASITORN ', 'SITTISRI', '_____', '________', 3, NULL, NULL, NULL, NULL, NULL, NULL, NULL, 2, 3),
(1356, 'BENJAPORN ', 'PROMMOUNWAI', '______ ', '____________', 3, NULL, NULL, NULL, NULL, NULL, NULL, NULL, 2, 4),
(1357, 'THITA ', 'SONKLIN', '____', '_________', 4, NULL, NULL, NULL, NULL, NULL, NULL, NULL, 2, 4),
(1358, 'KITTIKORN ', 'WISUTTHAKORN', '_______ ', '_________', 4, NULL, NULL, NULL, NULL, NULL, NULL, NULL, 1, 5),
(1359, 'NOPPARAT ', 'SRIBUNNAK', '______', '_________', 0, NULL, NULL, NULL, NULL, NULL, NULL, NULL, 1, 5),
(1360, 'SURACHET', 'KHANTHAKHET', '________ ', '_________', 4, NULL, NULL, NULL, NULL, NULL, NULL, NULL, 1, 1),
(1361, 'KANOKWAN ', 'ANGKRATHOK', '_______ ', '_________', 4, NULL, NULL, NULL, NULL, NULL, NULL, NULL, 2, 2),
(1362, 'CHOTIMA ', 'KRAJANGAIM', '______ ', '_____________', 4, NULL, NULL, NULL, NULL, NULL, NULL, NULL, 2, 3),
(1363, 'SASITORN ', 'SITTISRI', '_____', '________', 3, NULL, NULL, NULL, NULL, NULL, NULL, NULL, 2, 3),
(1364, 'BENJAPORN ', 'PROMMOUNWAI', '______ ', '____________', 3, NULL, NULL, NULL, NULL, NULL, NULL, NULL, 2, 4),
(1365, 'THITA ', 'SONKLIN', '____', '_________', 4, NULL, NULL, NULL, NULL, NULL, NULL, NULL, 2, 4),
(1366, 'KITTIKORN ', 'WISUTTHAKORN', '_______ ', '_________', 4, NULL, NULL, NULL, NULL, NULL, NULL, NULL, 1, 5),
(1367, 'NOPPARAT ', 'SRIBUNNAK', '______', '_________', 0, NULL, NULL, NULL, NULL, NULL, NULL, NULL, 1, 5),
(1368, 'SHIQIAN ', 'WANG', 'SHIQIAN ', 'WANG', 0, NULL, NULL, NULL, NULL, NULL, NULL, NULL, 2, 5),
(1369, 'SURACHET', 'KHANTHAKHET', '________ ', '_________', 4, NULL, NULL, NULL, NULL, NULL, NULL, NULL, 1, 1),
(1370, 'SURACHET', 'KHANTHAKHET', '________ ', '_________', 4, NULL, NULL, NULL, NULL, NULL, NULL, NULL, 1, 1),
(1371, 'SURACHET', 'KHANTHAKHET', '________ ', '_________', 4, NULL, NULL, NULL, NULL, NULL, NULL, NULL, 1, 1),
(1372, 'SURACHET', 'KHANTHAKHET', '________ ', '_________', 4, NULL, NULL, NULL, NULL, NULL, NULL, NULL, 1, 1),
(1373, 'SURACHET', 'KHANTHAKHET', '________ ', '_________', 4, NULL, NULL, NULL, NULL, NULL, NULL, NULL, 1, 1),
(1374, 'SURACHET', 'KHANTHAKHET', '________ ', '_________', 4, NULL, NULL, NULL, NULL, NULL, NULL, NULL, 1, 1),
(1375, 'KANOKWAN ', 'ANGKRATHOK', '_______ ', '_________', 4, NULL, NULL, NULL, NULL, NULL, NULL, NULL, 2, 2),
(1376, 'CHOTIMA ', 'KRAJANGAIM', '______ ', '_____________', 4, NULL, NULL, NULL, NULL, NULL, NULL, NULL, 2, 3),
(1377, 'SASITORN ', 'SITTISRI', '_____', '________', 3, NULL, NULL, NULL, NULL, NULL, NULL, NULL, 2, 3),
(1378, 'BENJAPORN ', 'PROMMOUNWAI', '______ ', '____________', 3, NULL, NULL, NULL, NULL, NULL, NULL, NULL, 2, 4),
(1379, 'THITA ', 'SONKLIN', '____', '_________', 4, NULL, NULL, NULL, NULL, NULL, NULL, NULL, 2, 4),
(1380, 'KITTIKORN ', 'WISUTTHAKORN', '_______ ', '_________', 4, NULL, NULL, NULL, NULL, NULL, NULL, NULL, 1, 5),
(1381, 'NOPPARAT ', 'SRIBUNNAK', '______', '_________', 0, NULL, NULL, NULL, NULL, NULL, NULL, NULL, 1, 5),
(1382, 'SHIQIAN ', 'WANG', 'SHIQIAN ', 'WANG', 0, NULL, NULL, NULL, NULL, NULL, NULL, NULL, 2, 5),
(1383, 'SURACHET', 'KHANTHAKHET', '________ ', '_________', 4, NULL, NULL, NULL, NULL, NULL, NULL, NULL, 1, 1),
(1384, 'KANOKWAN ', 'ANGKRATHOK', '_______ ', '_________', 4, NULL, NULL, NULL, NULL, NULL, NULL, NULL, 2, 2),
(1385, 'CHOTIMA ', 'KRAJANGAIM', '______ ', '_____________', 4, NULL, NULL, NULL, NULL, NULL, NULL, NULL, 2, 3),
(1386, 'SASITORN ', 'SITTISRI', '_____', '________', 3, NULL, NULL, NULL, NULL, NULL, NULL, NULL, 2, 3),
(1387, 'BENJAPORN ', 'PROMMOUNWAI', '______ ', '____________', 3, NULL, NULL, NULL, NULL, NULL, NULL, NULL, 2, 4),
(1388, 'THITA ', 'SONKLIN', '____', '_________', 4, NULL, NULL, NULL, NULL, NULL, NULL, NULL, 2, 4),
(1389, 'KITTIKORN ', 'WISUTTHAKORN', '_______ ', '_________', 4, NULL, NULL, NULL, NULL, NULL, NULL, NULL, 1, 5),
(1390, 'NOPPARAT ', 'SRIBUNNAK', '______', '_________', 0, NULL, NULL, NULL, NULL, NULL, NULL, NULL, 1, 5),
(1391, 'SHIQIAN ', 'WANG', 'SHIQIAN ', 'WANG', 0, NULL, NULL, NULL, NULL, NULL, NULL, NULL, 2, 5),
(1392, 'SURACHET', 'KHANTHAKHET', '________ ', '_________', 4, NULL, NULL, NULL, NULL, NULL, NULL, NULL, 1, 1),
(1393, 'KANOKWAN ', 'ANGKRATHOK', '_______ ', '_________', 4, NULL, NULL, NULL, NULL, NULL, NULL, NULL, 2, 2),
(1394, 'CHOTIMA ', 'KRAJANGAIM', '______ ', '_____________', 4, NULL, NULL, NULL, NULL, NULL, NULL, NULL, 2, 3),
(1395, 'SASITORN ', 'SITTISRI', '_____', '________', 3, NULL, NULL, NULL, NULL, NULL, NULL, NULL, 2, 3),
(1396, 'BENJAPORN ', 'PROMMOUNWAI', '______ ', '____________', 3, NULL, NULL, NULL, NULL, NULL, NULL, NULL, 2, 4),
(1397, 'THITA ', 'SONKLIN', '____', '_________', 4, NULL, NULL, NULL, NULL, NULL, NULL, NULL, 2, 4),
(1398, 'KITTIKORN ', 'WISUTTHAKORN', '_______ ', '_________', 4, NULL, NULL, NULL, NULL, NULL, NULL, NULL, 1, 5),
(1399, 'NOPPARAT ', 'SRIBUNNAK', '______', '_________', 0, NULL, NULL, NULL, NULL, NULL, NULL, NULL, 1, 5),
(1400, 'SHIQIAN ', 'WANG', 'SHIQIAN ', 'WANG', 0, NULL, NULL, NULL, NULL, NULL, NULL, NULL, 2, 5),
(1401, 'SURACHET', 'KHANTHAKHET', '________ ', '_________', 4, NULL, NULL, NULL, NULL, NULL, NULL, NULL, 1, 1),
(1402, 'KANOKWAN ', 'ANGKRATHOK', '_______ ', '_________', 4, NULL, NULL, NULL, NULL, NULL, NULL, NULL, 2, 2),
(1403, 'CHOTIMA ', 'KRAJANGAIM', '______ ', '_____________', 4, NULL, NULL, NULL, NULL, NULL, NULL, NULL, 2, 3),
(1404, 'SASITORN ', 'SITTISRI', '_____', '________', 3, NULL, NULL, NULL, NULL, NULL, NULL, NULL, 2, 3),
(1405, 'BENJAPORN ', 'PROMMOUNWAI', '______ ', '____________', 3, NULL, NULL, NULL, NULL, NULL, NULL, NULL, 2, 4),
(1406, 'THITA ', 'SONKLIN', '____', '_________', 4, NULL, NULL, NULL, NULL, NULL, NULL, NULL, 2, 4),
(1407, 'KITTIKORN ', 'WISUTTHAKORN', '_______ ', '_________', 4, NULL, NULL, NULL, NULL, NULL, NULL, NULL, 1, 5),
(1408, 'NOPPARAT ', 'SRIBUNNAK', '______', '_________', 0, NULL, NULL, NULL, NULL, NULL, NULL, NULL, 1, 5),
(1409, 'SHIQIAN ', 'WANG', 'SHIQIAN ', 'WANG', 0, NULL, NULL, NULL, NULL, NULL, NULL, NULL, 2, 5),
(1410, 'SURACHET', 'KHANTHAKHET', '________ ', '_________', 4, NULL, NULL, NULL, NULL, NULL, NULL, NULL, 1, 1),
(1411, 'KANOKWAN ', 'ANGKRATHOK', '_______ ', '_________', 4, NULL, NULL, NULL, NULL, NULL, NULL, NULL, 2, 2),
(1412, 'CHOTIMA ', 'KRAJANGAIM', '______ ', '_____________', 4, NULL, NULL, NULL, NULL, NULL, NULL, NULL, 2, 3),
(1413, 'SASITORN ', 'SITTISRI', '_____', '________', 3, NULL, NULL, NULL, NULL, NULL, NULL, NULL, 2, 3),
(1414, 'BENJAPORN ', 'PROMMOUNWAI', '______ ', '____________', 3, NULL, NULL, NULL, NULL, NULL, NULL, NULL, 2, 4),
(1415, 'THITA ', 'SONKLIN', '____', '_________', 4, NULL, NULL, NULL, NULL, NULL, NULL, NULL, 2, 4),
(1416, 'KITTIKORN ', 'WISUTTHAKORN', '_______ ', '_________', 4, NULL, NULL, NULL, NULL, NULL, NULL, NULL, 1, 5),
(1417, 'NOPPARAT ', 'SRIBUNNAK', '______', '_________', 0, NULL, NULL, NULL, NULL, NULL, NULL, NULL, 1, 5),
(1418, 'SHIQIAN ', 'WANG', 'SHIQIAN ', 'WANG', 0, NULL, NULL, NULL, NULL, NULL, NULL, NULL, 2, 5),
(1419, '', 'KHANTHAKHET', '________ ', '_________', 4, NULL, NULL, NULL, NULL, NULL, NULL, NULL, 1, 1),
(1420, '', 'ANGKRATHOK', '_______ ', '_________', 4, NULL, NULL, NULL, NULL, NULL, NULL, NULL, 2, 2),
(1421, '', 'KRAJANGAIM', '______ ', '_____________', 4, NULL, NULL, NULL, NULL, NULL, NULL, NULL, 2, 3),
(1422, '', 'SITTISRI', '_____', '________', 3, NULL, NULL, NULL, NULL, NULL, NULL, NULL, 2, 3),
(1423, '', 'PROMMOUNWAI', '______ ', '____________', 3, NULL, NULL, NULL, NULL, NULL, NULL, NULL, 2, 4),
(1424, '', 'SONKLIN', '____', '_________', 4, NULL, NULL, NULL, NULL, NULL, NULL, NULL, 2, 4),
(1425, '', 'WISUTTHAKORN', '_______ ', '_________', 4, NULL, NULL, NULL, NULL, NULL, NULL, NULL, 1, 5),
(1426, '', 'SRIBUNNAK', '______', '_________', 0, NULL, NULL, NULL, NULL, NULL, NULL, NULL, 1, 5),
(1427, '', 'WANG', 'SHIQIAN ', 'WANG', 0, NULL, NULL, NULL, NULL, NULL, NULL, NULL, 2, 5),
(1428, '', 'KHANTHAKHET', '________ ', '_________', 4, NULL, NULL, NULL, NULL, NULL, NULL, NULL, 1, 1),
(1429, '', 'ANGKRATHOK', '_______ ', '_________', 4, NULL, NULL, NULL, NULL, NULL, NULL, NULL, 2, 2),
(1430, '', 'KRAJANGAIM', '______ ', '_____________', 4, NULL, NULL, NULL, NULL, NULL, NULL, NULL, 2, 3),
(1431, '', 'SITTISRI', '_____', '________', 3, NULL, NULL, NULL, NULL, NULL, NULL, NULL, 2, 3),
(1432, '', 'PROMMOUNWAI', '______ ', '____________', 3, NULL, NULL, NULL, NULL, NULL, NULL, NULL, 2, 4),
(1433, '', 'SONKLIN', '____', '_________', 4, NULL, NULL, NULL, NULL, NULL, NULL, NULL, 2, 4),
(1434, '', 'WISUTTHAKORN', '_______ ', '_________', 4, NULL, NULL, NULL, NULL, NULL, NULL, NULL, 1, 5),
(1435, '', 'SRIBUNNAK', '______', '_________', 0, NULL, NULL, NULL, NULL, NULL, NULL, NULL, 1, 5),
(1436, '', 'WANG', 'SHIQIAN ', 'WANG', 0, NULL, NULL, NULL, NULL, NULL, NULL, NULL, 2, 5),
(1437, '', 'KHANTHAKHET', '________ ', '_________', 4, NULL, NULL, NULL, NULL, NULL, NULL, NULL, 1, 1),
(1438, '', 'ANGKRATHOK', '_______ ', '_________', 4, NULL, NULL, NULL, NULL, NULL, NULL, NULL, 2, 2),
(1439, '', 'KRAJANGAIM', '______ ', '_____________', 4, NULL, NULL, NULL, NULL, NULL, NULL, NULL, 2, 3),
(1440, '', 'SITTISRI', '_____', '________', 3, NULL, NULL, NULL, NULL, NULL, NULL, NULL, 2, 3),
(1441, '', 'PROMMOUNWAI', '______ ', '____________', 3, NULL, NULL, NULL, NULL, NULL, NULL, NULL, 2, 4),
(1442, '', 'SONKLIN', '____', '_________', 4, NULL, NULL, NULL, NULL, NULL, NULL, NULL, 2, 4),
(1443, '', 'WISUTTHAKORN', '_______ ', '_________', 4, NULL, NULL, NULL, NULL, NULL, NULL, NULL, 1, 5),
(1444, '', 'SRIBUNNAK', '______', '_________', 0, NULL, NULL, NULL, NULL, NULL, NULL, NULL, 1, 5),
(1445, '', 'WANG', 'SHIQIAN ', 'WANG', 0, NULL, NULL, NULL, NULL, NULL, NULL, NULL, 2, 5),
(1446, 'ArraySURACHET KHANTH', 'KHANTHAKHET', '________ ', '_________', 4, NULL, NULL, NULL, NULL, NULL, NULL, NULL, 1, 1),
(1447, 'ArrayKANOKWAN ANGKRA', 'ANGKRATHOK', '_______ ', '_________', 4, NULL, NULL, NULL, NULL, NULL, NULL, NULL, 2, 2),
(1448, 'ArrayCHOTIMA KRAJANG', 'KRAJANGAIM', '______ ', '_____________', 4, NULL, NULL, NULL, NULL, NULL, NULL, NULL, 2, 3),
(1449, 'ArraySASITORN SITTIS', 'SITTISRI', '_____', '________', 3, NULL, NULL, NULL, NULL, NULL, NULL, NULL, 2, 3),
(1450, 'ArrayBENJAPORN PROMM', 'PROMMOUNWAI', '______ ', '____________', 3, NULL, NULL, NULL, NULL, NULL, NULL, NULL, 2, 4),
(1451, 'ArrayTHITA SONKLIN', 'SONKLIN', '____', '_________', 4, NULL, NULL, NULL, NULL, NULL, NULL, NULL, 2, 4),
(1452, 'ArrayKITTIKORN WISUT', 'WISUTTHAKORN', '_______ ', '_________', 4, NULL, NULL, NULL, NULL, NULL, NULL, NULL, 1, 5),
(1453, 'ArrayNOPPARAT SRIBUN', 'SRIBUNNAK', '______', '_________', 0, NULL, NULL, NULL, NULL, NULL, NULL, NULL, 1, 5),
(1454, 'ArraySHIQIAN WANG', 'WANG', 'SHIQIAN ', 'WANG', 0, NULL, NULL, NULL, NULL, NULL, NULL, NULL, 2, 5),
(1455, 'SURACHET', 'KHANTHAKHET', '________ ', '_________', 4, NULL, NULL, NULL, NULL, NULL, NULL, NULL, 1, 1),
(1456, 'KANOKWAN', 'ANGKRATHOK', '_______ ', '_________', 4, NULL, NULL, NULL, NULL, NULL, NULL, NULL, 2, 2),
(1457, 'CHOTIMA', 'KRAJANGAIM', '______ ', '_____________', 4, NULL, NULL, NULL, NULL, NULL, NULL, NULL, 2, 3),
(1458, 'SASITORN', 'SITTISRI', '_____', '________', 3, NULL, NULL, NULL, NULL, NULL, NULL, NULL, 2, 3),
(1459, 'BENJAPORN', 'PROMMOUNWAI', '______ ', '____________', 3, NULL, NULL, NULL, NULL, NULL, NULL, NULL, 2, 4),
(1460, 'THITA', 'SONKLIN', '____', '_________', 4, NULL, NULL, NULL, NULL, NULL, NULL, NULL, 2, 4),
(1461, 'KITTIKORN', 'WISUTTHAKORN', '_______ ', '_________', 4, NULL, NULL, NULL, NULL, NULL, NULL, NULL, 1, 5),
(1462, 'NOPPARAT', 'SRIBUNNAK', '______', '_________', 0, NULL, NULL, NULL, NULL, NULL, NULL, NULL, 1, 5),
(1463, 'SHIQIAN', 'WANG', 'SHIQIAN ', 'WANG', 0, NULL, NULL, NULL, NULL, NULL, NULL, NULL, 2, 5),
(1464, 'SURACHET', 'KHANTHAKHET', '________ ', '_________', 4, NULL, NULL, NULL, NULL, NULL, NULL, NULL, 1, 1),
(1465, 'KANOKWAN', 'ANGKRATHOK', '_______ ', '_________', 4, NULL, NULL, NULL, NULL, NULL, NULL, NULL, 2, 2),
(1466, 'CHOTIMA', 'KRAJANGAIM', '______ ', '_____________', 4, NULL, NULL, NULL, NULL, NULL, NULL, NULL, 2, 3),
(1467, 'SASITORN', 'SITTISRI', '_____', '________', 3, NULL, NULL, NULL, NULL, NULL, NULL, NULL, 2, 3),
(1468, 'BENJAPORN', 'PROMMOUNWAI', '______ ', '____________', 3, NULL, NULL, NULL, NULL, NULL, NULL, NULL, 2, 4),
(1469, 'THITA', 'SONKLIN', '____', '_________', 4, NULL, NULL, NULL, NULL, NULL, NULL, NULL, 2, 4),
(1470, 'KITTIKORN', 'WISUTTHAKORN', '_______ ', '_________', 4, NULL, NULL, NULL, NULL, NULL, NULL, NULL, 1, 5),
(1471, 'NOPPARAT', 'SRIBUNNAK', '______', '_________', 0, NULL, NULL, NULL, NULL, NULL, NULL, NULL, 1, 5),
(1472, 'SHIQIAN', 'WANG', 'SHIQIAN ', 'WANG', 0, NULL, NULL, NULL, NULL, NULL, NULL, NULL, 2, 5),
(1473, 'SURACHET', 'KHANTHAKHET', '________ ', '_________', 4, NULL, NULL, NULL, NULL, NULL, NULL, NULL, 1, 1),
(1474, 'KANOKWAN', 'ANGKRATHOK', '_______ ', '_________', 4, NULL, NULL, NULL, NULL, NULL, NULL, NULL, 2, 2),
(1475, 'CHOTIMA', 'KRAJANGAIM', '______ ', '_____________', 4, NULL, NULL, NULL, NULL, NULL, NULL, NULL, 2, 3),
(1476, 'SASITORN', 'SITTISRI', '_____', '________', 3, NULL, NULL, NULL, NULL, NULL, NULL, NULL, 2, 3),
(1477, 'BENJAPORN', 'PROMMOUNWAI', '______ ', '____________', 3, NULL, NULL, NULL, NULL, NULL, NULL, NULL, 2, 4),
(1478, 'THITA', 'SONKLIN', '____', '_________', 4, NULL, NULL, NULL, NULL, NULL, NULL, NULL, 2, 4),
(1479, 'KITTIKORN', 'WISUTTHAKORN', '_______ ', '_________', 4, NULL, NULL, NULL, NULL, NULL, NULL, NULL, 1, 5),
(1480, 'NOPPARAT', 'SRIBUNNAK', '______', '_________', 0, NULL, NULL, NULL, NULL, NULL, NULL, NULL, 1, 5),
(1481, 'SHIQIAN', 'WANG', 'SHIQIAN ', 'WANG', 0, NULL, NULL, NULL, NULL, NULL, NULL, NULL, 2, 5),
(1482, 'SURACHET', 'KHANTHAKHET', '________', '_________', 4, NULL, NULL, NULL, NULL, NULL, NULL, NULL, 1, 1),
(1483, 'KANOKWAN', 'ANGKRATHOK', '_______', '_________', 4, NULL, NULL, NULL, NULL, NULL, NULL, NULL, 2, 2),
(1484, 'CHOTIMA', 'KRAJANGAIM', '______', '_____________', 4, NULL, NULL, NULL, NULL, NULL, NULL, NULL, 2, 3),
(1485, 'SASITORN', 'SITTISRI', '_____', '________', 3, NULL, NULL, NULL, NULL, NULL, NULL, NULL, 2, 3),
(1486, 'BENJAPORN', 'PROMMOUNWAI', '______', '____________', 3, NULL, NULL, NULL, NULL, NULL, NULL, NULL, 2, 4),
(1487, 'THITA', 'SONKLIN', '____', '_________', 4, NULL, NULL, NULL, NULL, NULL, NULL, NULL, 2, 4),
(1488, 'KITTIKORN', 'WISUTTHAKORN', '_______', '_________', 4, NULL, NULL, NULL, NULL, NULL, NULL, NULL, 1, 5),
(1489, 'NOPPARAT', 'SRIBUNNAK', '______', '_________', 0, NULL, NULL, NULL, NULL, NULL, NULL, NULL, 1, 5),
(1490, 'SHIQIAN', 'WANG', 'SHIQIAN', 'WANG', 0, NULL, NULL, NULL, NULL, NULL, NULL, NULL, 2, 5),
(1491, 'SURACHET', 'KHANTHAKHET', '________', '_________', 4, NULL, NULL, NULL, NULL, NULL, NULL, NULL, 1, 1),
(1492, 'KANOKWAN', 'ANGKRATHOK', '_______', '_________', 4, NULL, NULL, NULL, NULL, NULL, NULL, NULL, 2, 2),
(1493, 'CHOTIMA', 'KRAJANGAIM', '______', '_____________', 4, NULL, NULL, NULL, NULL, NULL, NULL, NULL, 2, 3),
(1494, 'SASITORN', 'SITTISRI', '_____', '________', 3, NULL, NULL, NULL, NULL, NULL, NULL, NULL, 2, 3),
(1495, 'BENJAPORN', 'PROMMOUNWAI', '______', '____________', 3, NULL, NULL, NULL, NULL, NULL, NULL, NULL, 2, 4),
(1496, 'THITA', 'SONKLIN', '____', '_________', 4, NULL, NULL, NULL, NULL, NULL, NULL, NULL, 2, 4),
(1497, 'KITTIKORN', 'WISUTTHAKORN', '_______', '_________', 5, NULL, NULL, NULL, NULL, NULL, NULL, NULL, 1, 5),
(1498, 'NOPPARAT', 'SRIBUNNAK', '______', '_________', 5, NULL, NULL, NULL, NULL, NULL, NULL, NULL, 1, 5),
(1499, 'SHIQIAN', 'WANG', 'SHIQIAN', 'WANG', 0, NULL, NULL, NULL, NULL, NULL, NULL, NULL, 2, 5),
(1501, 'SURACHET', 'KHANTHAKHET', '________', '_________', 4, NULL, NULL, NULL, NULL, NULL, NULL, NULL, 1, 1),
(1502, 'SURACHET', 'KHANTHAKHET', '________', '_________', 4, NULL, NULL, NULL, NULL, NULL, NULL, NULL, 1, 1),
(1503, 'KANOKWAN', 'ANGKRATHOK', '_______', '_________', 4, NULL, NULL, NULL, NULL, NULL, NULL, NULL, 2, 2),
(1504, 'CHOTIMA', 'KRAJANGAIM', '______', '_____________', 4, NULL, NULL, NULL, NULL, NULL, NULL, NULL, 2, 3),
(1505, 'SASITORN', 'SITTISRI', '_____', '________', 3, NULL, NULL, NULL, NULL, NULL, NULL, NULL, 2, 3),
(1506, 'BENJAPORN', 'PROMMOUNWAI', '______', '____________', 3, NULL, NULL, NULL, NULL, NULL, NULL, NULL, 2, 4),
(1507, 'THITA', 'SONKLIN', '____', '_________', 4, NULL, NULL, NULL, NULL, NULL, NULL, NULL, 2, 4),
(1508, 'KITTIKORN', 'WISUTTHAKORN', '_______', '_________', 5, NULL, NULL, NULL, NULL, NULL, NULL, NULL, 1, 5),
(1509, 'NOPPARAT', 'SRIBUNNAK', '______', '_________', 5, NULL, NULL, NULL, NULL, NULL, NULL, NULL, 1, 5),
(1510, 'SHIQIAN', 'WANG', 'SHIQIAN', 'WANG', 0, NULL, NULL, NULL, NULL, NULL, NULL, NULL, 2, 5),
(1512, 'SURACHET', 'KHANTHAKHET', '________', '_________', 4, NULL, NULL, NULL, NULL, NULL, NULL, NULL, 1, 1),
(1513, 'SURACHET', 'KHANTHAKHET', '________', '_________', 4, NULL, NULL, NULL, NULL, NULL, NULL, NULL, 1, 1),
(1514, 'KANOKWAN', 'ANGKRATHOK', '_______', '_________', 4, NULL, NULL, NULL, NULL, NULL, NULL, NULL, 2, 2),
(1515, 'CHOTIMA', 'KRAJANGAIM', '______', '_____________', 4, NULL, NULL, NULL, NULL, NULL, NULL, NULL, 2, 3),
(1516, 'SASITORN', 'SITTISRI', '_____', '________', 3, NULL, NULL, NULL, NULL, NULL, NULL, NULL, 2, 3),
(1517, 'BENJAPORN', 'PROMMOUNWAI', '______', '____________', 3, NULL, NULL, NULL, NULL, NULL, NULL, NULL, 2, 4),
(1518, 'THITA', 'SONKLIN', '____', '_________', 4, NULL, NULL, NULL, NULL, NULL, NULL, NULL, 2, 4),
(1519, 'KITTIKORN', 'WISUTTHAKORN', '_______', '_________', 5, NULL, NULL, NULL, NULL, NULL, NULL, NULL, 1, 5),
(1520, 'NOPPARAT', 'SRIBUNNAK', '______', '_________', 5, NULL, NULL, NULL, NULL, NULL, NULL, NULL, 1, 5),
(1521, 'SHIQIAN', 'WANG', 'SHIQIAN', 'WANG', 0, NULL, NULL, NULL, NULL, NULL, NULL, NULL, 2, 5),
(1523, 'SURACHET', 'KHANTHAKHET', '________', '_________', 4, NULL, NULL, NULL, NULL, NULL, NULL, NULL, 1, 1),
(1524, 'SURACHET', 'KHANTHAKHET', '________', '_________', 4, NULL, NULL, NULL, NULL, NULL, NULL, NULL, 1, 1),
(1525, 'KANOKWAN', 'ANGKRATHOK', '_______', '_________', 4, NULL, NULL, NULL, NULL, NULL, NULL, NULL, 2, 2),
(1526, 'CHOTIMA', 'KRAJANGAIM', '______', '_____________', 4, NULL, NULL, NULL, NULL, NULL, NULL, NULL, 2, 3),
(1527, 'SASITORN', 'SITTISRI', '_____', '________', 3, NULL, NULL, NULL, NULL, NULL, NULL, NULL, 2, 3),
(1528, 'BENJAPORN', 'PROMMOUNWAI', '______', '____________', 3, NULL, NULL, NULL, NULL, NULL, NULL, NULL, 2, 4),
(1529, 'THITA', 'SONKLIN', '____', '_________', 4, NULL, NULL, NULL, NULL, NULL, NULL, NULL, 2, 4),
(1530, 'KITTIKORN', 'WISUTTHAKORN', '_______', '_________', 5, NULL, NULL, NULL, NULL, NULL, NULL, NULL, 1, 5),
(1531, 'NOPPARAT', 'SRIBUNNAK', '______', '_________', 5, NULL, NULL, NULL, NULL, NULL, NULL, NULL, 1, 5),
(1532, 'SHIQIAN', 'WANG', 'SHIQIAN', 'WANG', 0, NULL, NULL, NULL, NULL, NULL, NULL, NULL, 2, 5),
(1534, 'SURACHET', 'KHANTHAKHET', '________', '_________', 4, NULL, NULL, NULL, NULL, NULL, NULL, NULL, 1, 1),
(1535, 'SURACHET', 'KHANTHAKHET', '________', '_________', 4, NULL, NULL, NULL, NULL, NULL, NULL, NULL, 1, 1),
(1536, 'KANOKWAN', 'ANGKRATHOK', '_______', '_________', 4, NULL, NULL, NULL, NULL, NULL, NULL, NULL, 2, 2),
(1537, 'CHOTIMA', 'KRAJANGAIM', '______', '_____________', 4, NULL, NULL, NULL, NULL, NULL, NULL, NULL, 2, 3),
(1538, 'SASITORN', 'SITTISRI', '_____', '________', 3, NULL, NULL, NULL, NULL, NULL, NULL, NULL, 2, 3),
(1539, 'BENJAPORN', 'PROMMOUNWAI', '______', '____________', 3, NULL, NULL, NULL, NULL, NULL, NULL, NULL, 2, 4),
(1540, 'THITA', 'SONKLIN', '____', '_________', 4, NULL, NULL, NULL, NULL, NULL, NULL, NULL, 2, 4),
(1541, 'KITTIKORN', 'WISUTTHAKORN', '_______', '_________', 5, NULL, NULL, NULL, NULL, NULL, NULL, NULL, 1, 5),
(1542, 'NOPPARAT', 'SRIBUNNAK', '______', '_________', 5, NULL, NULL, NULL, NULL, NULL, NULL, NULL, 1, 5),
(1543, 'SHIQIAN', 'WANG', 'SHIQIAN', 'WANG', 0, NULL, NULL, NULL, NULL, NULL, NULL, NULL, 2, 5),
(1545, 'SURACHET', 'KHANTHAKHET', '________', '_________', 4, NULL, NULL, NULL, NULL, NULL, NULL, NULL, 1, 1),
(1546, 'SURACHET', 'KHANTHAKHET', '________', '_________', 4, NULL, NULL, NULL, NULL, NULL, NULL, NULL, 1, 1),
(1547, 'KANOKWAN', 'ANGKRATHOK', '_______', '_________', 4, NULL, NULL, NULL, NULL, NULL, NULL, NULL, 2, 2),
(1548, 'CHOTIMA', 'KRAJANGAIM', '______', '_____________', 4, NULL, NULL, NULL, NULL, NULL, NULL, NULL, 2, 3),
(1549, 'SASITORN', 'SITTISRI', '_____', '________', 3, NULL, NULL, NULL, NULL, NULL, NULL, NULL, 2, 3),
(1550, 'BENJAPORN', 'PROMMOUNWAI', '______', '____________', 3, NULL, NULL, NULL, NULL, NULL, NULL, NULL, 2, 4),
(1551, 'THITA', 'SONKLIN', '____', '_________', 4, NULL, NULL, NULL, NULL, NULL, NULL, NULL, 2, 4),
(1552, 'KITTIKORN', 'WISUTTHAKORN', '_______', '_________', 5, NULL, NULL, NULL, NULL, NULL, NULL, NULL, 1, 5),
(1553, 'NOPPARAT', 'SRIBUNNAK', '______', '_________', 5, NULL, NULL, NULL, NULL, NULL, NULL, NULL, 1, 5),
(1554, 'SHIQIAN', 'WANG', 'SHIQIAN', 'WANG', 0, NULL, NULL, NULL, NULL, NULL, NULL, NULL, 2, 5),
(1556, 'SURACHETii', 'KHANTHAKHET', '________', '_________', 2, NULL, NULL, NULL, NULL, NULL, NULL, NULL, 1, 1),
(1557, 'SURACHETii', 'KHANTHAKHET', '________', '_________', 2, NULL, NULL, NULL, NULL, NULL, NULL, NULL, 1, 1),
(1559, 'SURACHETii', 'KHANTHAKHET', '________', '_________', 2, NULL, NULL, NULL, NULL, NULL, NULL, NULL, 1, 1),
(1560, 'SURACHETii', 'KHANTHAKHET', '________', '_________', 2, NULL, NULL, NULL, NULL, NULL, NULL, NULL, 1, 1),
(1564, 'KITTIKORN', 'WISUTTHAKORN', '________', '_________', 2, NULL, NULL, NULL, NULL, NULL, NULL, NULL, 1, 1),
(1565, '1565', '1565', '1565', '1565', 2, NULL, NULL, NULL, NULL, NULL, NULL, NULL, 1, 1),
(1566, '1566', '1566', '1566', '1566', 4, NULL, NULL, NULL, NULL, NULL, NULL, NULL, 2, 2),
(1567, '1567', '1567', '1567', '1567', 4, NULL, NULL, NULL, NULL, NULL, NULL, NULL, 2, 3),
(1568, '1568', '1568', '1568', '1568', 3, NULL, NULL, NULL, NULL, NULL, NULL, NULL, 2, 3),
(1569, '1569', '1569', '1569', '1569', 3, NULL, NULL, NULL, NULL, NULL, NULL, NULL, 2, 4),
(1570, '1570', '1570', '1570', '1570', 4, NULL, NULL, NULL, NULL, NULL, NULL, NULL, 2, 4),
(1571, '1571', '1571', '1571', '1571', 5, NULL, NULL, NULL, NULL, NULL, NULL, NULL, 1, 5),
(1572, '1572', '1572', '1572', '1572', 5, NULL, NULL, NULL, NULL, NULL, NULL, NULL, 1, 5),
(1573, '1573', '1573', '1573', '1573', 0, NULL, NULL, NULL, NULL, NULL, NULL, NULL, 2, 5),
(1574, 'KITTIKORN', 'WISUTTHAKORN', 'KITTIKORN', 'WISUTTHAKORN', 2, NULL, NULL, NULL, NULL, NULL, NULL, NULL, 1, 1),
(1575, 'KANOKWAN', 'ANGKRATHOK', 'KANOKWAN', 'ANGKRATHOK', 4, NULL, NULL, NULL, NULL, NULL, NULL, NULL, 2, 2),
(1576, 'CHOTIMA', 'KRAJANGAIM', 'CHOTIMA', 'KRAJANGAIM', 4, NULL, NULL, NULL, NULL, NULL, NULL, NULL, 2, 3),
(1577, 'SASITORN', 'SITTISRI', 'SASITORN', 'SITTISRI', 3, NULL, NULL, NULL, NULL, NULL, NULL, NULL, 2, 3),
(1578, 'BENJAPORN', 'PROMMOUNWAI', 'BENJAPORN', 'PROMMOUNWAI', 3, NULL, NULL, NULL, NULL, NULL, NULL, NULL, 2, 4),
(1579, 'THITA', 'SONKLIN', 'THITA', 'SONKLIN', 4, NULL, NULL, NULL, NULL, NULL, NULL, NULL, 2, 4),
(1580, 'SURACHETii', 'KHANTHAKHET', 'SURACHETii', 'KHANTHAKHET', 5, NULL, NULL, NULL, NULL, NULL, NULL, NULL, 1, 5),
(1581, 'NOPPARAT', 'SRIBUNNAK', 'NOPPARAT', 'SRIBUNNAK', 5, NULL, NULL, NULL, NULL, NULL, NULL, NULL, 1, 5),
(1582, 'SHIQIAN', 'WANG', 'SHIQIAN', 'WANG', 0, NULL, NULL, NULL, NULL, NULL, NULL, NULL, 2, 5),
(1583, 'KITTIKORN', 'WISUTTHAKORN', '________', 'WISUTTHAKORN', 2, NULL, NULL, NULL, NULL, NULL, NULL, NULL, 1, 1),
(1584, 'KANOKWAN', 'ANGKRATHOK', '_______', 'ANGKRATHOK', 4, NULL, NULL, NULL, NULL, NULL, NULL, NULL, 2, 2),
(1585, 'CHOTIMA', 'KRAJANGAIM', '______', 'KRAJANGAIM', 4, NULL, NULL, NULL, NULL, NULL, NULL, NULL, 2, 3),
(1586, 'SASITORN', 'SITTISRI', '_____', 'SITTISRI', 3, NULL, NULL, NULL, NULL, NULL, NULL, NULL, 2, 3),
(1587, 'BENJAPORN', 'PROMMOUNWAI', '______', 'PROMMOUNWAI', 3, NULL, NULL, NULL, NULL, NULL, NULL, NULL, 2, 4),
(1588, 'THITA', 'SONKLIN', '____', 'SONKLIN', 4, NULL, NULL, NULL, NULL, NULL, NULL, NULL, 2, 4),
(1589, 'SURACHETii', 'KHANTHAKHET', '_______', 'KHANTHAKHET', 5, NULL, NULL, NULL, NULL, NULL, NULL, NULL, 1, 5),
(1590, 'NOPPARAT', 'SRIBUNNAK', '______', 'SRIBUNNAK', 5, NULL, NULL, NULL, NULL, NULL, NULL, NULL, 1, 5),
(1591, 'SHIQIAN', 'WANG', 'SHIQIAN', 'WANG', 0, NULL, NULL, NULL, NULL, NULL, NULL, NULL, 2, 5),
(1592, 'KITTIKORN', 'WISUTTHAKORN', '________', '_________', 2, NULL, NULL, NULL, NULL, NULL, NULL, NULL, 1, 1),
(1593, 'KANOKWAN', 'ANGKRATHOK', '_______', '_________', 4, NULL, NULL, NULL, NULL, NULL, NULL, NULL, 2, 2),
(1594, 'CHOTIMA', 'KRAJANGAIM', '______', '_____________', 4, NULL, NULL, NULL, NULL, NULL, NULL, NULL, 2, 3),
(1595, 'SASITORN', 'SITTISRI', '_____', '________', 3, NULL, NULL, NULL, NULL, NULL, NULL, NULL, 2, 3),
(1596, 'BENJAPORN', 'PROMMOUNWAI', '______', '____________', 3, NULL, NULL, NULL, NULL, NULL, NULL, NULL, 2, 4),
(1597, 'THITA', 'SONKLIN', '____', '_________', 4, NULL, NULL, NULL, NULL, NULL, NULL, NULL, 2, 4),
(1598, 'SURACHETii', 'KHANTHAKHET', '_______', '_________', 5, NULL, NULL, NULL, NULL, NULL, NULL, NULL, 1, 5),
(1599, 'NOPPARAT', 'SRIBUNNAK', '______', '_________', 5, NULL, NULL, NULL, NULL, NULL, NULL, NULL, 1, 5),
(1600, 'SHIQIAN', 'WANG', 'SHIQIAN', 'WANG', 0, NULL, NULL, NULL, NULL, NULL, NULL, NULL, 2, 5),
(1601, 'KITTIKORN', 'WISUTTHAKORN', '________', '_________', 2, NULL, NULL, NULL, NULL, NULL, NULL, NULL, 1, 1),
(1602, 'KANOKWAN', 'ANGKRATHOK', '_______', '_________', 4, NULL, NULL, NULL, NULL, NULL, NULL, NULL, 2, 2),
(1603, 'CHOTIMA', 'KRAJANGAIM', '______', '_____________', 4, NULL, NULL, NULL, NULL, NULL, NULL, NULL, 2, 3),
(1604, 'SASITORN', 'SITTISRI', '_____', '________', 3, NULL, NULL, NULL, NULL, NULL, NULL, NULL, 2, 3),
(1605, 'BENJAPORN', 'PROMMOUNWAI', '______', '____________', 3, NULL, NULL, NULL, NULL, NULL, NULL, NULL, 2, 4),
(1606, 'THITA', 'SONKLIN', '____', '_________', 4, NULL, NULL, NULL, NULL, NULL, NULL, NULL, 2, 4),
(1607, 'SURACHETii', 'KHANTHAKHET', '_______', '_________', 5, NULL, NULL, NULL, NULL, NULL, NULL, NULL, 1, 5),
(1608, 'NOPPARAT', 'SRIBUNNAK', '______', '_________', 5, NULL, NULL, NULL, NULL, NULL, NULL, NULL, 1, 5),
(1609, 'SHIQIAN', 'WANG', 'SHIQIAN', 'WANG', 0, NULL, NULL, NULL, NULL, NULL, NULL, NULL, 2, 5),
(1610, 'KITTIKORN', 'WISUTTHAKORN', '________', '_________', 2, NULL, NULL, NULL, NULL, NULL, NULL, NULL, 1, 1),
(1611, 'KANOKWAN', 'ANGKRATHOK', '_______', '_________', 4, NULL, NULL, NULL, NULL, NULL, NULL, NULL, 2, 2),
(1612, 'CHOTIMA', 'KRAJANGAIM', '______', '_____________', 4, NULL, NULL, NULL, NULL, NULL, NULL, NULL, 2, 3),
(1613, 'SASITORN', 'SITTISRI', '_____', '________', 3, NULL, NULL, NULL, NULL, NULL, NULL, NULL, 2, 3),
(1614, 'BENJAPORN', 'PROMMOUNWAI', '______', '____________', 3, NULL, NULL, NULL, NULL, NULL, NULL, NULL, 2, 4),
(1615, 'THITA', 'SONKLIN', '____', '_________', 4, NULL, NULL, NULL, NULL, NULL, NULL, NULL, 2, 4),
(1616, 'SURACHETii', 'KHANTHAKHET', '_______', '_________', 5, NULL, NULL, NULL, NULL, NULL, NULL, NULL, 1, 5),
(1617, 'NOPPARAT', 'SRIBUNNAK', '______', '_________', 5, NULL, NULL, NULL, NULL, NULL, NULL, NULL, 1, 5),
(1618, 'SHIQIAN', 'WANG', 'SHIQIAN', 'WANG', 0, NULL, NULL, NULL, NULL, NULL, NULL, NULL, 2, 5),
(1619, 'KITTIKORN', 'WISUTTHAKORN', '________', '_________', 2, NULL, NULL, NULL, NULL, NULL, NULL, NULL, 1, 1),
(1620, 'KITTIKORN', 'WISUTTHAKORN', '________', '_________', 2, NULL, NULL, NULL, NULL, NULL, NULL, NULL, 1, 1),
(1621, 'KITTIKORN', 'WISUTTHAKORN', '________', '_________', 2, NULL, NULL, NULL, NULL, NULL, NULL, NULL, 1, 1),
(1622, 'KITTIKORN', 'WISUTTHAKORN', '________', '_________', 2, NULL, NULL, NULL, NULL, NULL, NULL, NULL, 1, 1),
(1623, 'KITTIKORN', 'WISUTTHAKORN', '________', '_________', 2, NULL, NULL, NULL, NULL, NULL, NULL, NULL, 1, 1),
(1624, 'KITTIKORN', 'WISUTTHAKORN', '________', '_________', 2, NULL, NULL, NULL, NULL, NULL, NULL, NULL, 1, 1),
(1625, 'KITTIKORN', 'WISUTTHAKORN', '________', '_________', 2, NULL, NULL, NULL, NULL, NULL, NULL, NULL, 1, 1),
(1626, 'KANOKWAN', 'ANGKRATHOK', '_______', '_________', 4, NULL, NULL, NULL, NULL, NULL, NULL, NULL, 2, 2),
(1627, 'CHOTIMA', 'KRAJANGAIM', '______', '_____________', 4, NULL, NULL, NULL, NULL, NULL, NULL, NULL, 2, 3),
(1628, 'SASITORN', 'SITTISRI', '_____', '________', 3, NULL, NULL, NULL, NULL, NULL, NULL, NULL, 2, 3),
(1629, 'BENJAPORN', 'PROMMOUNWAI', '______', '____________', 3, NULL, NULL, NULL, NULL, NULL, NULL, NULL, 2, 4),
(1630, 'THITA', 'SONKLIN', '____', '_________', 4, NULL, NULL, NULL, NULL, NULL, NULL, NULL, 2, 4),
(1631, 'SURACHETii', 'KHANTHAKHET', '_______', '_________', 5, NULL, NULL, NULL, NULL, NULL, NULL, NULL, 1, 5),
(1632, 'NOPPARAT', 'SRIBUNNAK', '______', '_________', 5, NULL, NULL, NULL, NULL, NULL, NULL, NULL, 1, 5),
(1633, 'SHIQIAN', 'WANG', 'SHIQIAN', 'WANG', 0, NULL, NULL, NULL, NULL, NULL, NULL, NULL, 2, 5),
(1634, 'KITTIKORN', 'WISUTTHAKORN', '________', '_________', 2, NULL, NULL, NULL, NULL, NULL, NULL, NULL, 1, 1),
(1635, 'KANOKWAN', 'ANGKRATHOK', '_______', '_________', 4, NULL, NULL, NULL, NULL, NULL, NULL, NULL, 2, 2),
(1636, 'CHOTIMA', 'KRAJANGAIM', '______', '_____________', 4, NULL, NULL, NULL, NULL, NULL, NULL, NULL, 2, 3),
(1637, 'SASITORN', 'SITTISRI', '_____', '________', 3, NULL, NULL, NULL, NULL, NULL, NULL, NULL, 2, 3),
(1638, 'BENJAPORN', 'PROMMOUNWAI', '______', '____________', 3, NULL, NULL, NULL, NULL, NULL, NULL, NULL, 2, 4),
(1639, 'THITA', 'SONKLIN', '____', '_________', 4, NULL, NULL, NULL, NULL, NULL, NULL, NULL, 2, 4),
(1640, 'SURACHETii', 'KHANTHAKHET', '_______', '_________', 5, NULL, NULL, NULL, NULL, NULL, NULL, NULL, 1, 5),
(1641, 'NOPPARAT', 'SRIBUNNAK', '______', '_________', 5, NULL, NULL, NULL, NULL, NULL, NULL, NULL, 1, 5),
(1642, 'SHIQIAN', 'WANG', 'SHIQIAN', 'WANG', 0, NULL, NULL, NULL, NULL, NULL, NULL, NULL, 2, 5),
(1643, 'KITTIKORN', 'WISUTTHAKORN', '________', '_________', 2, NULL, NULL, NULL, NULL, NULL, NULL, NULL, 1, 1),
(1644, 'KITTIKORN', 'WISUTTHAKORN', '________', '_________', 2, NULL, NULL, NULL, NULL, NULL, NULL, NULL, 1, 1),
(1645, 'KANOKWAN', 'ANGKRATHOK', '_______', '_________', 4, NULL, NULL, NULL, NULL, NULL, NULL, NULL, 2, 2),
(1646, 'CHOTIMA', 'KRAJANGAIM', '______', '_____________', 4, NULL, NULL, NULL, NULL, NULL, NULL, NULL, 2, 3),
(1647, 'SASITORN', 'SITTISRI', '_____', '________', 3, NULL, NULL, NULL, NULL, NULL, NULL, NULL, 2, 3),
(1648, 'BENJAPORN', 'PROMMOUNWAI', '______', '____________', 3, NULL, NULL, NULL, NULL, NULL, NULL, NULL, 2, 4),
(1649, 'THITA', 'SONKLIN', '____', '_________', 4, NULL, NULL, NULL, NULL, NULL, NULL, NULL, 2, 4),
(1650, 'SURACHETii', 'KHANTHAKHET', '_______', '_________', 5, NULL, NULL, NULL, NULL, NULL, NULL, NULL, 1, 5),
(1651, 'NOPPARAT', 'SRIBUNNAK', '______', '_________', 5, NULL, NULL, NULL, NULL, NULL, NULL, NULL, 1, 5),
(1653, 'KITTIKORN', 'WISUTTHAKORN', '________', '_________', 2, '0000-00-00', '2147483647', NULL, NULL, NULL, NULL, NULL, 1, 1),
(1654, 'KANOKWAN', 'ANGKRATHOK', '_______', '_________', 4, '0000-00-00', '0', NULL, NULL, NULL, NULL, NULL, 2, 2),
(1655, 'CHOTIMA', 'KRAJANGAIM', '______', '_____________', 4, '0000-00-00', '2147483647', NULL, NULL, NULL, NULL, NULL, 2, 3),
(1656, 'SASITORN', 'SITTISRI', '_____', '________', 3, '0000-00-00', '2147483647', NULL, NULL, NULL, NULL, NULL, 2, 3),
(1657, 'BENJAPORN', 'PROMMOUNWAI', '______', '____________', 3, '0000-00-00', '2147483647', NULL, NULL, NULL, NULL, NULL, 2, 4),
(1658, 'THITA', 'SONKLIN', '____', '_________', 4, '0000-00-00', '0', NULL, NULL, NULL, NULL, NULL, 2, 4),
(1659, 'SURACHETii', 'KHANTHAKHET', '_______', '_________', 5, '0000-00-00', '0', NULL, NULL, NULL, NULL, NULL, 1, 5),
(1660, 'NOPPARAT', 'SRIBUNNAK', '______', '_________', 5, '0000-00-00', '2147483647', NULL, NULL, NULL, NULL, NULL, 1, 5),
(1661, 'SHIQIAN', 'WANG', 'SHIQIAN', 'WANG', 0, '2017-08-01', '2147483647', NULL, NULL, NULL, NULL, NULL, 2, 5),
(1662, 'KITTIKORN', 'WISUTTHAKORN', '________', '_________', 2, '1993-05-12', '1.8102E+12', NULL, NULL, NULL, NULL, NULL, 1, 1),
(1663, 'KANOKWAN', 'ANGKRATHOK', '_______', '_________', 4, '1993-02-23', 'AG7742541', NULL, NULL, NULL, NULL, NULL, 2, 2),
(1664, 'CHOTIMA', 'KRAJANGAIM', '______', '_____________', 4, '1992-10-31', '1.1008E+12', NULL, NULL, NULL, NULL, NULL, 2, 3),
(1665, 'SASITORN', 'SITTISRI', '_____', '________', 3, '1992-03-13', '1.1028E+12', NULL, NULL, NULL, NULL, NULL, 2, 3),
(1666, 'BENJAPORN', 'PROMMOUNWAI', '______', '____________', 3, '1993-03-21', '1.1406E+12', NULL, NULL, NULL, NULL, NULL, 2, 4),
(1667, 'THITA', 'SONKLIN', '____', '_________', 4, '1987-04-15', 'M8482286', NULL, NULL, NULL, NULL, NULL, 2, 4),
(1668, 'SURACHETii', 'KHANTHAKHET', '_______', '_________', 5, '1990-01-09', 'A05009109', NULL, NULL, NULL, NULL, NULL, 1, 5),
(1669, 'NOPPARAT', 'SRIBUNNAK', '______', '_________', 5, '1991-11-11', '1.6099E+12', NULL, NULL, NULL, NULL, NULL, 1, 5),
(1670, 'SHIQIAN', 'WANG', 'SHIQIAN', 'WANG', 0, '1992-01-22', '1.1037E+12', NULL, NULL, NULL, NULL, NULL, 2, 5),
(1671, 'KITTIKORN', 'WISUTTHAKORN', '________', '_________', 2, '1993-05-12', '1.8102E+12', NULL, NULL, NULL, NULL, NULL, 1, 1),
(1672, 'KITTIKORN', 'WISUTTHAKORN', '________', '_________', 2, '1993-05-12', '1.8102E+12', NULL, NULL, NULL, NULL, NULL, 1, 1),
(1673, 'KANOKWAN', 'ANGKRATHOK', '_______', '_________', 4, '1993-02-23', 'AG7742541', NULL, NULL, NULL, NULL, NULL, 2, 2),
(1674, 'CHOTIMA', 'KRAJANGAIM', '______', '_____________', 4, '1992-10-31', '1.1008E+12', NULL, NULL, NULL, NULL, NULL, 2, 3),
(1675, 'SASITORN', 'SITTISRI', '_____', '________', 3, '1992-03-13', '1.1028E+12', NULL, NULL, NULL, NULL, NULL, 2, 3),
(1676, 'BENJAPORN', 'PROMMOUNWAI', '______', '____________', 3, '1993-03-21', '1.1406E+12', NULL, NULL, NULL, NULL, NULL, 2, 4),
(1677, 'THITA', 'SONKLIN', '____', '_________', 4, '1987-04-15', 'M8482286', NULL, NULL, NULL, NULL, NULL, 2, 4),
(1678, 'SURACHETii', 'KHANTHAKHET', '_______', '_________', 5, '1990-01-09', 'A05009109', NULL, NULL, NULL, NULL, NULL, 1, 5),
(1679, 'NOPPARAT', 'SRIBUNNAK', '______', '_________', 5, '1991-11-11', '1.6099E+12', NULL, NULL, NULL, NULL, NULL, 1, 5),
(1680, 'SHIQIAN', 'WANG', 'SHIQIAN', 'WANG', 0, '1992-01-22', '1.1037E+12', NULL, NULL, NULL, NULL, NULL, 2, 5),
(1681, 'KITTIKORN', 'WISUTTHAKORN', '________', '_________', 2, '1993-05-12', '1.8102E+12', NULL, NULL, NULL, NULL, NULL, 1, 1),
(1682, 'KANOKWAN', 'ANGKRATHOK', '_______', '_________', 4, '1993-02-23', 'AG7742541', NULL, NULL, NULL, NULL, NULL, 2, 2),
(1683, 'CHOTIMA', 'KRAJANGAIM', '______', '_____________', 4, '1992-10-31', '1.1008E+12', NULL, NULL, NULL, NULL, NULL, 2, 3);
INSERT INTO `student_info` (`s_id`, `s_fname`, `s_lname`, `thai_fname`, `thai_lname`, `s_dob`, `date_of_birth`, `citizen_id`, `remark`, `origin_id`, `type_id`, `ref_id`, `national_id`, `title_title_id`, `status_id`) VALUES
(1684, 'SASITORN', 'SITTISRI', '_____', '________', 3, '1992-03-13', '1.1028E+12', NULL, NULL, NULL, NULL, NULL, 2, 3),
(1685, 'BENJAPORN', 'PROMMOUNWAI', '______', '____________', 3, '1993-03-21', '1.1406E+12', NULL, NULL, NULL, NULL, NULL, 2, 4),
(1686, 'THITA', 'SONKLIN', '____', '_________', 4, '1987-04-15', 'M8482286', NULL, NULL, NULL, NULL, NULL, 2, 4),
(1687, 'SURACHETii', 'KHANTHAKHET', '_______', '_________', 5, '1990-01-09', 'A05009109', NULL, NULL, NULL, NULL, NULL, 1, 5),
(1688, 'NOPPARAT', 'SRIBUNNAK', '______', '_________', 5, '1991-11-11', '1.6099E+12', NULL, NULL, NULL, NULL, NULL, 1, 5),
(1689, 'SHIQIAN', 'WANG', 'SHIQIAN', 'WANG', 0, '1992-01-22', '1.1037E+12', NULL, NULL, NULL, NULL, NULL, 2, 5),
(1690, 'KITTIKORN', 'WISUTTHAKORN', '________', '_________', 2, '1993-05-12', '1.8102E+12', NULL, NULL, NULL, NULL, NULL, 1, 1),
(1691, 'KANOKWAN', 'ANGKRATHOK', '_______', '_________', 4, '1993-02-23', 'AG7742541', NULL, NULL, NULL, NULL, NULL, 2, 2),
(1692, 'CHOTIMA', 'KRAJANGAIM', '______', '_____________', 4, '1992-10-31', '1.1008E+12', NULL, NULL, NULL, NULL, NULL, 2, 3),
(1693, 'SASITORN', 'SITTISRI', '_____', '________', 3, '1992-03-13', '1.1028E+12', NULL, NULL, NULL, NULL, NULL, 2, 3),
(1694, 'BENJAPORN', 'PROMMOUNWAI', '______', '____________', 3, '1993-03-21', '1.1406E+12', NULL, NULL, NULL, NULL, NULL, 2, 4),
(1695, 'THITA', 'SONKLIN', '____', '_________', 4, '1987-04-15', 'M8482286', NULL, NULL, NULL, NULL, NULL, 2, 4),
(1696, 'SURACHETii', 'KHANTHAKHET', '_______', '_________', 5, '1990-01-09', 'A05009109', NULL, NULL, NULL, NULL, NULL, 1, 5),
(1697, 'NOPPARAT', 'SRIBUNNAK', '______', '_________', 5, '1991-11-11', '1.6099E+12', NULL, NULL, NULL, NULL, NULL, 1, 5),
(1698, 'SHIQIAN', 'WANG', 'SHIQIAN', 'WANG', 0, '1992-01-22', '1.1037E+12', NULL, NULL, NULL, NULL, NULL, 2, 5),
(1699, 'KITTIKORN', 'WISUTTHAKORN', '________', '_________', 2, '1993-05-12', '1.8102E+12', NULL, NULL, NULL, NULL, NULL, 1, 1),
(1700, 'KITTIKORN', 'WISUTTHAKORN', '________', '_________', 2, '1993-05-12', '1.8102E+12', NULL, NULL, NULL, NULL, NULL, 1, 1),
(1701, 'KITTIKORN', 'WISUTTHAKORN', '________', '_________', 2, '1993-05-12', '1.8102E+12', NULL, NULL, NULL, NULL, NULL, 1, 1),
(1702, 'KITTIKORN', 'WISUTTHAKORN', '________', '_________', 2, '1993-05-12', '1.8102E+12', NULL, NULL, NULL, NULL, NULL, 1, 1),
(1703, 'KANOKWAN', 'ANGKRATHOK', '_______', '_________', 4, '1993-02-23', 'AG7742541', NULL, NULL, NULL, NULL, NULL, 2, 2),
(1704, 'CHOTIMA', 'KRAJANGAIM', '______', '_____________', 4, '1992-10-31', '1.1008E+12', NULL, NULL, NULL, NULL, NULL, 2, 3),
(1705, 'SASITORN', 'SITTISRI', '_____', '________', 3, '1992-03-13', '1.1028E+12', NULL, NULL, NULL, NULL, NULL, 2, 3),
(1706, 'BENJAPORN', 'PROMMOUNWAI', '______', '____________', 3, '1993-03-21', '1.1406E+12', NULL, NULL, NULL, NULL, NULL, 2, 4),
(1707, 'THITA', 'SONKLIN', '____', '_________', 4, '1987-04-15', 'M8482286', NULL, NULL, NULL, NULL, NULL, 2, 4),
(1708, 'SURACHETii', 'KHANTHAKHET', '_______', '_________', 5, '1990-01-09', 'A05009109', NULL, NULL, NULL, NULL, NULL, 1, 5),
(1709, 'NOPPARAT', 'SRIBUNNAK', '______', '_________', 5, '1991-11-11', '1.6099E+12', NULL, NULL, NULL, NULL, NULL, 1, 5),
(1710, 'SHIQIAN', 'WANG', 'SHIQIAN', 'WANG', 0, '1992-01-22', '1.1037E+12', NULL, NULL, NULL, NULL, NULL, 2, 5),
(1711, 'KITTIKORN', 'WISUTTHAKORN', '________', '_________', 2, '1993-05-12', '1.8102E+12', NULL, NULL, NULL, NULL, NULL, 1, 1),
(1712, 'KANOKWAN', 'ANGKRATHOK', '_______', '_________', 4, '1993-02-23', 'AG7742541', NULL, NULL, NULL, NULL, NULL, 2, 2),
(1713, 'KITTIKORN', 'WISUTTHAKORN', '________', '_________', 2, '1993-05-12', '1.8102E+12', NULL, NULL, NULL, NULL, NULL, 1, 1),
(1714, 'KITTIKORN', 'WISUTTHAKORN', '________', '_________', 2, '1993-05-12', '1.8102E+12', NULL, NULL, NULL, NULL, NULL, 1, 1),
(1715, 'KITTIKORN', 'WISUTTHAKORN', '________', '_________', 2, '1993-05-12', '1.8102E+12', NULL, NULL, NULL, NULL, NULL, 1, 1),
(1716, 'KITTIKORN', 'WISUTTHAKORN', '________', '_________', 2, '1993-05-12', '1.8102E+12', NULL, NULL, NULL, NULL, NULL, 1, 1),
(1717, 'KITTIKORN', 'WISUTTHAKORN', '________', '_________', 2, '1993-05-12', '1.8102E+12', NULL, NULL, NULL, NULL, NULL, 1, 1),
(1718, 'KITTIKORN', 'WISUTTHAKORN', '________', '_________', 2, '1993-05-12', '1.8102E+12', NULL, NULL, NULL, NULL, NULL, 1, 1),
(1719, 'KANOKWAN', 'ANGKRATHOK', '_______', '_________', 4, '1993-02-23', 'AG7742541', NULL, NULL, NULL, NULL, NULL, 2, 2),
(1720, 'CHOTIMA', 'KRAJANGAIM', '______', '_____________', 4, '1992-10-31', '1.1008E+12', NULL, NULL, NULL, NULL, NULL, 2, 3),
(1721, 'SASITORN', 'SITTISRI', '_____', '________', 3, '1992-03-13', '1.1028E+12', NULL, NULL, NULL, NULL, NULL, 2, 3),
(1722, 'BENJAPORN', 'PROMMOUNWAI', '______', '____________', 3, '1993-03-21', '1.1406E+12', NULL, NULL, NULL, NULL, NULL, 2, 4),
(1723, 'THITA', 'SONKLIN', '____', '_________', 4, '1987-04-15', 'M8482286', NULL, NULL, NULL, NULL, NULL, 2, 4),
(1724, 'SURACHETii', 'KHANTHAKHET', '_______', '_________', 5, '1990-01-09', 'A05009109', NULL, NULL, NULL, NULL, NULL, 1, 5),
(1725, 'NOPPARAT', 'SRIBUNNAK', '______', '_________', 5, '1991-11-11', '1.6099E+12', NULL, NULL, NULL, NULL, NULL, 1, 5),
(1726, 'SHIQIAN', 'WANG', 'SHIQIAN', 'WANG', 0, '1992-01-22', '1.1037E+12', NULL, NULL, NULL, NULL, NULL, 2, 5),
(1727, 'KITTIKORN', 'WISUTTHAKORN', '________', '_________', 2, '1993-05-12', '1.8102E+12', NULL, NULL, NULL, NULL, NULL, 1, 1),
(1728, 'KANOKWAN', 'ANGKRATHOK', '_______', '_________', 4, '1993-02-23', 'AG7742541', NULL, NULL, NULL, NULL, NULL, 2, 2),
(1729, 'CHOTIMA', 'KRAJANGAIM', '______', '_____________', 4, '1992-10-31', '1.1008E+12', NULL, NULL, NULL, NULL, NULL, 2, 3),
(1730, 'SASITORN', 'SITTISRI', '_____', '________', 3, '1992-03-13', '1.1028E+12', NULL, NULL, NULL, NULL, NULL, 2, 3),
(1731, 'BENJAPORN', 'PROMMOUNWAI', '______', '____________', 3, '1993-03-21', '1.1406E+12', NULL, NULL, NULL, NULL, NULL, 2, 4),
(1732, 'THITA', 'SONKLIN', '____', '_________', 4, '1987-04-15', 'M8482286', NULL, NULL, NULL, NULL, NULL, 2, 4),
(1733, 'SURACHETii', 'KHANTHAKHET', '_______', '_________', 5, '1990-01-09', 'A05009109', NULL, NULL, NULL, NULL, NULL, 1, 5),
(1734, 'NOPPARAT', 'SRIBUNNAK', '______', '_________', 5, '1991-11-11', '1.6099E+12', NULL, NULL, NULL, NULL, NULL, 1, 5),
(1735, 'SHIQIAN', 'WANG', 'SHIQIAN', 'WANG', 0, '1992-01-22', '1.1037E+12', NULL, NULL, NULL, NULL, NULL, 2, 5),
(1736, 'KITTIKORN', 'WISUTTHAKORN', '________', '_________', 2, '1993-05-12', '1.8102E+12', NULL, NULL, NULL, NULL, NULL, 1, 1),
(1737, 'KITTIKORN', 'WISUTTHAKORN', '________', '_________', 2, '1993-05-12', '1.8102E+12', NULL, NULL, NULL, NULL, NULL, 1, 1),
(1738, 'KITTIKORN', 'WISUTTHAKORN', '________', '_________', 2, '1993-05-12', '1.8102E+12', NULL, NULL, NULL, NULL, NULL, 1, 1),
(1739, 'KITTIKORN', 'WISUTTHAKORN', '________', '_________', 2, '1993-05-12', '1.8102E+12', NULL, NULL, NULL, NULL, NULL, 1, 1),
(1740, 'KITTIKORN', 'WISUTTHAKORN', '________', '_________', 2, '1993-05-12', '1.8102E+12', NULL, NULL, NULL, NULL, NULL, 1, 1),
(1741, 'KANOKWAN', 'ANGKRATHOK', '_______', '_________', 4, '1993-02-23', 'AG7742541', NULL, NULL, NULL, NULL, NULL, 2, 2),
(1742, 'CHOTIMA', 'KRAJANGAIM', '______', '_____________', 4, '1992-10-31', '1.1008E+12', NULL, NULL, NULL, NULL, NULL, 2, 3),
(1743, 'SASITORN', 'SITTISRI', '_____', '________', 3, '1992-03-13', '1.1028E+12', NULL, NULL, NULL, NULL, NULL, 2, 3),
(1744, 'BENJAPORN', 'PROMMOUNWAI', '______', '____________', 3, '1993-03-21', '1.1406E+12', NULL, NULL, NULL, NULL, NULL, 2, 4),
(1745, 'THITA', 'SONKLIN', '____', '_________', 4, '1987-04-15', 'M8482286', NULL, NULL, NULL, NULL, NULL, 2, 4),
(1746, 'SURACHETii', 'KHANTHAKHET', '_______', '_________', 5, '1990-01-09', 'A05009109', NULL, NULL, NULL, NULL, NULL, 1, 5),
(1747, 'NOPPARAT', 'SRIBUNNAK', '______', '_________', 5, '1991-11-11', '1.6099E+12', NULL, NULL, NULL, NULL, NULL, 1, 5),
(1748, 'SHIQIAN', 'WANG', 'SHIQIAN', 'WANG', 0, '1992-01-22', '1.1037E+12', NULL, NULL, NULL, NULL, NULL, 2, 5),
(1749, 'KITTIKORN', 'WISUTTHAKORN', '________', '_________', 2, '1993-05-12', '1.8102E+12', NULL, NULL, NULL, NULL, NULL, 1, 1),
(1750, 'KANOKWAN', 'ANGKRATHOK', '_______', '_________', 4, '1993-02-23', 'AG7742541', NULL, NULL, NULL, NULL, NULL, 2, 2),
(1751, 'CHOTIMA', 'KRAJANGAIM', '______', '_____________', 4, '1992-10-31', '1.1008E+12', NULL, NULL, NULL, NULL, NULL, 2, 3),
(1752, 'SASITORN', 'SITTISRI', '_____', '________', 3, '1992-03-13', '1.1028E+12', NULL, NULL, NULL, NULL, NULL, 2, 3),
(1753, 'BENJAPORN', 'PROMMOUNWAI', '______', '____________', 3, '1993-03-21', '1.1406E+12', NULL, NULL, NULL, NULL, NULL, 2, 4),
(1754, 'THITA', 'SONKLIN', '____', '_________', 4, '1987-04-15', 'M8482286', NULL, NULL, NULL, NULL, NULL, 2, 4),
(1755, 'SURACHETii', 'KHANTHAKHET', '_______', '_________', 5, '1990-01-09', 'A05009109', NULL, NULL, NULL, NULL, NULL, 1, 5),
(1756, 'NOPPARAT', 'SRIBUNNAK', '______', '_________', 5, '1991-11-11', '1.6099E+12', NULL, NULL, NULL, NULL, NULL, 1, 5),
(1757, 'SHIQIAN', 'WANG', 'SHIQIAN', 'WANG', 0, '1992-01-22', '1.1037E+12', NULL, NULL, NULL, NULL, NULL, 2, 5),
(1758, 'KITTIKORN', 'WISUTTHAKORN', '________', '_________', 2, '1993-05-12', '1.8102E+12', NULL, NULL, NULL, NULL, NULL, 1, 1),
(1759, 'KANOKWAN', 'ANGKRATHOK', '_______', '_________', 4, '1993-02-23', 'AG7742541', NULL, NULL, NULL, NULL, NULL, 2, 2),
(1760, 'CHOTIMA', 'KRAJANGAIM', '______', '_____________', 4, '1992-10-31', '1.1008E+12', NULL, NULL, NULL, NULL, NULL, 2, 3),
(1761, 'SASITORN', 'SITTISRI', '_____', '________', 3, '1992-03-13', '1.1028E+12', NULL, NULL, NULL, NULL, NULL, 2, 3),
(1762, 'BENJAPORN', 'PROMMOUNWAI', '______', '____________', 3, '1993-03-21', '1.1406E+12', NULL, NULL, NULL, NULL, NULL, 2, 4),
(1763, 'THITA', 'SONKLIN', '____', '_________', 4, '1987-04-15', 'M8482286', NULL, NULL, NULL, NULL, NULL, 2, 4),
(1764, 'SURACHETii', 'KHANTHAKHET', '_______', '_________', 5, '1990-01-09', 'A05009109', NULL, NULL, NULL, NULL, NULL, 1, 5),
(1765, 'NOPPARAT', 'SRIBUNNAK', '______', '_________', 5, '1991-11-11', '1.6099E+12', NULL, NULL, NULL, NULL, NULL, 1, 5),
(1767, 'KITTIKORN', 'WISUTTHAKORN', '________', '_________', 2, '1993-05-12', '1.8102E+12', NULL, NULL, NULL, NULL, NULL, 1, 1),
(1768, 'KITTIKORN', 'WISUTTHAKORN', '________', '_________', 2, '1993-05-12', '1.8102E+12', NULL, NULL, NULL, NULL, NULL, 1, 1),
(1769, 'KITTIKORN', 'WISUTTHAKORN', '________', '_________', 2, '1993-05-12', '1.8102E+12', NULL, NULL, NULL, NULL, NULL, 1, 1),
(1770, 'KITTIKORN', 'WISUTTHAKORN', '________', '_________', 2, '1993-05-12', '1.8102E+12', NULL, NULL, NULL, NULL, NULL, 1, 1),
(1771, 'KITTIKORN', 'WISUTTHAKORN', '________', '_________', 2, '1993-05-12', '1.8102E+12', NULL, NULL, NULL, NULL, NULL, 1, 1),
(1772, 'KANOKWAN', 'ANGKRATHOK', '_______', '_________', 4, '1993-02-23', 'AG7742541', NULL, NULL, NULL, NULL, NULL, 2, 2),
(1773, 'CHOTIMA', 'KRAJANGAIM', '______', '_____________', 4, '1992-10-31', '1.1008E+12', NULL, NULL, NULL, NULL, NULL, 2, 3),
(1774, 'SASITORN', 'SITTISRI', '_____', '________', 3, '1992-03-13', '1.1028E+12', NULL, NULL, NULL, NULL, NULL, 2, 3),
(1775, 'BENJAPORN', 'PROMMOUNWAI', '______', '____________', 3, '1993-03-21', '1.1406E+12', NULL, NULL, NULL, NULL, NULL, 2, 4),
(1776, 'THITA', 'SONKLIN', '____', '_________', 4, '1987-04-15', 'M8482286', NULL, NULL, NULL, NULL, NULL, 2, 4),
(1777, 'SURACHETii', 'KHANTHAKHET', '_______', '_________', 5, '1990-01-09', 'A05009109', NULL, NULL, NULL, NULL, NULL, 1, 5),
(1778, 'NOPPARAT', 'SRIBUNNAK', '______', '_________', 5, '1991-11-11', '1.6099E+12', NULL, NULL, NULL, NULL, NULL, 1, 5),
(1779, 'SHIQIAN', 'WANG', 'SHIQIAN', 'WANG', 0, '1992-01-22', '1.1037E+12', NULL, NULL, NULL, NULL, NULL, 2, 5),
(1780, 'KITTIKORN', 'WISUTTHAKORN', '________', '_________', 2, '1993-05-12', '1.8102E+12', NULL, NULL, NULL, NULL, NULL, 1, 1),
(1781, 'KANOKWAN', 'ANGKRATHOK', '_______', '_________', 4, '1993-02-23', 'AG7742541', NULL, NULL, NULL, NULL, NULL, 2, 2),
(1782, 'CHOTIMA', 'KRAJANGAIM', '______', '_____________', 4, '1992-10-31', '1.1008E+12', NULL, NULL, NULL, NULL, NULL, 2, 3),
(1783, 'SASITORN', 'SITTISRI', '_____', '________', 3, '1992-03-13', '1.1028E+12', NULL, NULL, NULL, NULL, NULL, 2, 3),
(1784, 'BENJAPORN', 'PROMMOUNWAI', '______', '____________', 3, '1993-03-21', '1.1406E+12', NULL, NULL, NULL, NULL, NULL, 2, 4),
(1785, 'THITA', 'SONKLIN', '____', '_________', 4, '1987-04-15', 'M8482286', NULL, NULL, NULL, NULL, NULL, 2, 4),
(1786, 'SURACHETii', 'KHANTHAKHET', '_______', '_________', 5, '1990-01-09', 'A05009109', NULL, NULL, NULL, NULL, NULL, 1, 5),
(1787, 'NOPPARAT', 'SRIBUNNAK', '______', '_________', 5, '1991-11-11', '1.6099E+12', NULL, NULL, NULL, NULL, NULL, 1, 5),
(1788, 'SHIQIAN', 'WANG', 'SHIQIAN', 'WANG', 0, '1992-01-22', '1.1037E+12', NULL, NULL, NULL, NULL, NULL, 2, 5),
(1789, 'KITTIKORN', 'WISUTTHAKORN', '________', '_________', 2, '1993-05-12', '1.8102E+12', NULL, NULL, NULL, NULL, NULL, 1, 1),
(1790, 'KANOKWAN', 'ANGKRATHOK', '_______', '_________', 4, '1993-02-23', 'AG7742541', NULL, NULL, NULL, NULL, NULL, 2, 2),
(1791, 'CHOTIMA', 'KRAJANGAIM', '______', '_____________', 4, '1992-10-31', '1.1008E+12', NULL, NULL, NULL, NULL, NULL, 2, 3),
(1792, 'SASITORN', 'SITTISRI', '_____', '________', 3, '1992-03-13', '1.1028E+12', NULL, NULL, NULL, NULL, NULL, 2, 3),
(1793, 'BENJAPORN', 'PROMMOUNWAI', '______', '____________', 3, '1993-03-21', '1.1406E+12', NULL, NULL, NULL, NULL, NULL, 2, 4),
(1794, 'THITA', 'SONKLIN', '____', '_________', 4, '1987-04-15', 'M8482286', NULL, NULL, NULL, NULL, NULL, 2, 4),
(1795, 'SURACHETii', 'KHANTHAKHET', '_______', '_________', 5, '1990-01-09', 'A05009109', NULL, NULL, NULL, NULL, NULL, 1, 5),
(1796, 'NOPPARAT', 'SRIBUNNAK', '______', '_________', 5, '1991-11-11', '1.6099E+12', NULL, NULL, NULL, NULL, NULL, 1, 5),
(1797, 'SHIQIAN', 'WANG', 'SHIQIAN', 'WANG', 0, '1992-01-22', '1.1037E+12', NULL, NULL, NULL, NULL, NULL, 2, 5),
(1798, 'KITTIKORNppppp', 'WISUTTHAKORN', '________', '_________', 2, '1993-05-12', '1.8102E+12', NULL, NULL, NULL, NULL, NULL, 1, 1),
(1799, 'KANOKWAN', 'ANGKRATHOK', '_______', '_________', 4, '1993-02-23', 'AG7742541', NULL, NULL, NULL, NULL, NULL, 2, 2),
(1800, 'CHOTIMA', 'KRAJANGAIM', '______', '_____________', 4, '1992-10-31', '1.1008E+12', NULL, NULL, NULL, NULL, NULL, 2, 3),
(1801, 'SASITORNpppppppppppp', 'SITTISRI', '_____', '________', 3, '1992-03-13', '1.1028E+12', NULL, NULL, NULL, NULL, NULL, 2, 3),
(1802, 'BENJAPORN', 'PROMMOUNWAI', '______', '____________', 3, '1993-03-21', '1.1406E+12', NULL, NULL, NULL, NULL, NULL, 2, 4),
(1803, 'THITA', 'SONKLIN', '____', '_________', 4, '1987-04-15', 'M8482286', NULL, NULL, NULL, NULL, NULL, 2, 4),
(1804, 'SURACHETii', 'KHANTHAKHET', '_______', '_________', 5, '1990-01-09', 'A05009109', NULL, NULL, NULL, NULL, NULL, 1, 5),
(1805, 'NOPPARAT', 'SRIBUNNAK', '______', '_________', 5, '1991-11-11', '1.6099E+12', NULL, NULL, NULL, NULL, NULL, 1, 5),
(1806, 'SHIQIAN', 'WANG', 'SHIQIAN', 'WANG', 0, '1992-01-22', '1.1037E+12', NULL, NULL, NULL, NULL, NULL, 2, 5),
(1807, 'personal', 'personal', NULL, NULL, NULL, NULL, NULL, NULL, NULL, NULL, NULL, NULL, 1, 1),
(1808, 'personal', 'personal', NULL, NULL, NULL, NULL, NULL, NULL, NULL, NULL, NULL, NULL, 1, 1),
(1809, 'personal', 'personal', NULL, NULL, NULL, NULL, NULL, NULL, NULL, NULL, NULL, NULL, 1, 1),
(1810, 'aaa', 'aaaa', NULL, NULL, NULL, NULL, NULL, NULL, NULL, NULL, NULL, NULL, 1, 1),
(1811, '3333', '33333', NULL, NULL, NULL, NULL, NULL, NULL, NULL, NULL, NULL, NULL, 1, 1),
(1812, '333344', '33333444', NULL, NULL, NULL, NULL, NULL, NULL, NULL, NULL, NULL, NULL, 1, 1),
(1813, '33334455555', '33333444', NULL, NULL, NULL, NULL, NULL, NULL, NULL, NULL, NULL, NULL, 1, 1),
(1814, 'per', 'per', NULL, NULL, NULL, NULL, NULL, NULL, NULL, NULL, NULL, NULL, 1, 1),
(1815, 'per2', 'per2', NULL, NULL, NULL, NULL, NULL, NULL, NULL, NULL, NULL, NULL, 1, 1),
(1816, '55', '55', NULL, NULL, NULL, NULL, NULL, NULL, NULL, NULL, NULL, NULL, 1, 1),
(1817, 'ins', 'ins', NULL, NULL, NULL, NULL, NULL, NULL, NULL, NULL, NULL, NULL, 1, 1),
(1818, 'aaaa', 'aaaaa', NULL, NULL, NULL, NULL, NULL, NULL, NULL, NULL, NULL, NULL, 1, 1),
(1819, 'wex', 'wex', NULL, NULL, NULL, NULL, NULL, NULL, NULL, NULL, NULL, NULL, 1, 1),
(1820, 'wexqq', 'wexqq', NULL, NULL, NULL, NULL, NULL, NULL, NULL, NULL, NULL, NULL, 1, 1),
(1821, 'aaaas', 'aaaas', NULL, NULL, NULL, NULL, NULL, NULL, NULL, NULL, NULL, NULL, 1, 1),
(1822, 'eeeext', 'eeeee', NULL, NULL, NULL, NULL, NULL, NULL, NULL, NULL, NULL, NULL, 1, 1),
(1823, 'ext', 'eeeee', NULL, NULL, NULL, NULL, NULL, NULL, NULL, NULL, NULL, NULL, 1, 1),
(1824, 'extii', 'eeeee', NULL, NULL, NULL, NULL, NULL, NULL, NULL, NULL, NULL, NULL, 1, 1),
(1825, 'extqq', 'extaaa', NULL, NULL, NULL, NULL, NULL, NULL, NULL, NULL, NULL, NULL, 1, 1),
(1826, 'extdate000', 'eeee', NULL, NULL, NULL, NULL, NULL, NULL, NULL, NULL, NULL, NULL, 1, 1),
(1827, 'hob', 'hob', NULL, NULL, NULL, NULL, NULL, NULL, NULL, NULL, NULL, NULL, 1, 1),
(1828, 'hob', 'hob', NULL, NULL, NULL, NULL, NULL, NULL, NULL, NULL, NULL, NULL, 1, 1),
(1829, 'hob', 'hob', NULL, NULL, NULL, NULL, NULL, NULL, NULL, NULL, NULL, NULL, 1, 1),
(1830, 'cha', 'cha', NULL, NULL, NULL, NULL, NULL, NULL, NULL, NULL, NULL, NULL, 1, 1),
(1831, 'chaiiwww', 'chaii', NULL, NULL, NULL, NULL, NULL, NULL, NULL, NULL, NULL, NULL, 1, 1),
(1832, 'KITTIPANch', 'PRASERTSANGch', 'กิตติพันธ์ch', 'ประเสริฐสังข์ch', NULL, NULL, NULL, 'eieich', NULL, NULL, NULL, NULL, 1, 1),
(1833, 'ff', 'ff', NULL, NULL, NULL, NULL, NULL, NULL, NULL, NULL, NULL, NULL, 1, 1);

-- --------------------------------------------------------

--
-- Table structure for table `student_national_info`
--

CREATE TABLE `student_national_info` (
  `national_id` int(11) NOT NULL,
  `thai_id` int(11) DEFAULT NULL,
  `passport_no` varchar(15) DEFAULT NULL
) ENGINE=InnoDB DEFAULT CHARSET=utf8;

-- --------------------------------------------------------

--
-- Table structure for table `student_origin`
--

CREATE TABLE `student_origin` (
  `origin_id` int(11) NOT NULL,
  `origin_name` varchar(20) NOT NULL
) ENGINE=InnoDB DEFAULT CHARSET=utf8;

--
-- Dumping data for table `student_origin`
--

INSERT INTO `student_origin` (`origin_id`, `origin_name`) VALUES
(1, 'International'),
(2, 'Local');

-- --------------------------------------------------------

--
-- Table structure for table `student_reference_info`
--

CREATE TABLE `student_reference_info` (
  `ref_id` int(11) NOT NULL,
  `ref_fname` varchar(20) DEFAULT NULL,
  `ref_lname` varchar(20) DEFAULT NULL,
  `ref_contact` varchar(12) DEFAULT NULL,
  `ref_email` varchar(100) DEFAULT NULL
) ENGINE=InnoDB DEFAULT CHARSET=utf8;

-- --------------------------------------------------------

--
-- Table structure for table `student_relationship`
--

CREATE TABLE `student_relationship` (
  `relation_id` int(11) NOT NULL,
  `s_id` int(11) DEFAULT NULL,
  `relation_type` varchar(50) DEFAULT NULL,
  `relation_fname` varchar(20) DEFAULT NULL,
  `relation_lname` varchar(20) DEFAULT NULL,
  `relation_occupation` varchar(50) DEFAULT NULL,
  `relation_contact` varchar(20) DEFAULT NULL
) ENGINE=InnoDB DEFAULT CHARSET=utf8;

--
-- Dumping data for table `student_relationship`
--

INSERT INTO `student_relationship` (`relation_id`, `s_id`, `relation_type`, `relation_fname`, `relation_lname`, `relation_occupation`, `relation_contact`) VALUES
(1, 1798, NULL, NULL, NULL, NULL, NULL),
(2, 1799, NULL, NULL, NULL, NULL, NULL),
(3, 1800, NULL, NULL, NULL, NULL, NULL),
(4, 1801, NULL, NULL, NULL, NULL, NULL),
(5, 1802, NULL, NULL, NULL, NULL, NULL),
(6, 1803, NULL, NULL, NULL, NULL, NULL),
(7, 1804, NULL, NULL, NULL, NULL, NULL),
(8, 1805, NULL, NULL, NULL, NULL, NULL),
(9, 1806, NULL, NULL, NULL, NULL, NULL),
(10, 1814, NULL, NULL, NULL, NULL, NULL),
(11, 1815, NULL, NULL, NULL, NULL, NULL),
(12, 1816, NULL, NULL, NULL, NULL, NULL),
(13, 1817, NULL, NULL, NULL, NULL, NULL),
(14, 1818, NULL, NULL, NULL, NULL, NULL),
(15, 1819, NULL, NULL, NULL, NULL, NULL),
(16, 1820, NULL, NULL, NULL, NULL, NULL),
(17, 1821, NULL, NULL, NULL, NULL, NULL),
(18, 1822, NULL, NULL, NULL, NULL, NULL),
(19, 1823, NULL, NULL, NULL, NULL, NULL),
(20, 1824, NULL, NULL, NULL, NULL, NULL),
(21, 1825, NULL, NULL, NULL, NULL, NULL),
(22, 1826, NULL, NULL, NULL, NULL, NULL),
(23, 1827, NULL, NULL, NULL, NULL, NULL),
(24, 1828, NULL, NULL, NULL, NULL, NULL),
(25, 1829, NULL, NULL, NULL, NULL, NULL),
(29, 1830, NULL, NULL, NULL, NULL, NULL),
(30, 1831, NULL, NULL, NULL, NULL, NULL),
(31, 1832, 'Motherch', 'Bongkochch', 'Prasertsangch', 'Godch', '099899022'),
(33, 1833, NULL, NULL, NULL, NULL, NULL);

-- --------------------------------------------------------

--
-- Table structure for table `student_status`
--

CREATE TABLE `student_status` (
  `status_id` int(11) NOT NULL,
  `status_desc` varchar(45) CHARACTER SET utf8 NOT NULL
) ENGINE=InnoDB DEFAULT CHARSET=latin1;

--
-- Dumping data for table `student_status`
--

INSERT INTO `student_status` (`status_id`, `status_desc`) VALUES
(1, 'On Process'),
(2, 'Waiting on Board'),
(3, 'Reject'),
(4, 'Trainee'),
(5, 'End Trainee');

-- --------------------------------------------------------

--
-- Table structure for table `student_type`
--

CREATE TABLE `student_type` (
  `type_id` int(11) NOT NULL,
  `type_name` varchar(20) NOT NULL
) ENGINE=InnoDB DEFAULT CHARSET=utf8;

--
-- Dumping data for table `student_type`
--

INSERT INTO `student_type` (`type_id`, `type_name`) VALUES
(1, 'Applicant'),
(2, 'Trainee');

-- --------------------------------------------------------

--
-- Table structure for table `supervisor_info`
--

CREATE TABLE `supervisor_info` (
  `spv_id` int(11) NOT NULL,
  `spv_fname` varchar(20) NOT NULL,
  `spv_lname` varchar(20) NOT NULL,
  `spv_job` varchar(50) NOT NULL,
  `spv_ext` int(6) DEFAULT NULL,
  `spv_email` varchar(45) DEFAULT NULL,
  `spv_mobile` int(10) DEFAULT NULL,
  `spv_dept` int(2) DEFAULT NULL,
  `spv_bdg` int(2) DEFAULT NULL
) ENGINE=InnoDB DEFAULT CHARSET=utf8;

--
-- Dumping data for table `supervisor_info`
--

INSERT INTO `supervisor_info` (`spv_id`, `spv_fname`, `spv_lname`, `spv_job`, `spv_ext`, `spv_email`, `spv_mobile`, `spv_dept`, `spv_bdg`) VALUES
(1, 'Theerasak', 'S.', 'Manager', 77602, 'theerasak.Sa-nguanmanasak@wdc.com', 888888888, 3, 3),
(2, 'Sutthida', 'C.', 'Asst. Manager', 77603, 'sutthida.chan-okul@wdc.com', 999999999, 3, 3),
(3, '', '', '', NULL, NULL, NULL, NULL, NULL);

-- --------------------------------------------------------

--
-- Table structure for table `supervisor_info_has_student_info`
--

CREATE TABLE `supervisor_info_has_student_info` (
  `supervisor_info_spv_id` int(11) DEFAULT NULL,
  `student_info_s_id` int(11) NOT NULL
) ENGINE=InnoDB DEFAULT CHARSET=utf8;

--
-- Dumping data for table `supervisor_info_has_student_info`
--

INSERT INTO `supervisor_info_has_student_info` (`supervisor_info_spv_id`, `student_info_s_id`) VALUES
(NULL, 1798),
(NULL, 1801),
(NULL, 1816),
(NULL, 1817),
(NULL, 1818),
(NULL, 1819),
(NULL, 1820),
(NULL, 1824),
(NULL, 1825),
(NULL, 1826),
(NULL, 1831),
(NULL, 1833),
(1, 1672),
(1, 1673),
(1, 1674),
(1, 1675),
(1, 1681),
(1, 1682),
(1, 1683),
(1, 1684),
(1, 1690),
(1, 1691),
(1, 1692),
(1, 1693),
(1, 1702),
(1, 1703),
(1, 1704),
(1, 1705),
(1, 1711),
(1, 1718),
(1, 1719),
(1, 1720),
(1, 1721),
(1, 1727),
(1, 1728),
(1, 1729),
(1, 1730),
(1, 1740),
(1, 1741),
(1, 1742),
(1, 1743),
(1, 1749),
(1, 1750),
(1, 1751),
(1, 1752),
(1, 1758),
(1, 1759),
(1, 1760),
(1, 1761),
(1, 1771),
(1, 1772),
(1, 1773),
(1, 1774),
(1, 1780),
(1, 1781),
(1, 1782),
(1, 1783),
(1, 1789),
(1, 1790),
(1, 1791),
(1, 1792),
(1, 1799),
(1, 1800),
(1, 1832),
(2, 1676),
(2, 1677),
(2, 1678),
(2, 1685),
(2, 1686),
(2, 1687),
(2, 1688),
(2, 1694),
(2, 1695),
(2, 1696),
(2, 1697),
(2, 1706),
(2, 1707),
(2, 1708),
(2, 1709),
(2, 1722),
(2, 1723),
(2, 1724),
(2, 1725),
(2, 1731),
(2, 1732),
(2, 1733),
(2, 1734),
(2, 1744),
(2, 1745),
(2, 1746),
(2, 1747),
(2, 1753),
(2, 1754),
(2, 1755),
(2, 1756),
(2, 1762),
(2, 1763),
(2, 1764),
(2, 1765),
(2, 1775),
(2, 1776),
(2, 1777),
(2, 1778),
(2, 1784),
(2, 1785),
(2, 1786),
(2, 1787),
(2, 1793),
(2, 1794),
(2, 1795),
(2, 1796),
(2, 1802),
(2, 1803),
(2, 1804),
(2, 1805),
(3, 1679),
(3, 1680),
(3, 1689),
(3, 1698),
(3, 1710),
(3, 1726),
(3, 1735),
(3, 1748),
(3, 1757),
(3, 1779),
(3, 1788),
(3, 1797),
(3, 1806);

-- --------------------------------------------------------

--
-- Table structure for table `title`
--

CREATE TABLE `title` (
  `title_id` int(11) NOT NULL,
  `title_name` varchar(45) NOT NULL,
  `sex` varchar(45) NOT NULL
) ENGINE=InnoDB DEFAULT CHARSET=utf8;

--
-- Dumping data for table `title`
--

INSERT INTO `title` (`title_id`, `title_name`, `sex`) VALUES
(1, 'MR.', 'MALE'),
(2, 'MS.', 'FEMALE');

-- --------------------------------------------------------

--
-- Table structure for table `trainee_account`
--

CREATE TABLE `trainee_account` (
  `trainee_acc_id` int(11) NOT NULL,
  `account_name` varchar(40) DEFAULT NULL,
  `trainee_email` varchar(50) DEFAULT NULL,
  `keycard_id` varchar(20) DEFAULT NULL
) ENGINE=InnoDB DEFAULT CHARSET=utf8;

--
-- Dumping data for table `trainee_account`
--

INSERT INTO `trainee_account` (`trainee_acc_id`, `account_name`, `trainee_email`, `keycard_id`) VALUES
(1, NULL, NULL, NULL),
(2, NULL, NULL, NULL),
(3, NULL, NULL, NULL),
(4, NULL, NULL, NULL),
(5, NULL, NULL, NULL),
(6, NULL, NULL, NULL),
(7, NULL, NULL, NULL),
(8, NULL, NULL, NULL),
(9, NULL, NULL, NULL),
(10, NULL, NULL, NULL),
(11, NULL, NULL, NULL),
(12, NULL, NULL, NULL),
(13, NULL, NULL, NULL),
(14, NULL, NULL, NULL),
(15, NULL, NULL, NULL),
(16, NULL, NULL, NULL),
(17, NULL, NULL, NULL),
(18, NULL, NULL, NULL),
(19, NULL, NULL, NULL),
(20, NULL, NULL, NULL),
(21, NULL, NULL, NULL),
(22, NULL, NULL, NULL),
(23, NULL, NULL, NULL),
(24, NULL, NULL, NULL),
(25, NULL, NULL, NULL),
(26, NULL, NULL, NULL),
(27, NULL, NULL, NULL),
(28, 'AAAABBBBFFFF', 'kkkkkk.p@gggmail.com', '099898'),
(29, NULL, '.com@@@@', '09888769000099'),
(30, NULL, NULL, NULL),
(31, NULL, NULL, NULL),
(32, NULL, NULL, NULL),
(33, NULL, NULL, NULL),
(34, NULL, NULL, NULL),
(35, NULL, '@emal', NULL),
(36, NULL, NULL, NULL),
(37, NULL, '@tni.com', '1232345345'),
(38, NULL, '#rrsfsdgsdfg@eded', '99868554767566222'),
(39, NULL, NULL, NULL),
(40, NULL, '@', '1123221'),
(41, NULL, NULL, NULL),
(42, NULL, NULL, NULL),
(43, NULL, NULL, NULL),
(44, NULL, NULL, NULL),
(45, NULL, NULL, NULL),
(46, NULL, NULL, NULL),
(47, NULL, NULL, NULL),
(48, NULL, NULL, NULL),
(49, NULL, NULL, NULL),
(50, NULL, NULL, NULL),
(51, NULL, NULL, NULL),
(52, NULL, NULL, NULL),
(53, NULL, NULL, NULL),
(54, NULL, NULL, NULL),
(55, NULL, NULL, NULL),
(56, NULL, NULL, NULL),
(57, NULL, NULL, NULL),
(58, NULL, NULL, NULL),
(59, NULL, NULL, NULL),
(60, NULL, NULL, NULL),
(61, NULL, NULL, NULL),
(62, NULL, NULL, NULL),
(63, NULL, 'waerawer', NULL),
(64, NULL, NULL, NULL),
(65, NULL, NULL, NULL),
(66, NULL, NULL, NULL),
(67, NULL, NULL, NULL),
(68, NULL, NULL, NULL),
(69, NULL, NULL, NULL),
(70, NULL, NULL, NULL),
(71, NULL, NULL, NULL),
(72, NULL, NULL, NULL),
(73, NULL, NULL, NULL),
(74, NULL, NULL, NULL),
(75, NULL, NULL, NULL),
(76, NULL, NULL, NULL),
(77, NULL, NULL, NULL),
(78, NULL, NULL, NULL),
(79, NULL, NULL, NULL),
(80, NULL, NULL, NULL),
(81, NULL, NULL, NULL),
(82, NULL, NULL, NULL),
(83, NULL, NULL, NULL),
(84, NULL, NULL, NULL),
(85, NULL, NULL, NULL),
(86, NULL, NULL, NULL),
(87, NULL, NULL, NULL),
(88, NULL, NULL, NULL),
(89, NULL, NULL, NULL),
(90, NULL, NULL, NULL),
(91, NULL, NULL, NULL),
(92, NULL, NULL, NULL),
(93, NULL, NULL, NULL),
(94, NULL, NULL, NULL),
(95, NULL, 'kittipan.prasertsang@wdc.com ch', '000666666 ch'),
(96, NULL, NULL, NULL),
(97, NULL, NULL, NULL),
(98, NULL, NULL, NULL),
(99, NULL, NULL, NULL),
(100, NULL, NULL, NULL);

-- --------------------------------------------------------

--
-- Table structure for table `trainee_activity`
--

CREATE TABLE `trainee_activity` (
  `activity_id` int(11) NOT NULL,
  `activity_name` varchar(255) NOT NULL,
  `activity_detail` text,
  `start_time` time DEFAULT NULL,
  `end_time` time DEFAULT NULL,
  `activity_date` date DEFAULT NULL,
  `activity_room` varchar(20) DEFAULT NULL,
  `bldg_id` int(11) DEFAULT NULL,
  `created_details` timestamp NOT NULL DEFAULT CURRENT_TIMESTAMP ON UPDATE CURRENT_TIMESTAMP
) ENGINE=InnoDB DEFAULT CHARSET=utf8;

--
-- Dumping data for table `trainee_activity`
--

INSERT INTO `trainee_activity` (`activity_id`, `activity_name`, `activity_detail`, `start_time`, `end_time`, `activity_date`, `activity_room`, `bldg_id`, `created_details`) VALUES
(1, 'Let\'s Discover Pakistan', 'Please join us and discover Pakistan with us..', '15:00:00', '17:00:00', '2017-03-24', 'SE-COM-003', 3, '2017-03-29 02:21:32'),
(2, 'Let\'s Discover South Africa', 'Please join us and discover South Africa with us..', '15:00:00', '17:00:00', '2017-03-24', 'SE-COM-003', 3, '2017-03-29 02:22:37'),
(3, 'Let\'s Discover Malaysia', 'Please join us and discover Malaysia with us..', '15:00:00', '17:00:00', '2017-03-28', 'SE-COM-003', 3, '2017-03-29 02:23:36'),
(4, 'Let\'s Discover Thailand', 'Please join us and discover Thailand with us..', '15:00:00', '17:00:00', '2017-04-04', 'SE-COM-003', 3, '2017-03-29 08:14:32'),
(5, 'test', 'awefawefaefw', '03:01:00', '02:02:00', '2018-02-02', 'eeeeeee', 3, '2017-04-19 07:07:32'),
(6, 'IBUPROFEN 400 mg TAB', 'mai roo', '00:12:00', '00:12:00', '2017-04-25', 'Bon\'s Room', 3, '2017-04-25 08:39:40');

-- --------------------------------------------------------

--
-- Table structure for table `trainee_duration`
--

CREATE TABLE `trainee_duration` (
  `trainee_duration_id` int(11) NOT NULL,
  `trainee_id` varchar(15) DEFAULT NULL,
  `start_date` date DEFAULT NULL,
  `end_date` date DEFAULT NULL,
  `extend_date` date DEFAULT NULL
) ENGINE=InnoDB DEFAULT CHARSET=utf8;

--
-- Dumping data for table `trainee_duration`
--

INSERT INTO `trainee_duration` (`trainee_duration_id`, `trainee_id`, `start_date`, `end_date`, `extend_date`) VALUES
(2, 'RSMBC16_276', '2016-06-21', '2016-10-21', NULL);

-- --------------------------------------------------------

--
-- Table structure for table `trainee_has_project`
--

CREATE TABLE `trainee_has_project` (
  `project_id` int(11) DEFAULT NULL,
  `trainee_id` int(11) NOT NULL
) ENGINE=InnoDB DEFAULT CHARSET=utf8;

--
-- Dumping data for table `trainee_has_project`
--

INSERT INTO `trainee_has_project` (`project_id`, `trainee_id`) VALUES
(80, 360),
(81, 361),
(82, 362),
(83, 363),
(84, 364),
(85, 365),
(86, 366),
(87, 367),
(88, 368),
(89, 369),
(90, 370),
(91, 371),
(92, 372),
(93, 373),
(96, 376),
(97, 377),
(98, 378),
(99, 379),
(100, 380),
(101, 381),
(102, 382),
(103, 383),
(104, 384),
(105, 385),
(106, 386),
(107, 387),
(108, 388),
(109, 389),
(110, 390),
(111, 391),
(112, 392),
(113, 393),
(114, 394),
(115, 395),
(116, 396),
(117, 397),
(118, 398),
(119, 399),
(120, 400),
(121, 401),
(122, 402),
(123, 403),
(124, 404),
(125, 405),
(126, 406),
(127, 407),
(128, 408),
(129, 409),
(130, 410),
(131, 411),
(132, 412),
(133, 413),
(134, 414),
(135, 415),
(136, 416),
(137, 417),
(138, 418),
(139, 419),
(140, 420),
(141, 421),
(142, 422),
(143, 423),
(148, 426),
(149, 427),
(150, 428),
(151, 429),
(152, 430),
(153, 431),
(154, 432),
(155, 433),
(156, 434),
(157, 435),
(158, 436),
(159, 437),
(160, 438),
(161, 439),
(162, 440),
(163, 441),
(164, 442),
(165, 443),
(166, 444),
(167, 445),
(168, 446),
(169, 447),
(170, 448),
(171, 449),
(172, 450),
(173, 451),
(174, 452),
(175, 453),
(176, 454),
(177, 455),
(178, 456),
(179, 457),
(180, 458),
(181, 459),
(182, 460),
(183, 461),
(184, 462),
(187, 465),
(188, 466),
(189, 467),
(190, 468),
(191, 469),
(192, 470),
(193, 471),
(194, 472),
(197, 473),
(198, 474),
(224, 475);

-- --------------------------------------------------------

--
-- Table structure for table `trainee_info`
--

CREATE TABLE `trainee_info` (
  `trainee_id` int(11) NOT NULL,
  `trainee_code` varchar(12) DEFAULT NULL,
  `s_id` int(11) DEFAULT NULL,
  `job_id` int(11) DEFAULT NULL,
  `dep_id` int(11) DEFAULT NULL,
  `transportation_id` int(11) DEFAULT NULL,
  `tni_bdg` int(2) DEFAULT NULL,
  `plant_id` int(11) DEFAULT NULL,
  `location_id` int(11) DEFAULT NULL,
  `tac_acc_id` int(11) DEFAULT NULL
) ENGINE=InnoDB DEFAULT CHARSET=utf8;

--
-- Dumping data for table `trainee_info`
--

INSERT INTO `trainee_info` (`trainee_id`, `trainee_code`, `s_id`, `job_id`, `dep_id`, `transportation_id`, `tni_bdg`, `plant_id`, `location_id`, `tac_acc_id`) VALUES
(13, 'RSMCB16_153', 1335, NULL, 3, 2, NULL, NULL, 2, NULL),
(14, 'RSMCB16_154', 1336, NULL, 15, 3, NULL, NULL, 2, NULL),
(15, 'RSMCM16_150', 1337, NULL, 17, 4, NULL, NULL, 2, NULL),
(16, 'RSMOB16_182', 1338, NULL, 14, 4, NULL, NULL, 2, NULL),
(17, 'RSHOM16_208', 1339, NULL, 14, 4, NULL, NULL, 3, NULL),
(18, 'RSHCB16_146', 1340, NULL, 13, 4, NULL, NULL, 3, NULL),
(19, 'RSHCB16_147', 1341, NULL, 18, 4, NULL, NULL, 3, NULL),
(22, 'RSMCB16_153', 1344, NULL, 3, 2, NULL, NULL, 2, NULL),
(23, 'RSMCB16_154', 1345, NULL, 15, 3, NULL, NULL, 2, NULL),
(24, 'RSMCM16_150', 1346, NULL, 17, 4, NULL, NULL, 2, NULL),
(25, 'RSMOB16_182', 1347, NULL, 14, 4, NULL, NULL, 2, NULL),
(26, 'RSHOM16_208', 1348, NULL, 14, 4, NULL, NULL, 3, NULL),
(27, 'RSHCB16_146', 1349, NULL, 13, 4, NULL, NULL, 3, NULL),
(28, 'RSHCB16_147', 1350, NULL, 18, 4, NULL, NULL, 3, NULL),
(30, 'RSMCB16_153', 1352, NULL, 3, 2, NULL, NULL, 2, NULL),
(31, 'RSMCB16_154', 1353, NULL, 15, 3, NULL, NULL, 2, NULL),
(32, 'RSMCM16_150', 1354, NULL, 17, 4, NULL, NULL, 2, NULL),
(33, 'RSMOB16_182', 1355, NULL, 14, 4, NULL, NULL, 2, NULL),
(34, 'RSHOM16_208', 1356, NULL, 14, 4, NULL, NULL, 3, NULL),
(35, 'RSHCB16_146', 1357, NULL, 13, 4, NULL, NULL, 3, NULL),
(36, 'RSHCB16_147', 1358, NULL, 18, 4, NULL, NULL, 3, NULL),
(38, 'RSMCB16_153', 1360, NULL, 3, 2, NULL, NULL, 2, NULL),
(39, 'RSMCB16_154', 1361, NULL, 15, 3, NULL, NULL, 2, NULL),
(40, 'RSMCM16_150', 1362, NULL, 17, 4, NULL, NULL, 2, NULL),
(41, 'RSMOB16_182', 1363, NULL, 14, 4, NULL, NULL, 2, NULL),
(42, 'RSHOM16_208', 1364, NULL, 14, 4, NULL, NULL, 3, NULL),
(43, 'RSHCB16_146', 1365, NULL, 13, 4, NULL, NULL, 3, NULL),
(44, 'RSHCB16_147', 1366, NULL, 18, 4, NULL, NULL, 3, NULL),
(45, 'RSHCB16_148', 1367, NULL, 19, 4, NULL, NULL, 4, NULL),
(46, 'RSHCB16_149', 1368, NULL, 1, 1, NULL, NULL, 1, NULL),
(52, 'RSMCB16_153', 1374, NULL, 3, 2, NULL, NULL, 2, NULL),
(53, 'RSMCB16_154', 1375, NULL, 15, 3, NULL, NULL, 2, NULL),
(54, 'RSMCM16_150', 1376, NULL, 17, 4, NULL, NULL, 2, NULL),
(55, 'RSMOB16_182', 1377, NULL, 14, 4, NULL, NULL, 2, NULL),
(56, 'RSHOM16_208', 1378, NULL, 14, 4, NULL, NULL, 3, NULL),
(57, 'RSHCB16_146', 1379, NULL, 13, 4, NULL, NULL, 3, NULL),
(58, 'RSHCB16_147', 1380, NULL, 18, 4, NULL, NULL, 3, NULL),
(59, 'RSHCB16_148', 1381, NULL, 19, 4, NULL, NULL, 4, NULL),
(60, 'RSHCB16_149', 1382, NULL, 1, 1, NULL, NULL, 1, NULL),
(61, 'RSMCB16_153', 1383, NULL, 3, 2, NULL, NULL, 2, NULL),
(62, 'RSMCB16_154', 1384, NULL, 15, 3, NULL, NULL, 2, NULL),
(63, 'RSMCM16_150', 1385, NULL, 17, 4, NULL, NULL, 2, NULL),
(64, 'RSMOB16_182', 1386, NULL, 14, 4, NULL, NULL, 2, NULL),
(65, 'RSHOM16_208', 1387, NULL, 14, 4, NULL, NULL, 3, NULL),
(66, 'RSHCB16_146', 1388, NULL, 13, 4, NULL, NULL, 3, NULL),
(67, 'RSHCB16_147', 1389, NULL, 18, 4, NULL, NULL, 3, NULL),
(68, 'RSHCB16_148', 1390, NULL, 19, 4, NULL, NULL, 4, NULL),
(69, 'RSHCB16_149', 1391, NULL, 1, 1, NULL, NULL, 1, NULL),
(70, 'RSMCB16_153', 1392, NULL, 3, 2, NULL, NULL, 2, NULL),
(71, 'RSMCB16_154', 1393, NULL, 15, 3, NULL, NULL, 2, NULL),
(72, 'RSMCM16_150', 1394, NULL, 17, 4, NULL, NULL, 2, NULL),
(73, 'RSMOB16_182', 1395, NULL, 14, 4, NULL, NULL, 2, NULL),
(74, 'RSHOM16_208', 1396, NULL, 14, 4, NULL, NULL, 3, NULL),
(75, 'RSHCB16_146', 1397, NULL, 13, 4, NULL, NULL, 3, NULL),
(76, 'RSHCB16_147', 1398, NULL, 18, 4, NULL, NULL, 3, NULL),
(77, 'RSHCB16_148', 1399, NULL, 19, 4, NULL, NULL, 4, NULL),
(78, 'RSMCB16_153', 1401, NULL, 3, 2, NULL, NULL, 2, NULL),
(79, 'RSMCB16_154', 1402, NULL, 15, 3, NULL, NULL, 2, NULL),
(80, 'RSMCM16_150', 1403, NULL, 17, 4, NULL, NULL, 2, NULL),
(81, 'RSMOB16_182', 1404, NULL, 14, 4, NULL, NULL, 2, NULL),
(82, 'RSHOM16_208', 1405, NULL, 14, 4, NULL, NULL, 3, NULL),
(83, 'RSHCB16_146', 1406, NULL, 13, 4, NULL, NULL, 3, NULL),
(84, 'RSHCB16_147', 1407, NULL, 18, 4, NULL, NULL, 3, NULL),
(85, 'RSHCB16_148', 1408, NULL, 19, 4, NULL, NULL, 4, NULL),
(86, 'RSHCB16_149', 1409, NULL, 1, 1, NULL, NULL, 1, NULL),
(87, 'RSMCB16_153', 1410, NULL, 3, 2, NULL, NULL, 2, NULL),
(88, 'RSMCB16_154', 1411, NULL, 15, 3, NULL, NULL, 2, NULL),
(89, 'RSMCM16_150', 1412, NULL, 17, 4, NULL, NULL, 2, NULL),
(90, 'RSMOB16_182', 1413, NULL, 14, 4, NULL, NULL, 2, NULL),
(91, 'RSHOM16_208', 1414, NULL, 14, 4, NULL, NULL, 3, NULL),
(92, 'RSHCB16_146', 1415, NULL, 13, 4, NULL, NULL, 3, NULL),
(93, 'RSHCB16_147', 1416, NULL, 18, 4, NULL, NULL, 3, NULL),
(94, 'RSHCB16_148', 1417, NULL, 19, 4, NULL, NULL, 4, NULL),
(95, 'RSHCB16_149', 1418, NULL, 1, 1, NULL, NULL, 1, NULL),
(96, 'RSMCB16_153', 1419, NULL, 3, 2, NULL, NULL, 2, NULL),
(97, 'RSMCB16_154', 1420, NULL, 15, 3, NULL, NULL, 2, NULL),
(98, 'RSMCM16_150', 1421, NULL, 17, 4, NULL, NULL, 2, NULL),
(99, 'RSMOB16_182', 1422, NULL, 14, 4, NULL, NULL, 2, NULL),
(100, 'RSHOM16_208', 1423, NULL, 14, 4, NULL, NULL, 3, NULL),
(101, 'RSHCB16_146', 1424, NULL, 13, 4, NULL, NULL, 3, NULL),
(102, 'RSHCB16_147', 1425, NULL, 18, 4, NULL, NULL, 3, NULL),
(103, 'RSHCB16_148', 1426, NULL, 19, 4, NULL, NULL, 4, NULL),
(104, 'RSHCB16_149', 1427, NULL, 1, 1, NULL, NULL, 1, NULL),
(105, 'RSMCB16_153', 1428, NULL, 3, 2, NULL, NULL, 2, NULL),
(106, 'RSMCB16_154', 1429, NULL, 15, 3, NULL, NULL, 2, NULL),
(107, 'RSMCM16_150', 1430, NULL, 17, 4, NULL, NULL, 2, NULL),
(108, 'RSMOB16_182', 1431, NULL, 14, 4, NULL, NULL, 2, NULL),
(109, 'RSHOM16_208', 1432, NULL, 14, 4, NULL, NULL, 3, NULL),
(110, 'RSHCB16_146', 1433, NULL, 13, 4, NULL, NULL, 3, NULL),
(111, 'RSHCB16_147', 1434, NULL, 18, 4, NULL, NULL, 3, NULL),
(112, 'RSHCB16_148', 1435, NULL, 19, 4, NULL, NULL, 4, NULL),
(113, 'RSHCB16_149', 1436, NULL, 1, 1, NULL, NULL, 1, NULL),
(114, 'RSMCB16_153', 1437, NULL, 3, 2, NULL, NULL, 2, NULL),
(115, 'RSMCB16_154', 1438, NULL, 15, 3, NULL, NULL, 2, NULL),
(116, 'RSMCM16_150', 1439, NULL, 17, 4, NULL, NULL, 2, NULL),
(117, 'RSMOB16_182', 1440, NULL, 14, 4, NULL, NULL, 2, NULL),
(118, 'RSHOM16_208', 1441, NULL, 14, 4, NULL, NULL, 3, NULL),
(119, 'RSHCB16_146', 1442, NULL, 13, 4, NULL, NULL, 3, NULL),
(120, 'RSHCB16_147', 1443, NULL, 18, 4, NULL, NULL, 3, NULL),
(121, 'RSHCB16_148', 1444, NULL, 19, 4, NULL, NULL, 4, NULL),
(122, 'RSHCB16_149', 1445, NULL, 1, 1, NULL, NULL, 1, NULL),
(123, 'RSMCB16_153', 1446, NULL, 3, 2, NULL, NULL, 2, NULL),
(124, 'RSMCB16_154', 1447, NULL, 15, 3, NULL, NULL, 2, NULL),
(125, 'RSMCM16_150', 1448, NULL, 17, 4, NULL, NULL, 2, NULL),
(126, 'RSMOB16_182', 1449, NULL, 14, 4, NULL, NULL, 2, NULL),
(127, 'RSHOM16_208', 1450, NULL, 14, 4, NULL, NULL, 3, NULL),
(128, 'RSHCB16_146', 1451, NULL, 13, 4, NULL, NULL, 3, NULL),
(129, 'RSHCB16_147', 1452, NULL, 18, 4, NULL, NULL, 3, NULL),
(130, 'RSHCB16_148', 1453, NULL, 19, 4, NULL, NULL, 4, NULL),
(131, 'RSHCB16_149', 1454, NULL, 1, 1, NULL, NULL, 1, NULL),
(132, 'RSMCB16_153', 1455, NULL, 3, 2, NULL, NULL, 2, NULL),
(133, 'RSMCB16_154', 1456, NULL, 15, 3, NULL, NULL, 2, NULL),
(134, 'RSMCM16_150', 1457, NULL, 17, 4, NULL, NULL, 2, NULL),
(135, 'RSMOB16_182', 1458, NULL, 14, 4, NULL, NULL, 2, NULL),
(136, 'RSHOM16_208', 1459, NULL, 14, 4, NULL, NULL, 3, NULL),
(137, 'RSHCB16_146', 1460, NULL, 13, 4, NULL, NULL, 3, NULL),
(138, 'RSHCB16_147', 1461, NULL, 18, 4, NULL, NULL, 3, NULL),
(139, 'RSHCB16_148', 1462, NULL, 19, 4, NULL, NULL, 4, NULL),
(140, 'RSHCB16_149', 1463, NULL, 1, 1, NULL, NULL, 1, NULL),
(141, 'RSMCB16_153', 1464, NULL, 3, 2, NULL, NULL, 2, NULL),
(142, 'RSMCB16_154', 1465, NULL, 15, 3, NULL, NULL, 2, NULL),
(143, 'RSMCM16_150', 1466, NULL, 17, 4, NULL, NULL, 2, NULL),
(144, 'RSMOB16_182', 1467, NULL, 14, 4, NULL, NULL, 2, NULL),
(145, 'RSHOM16_208', 1468, NULL, 14, 4, NULL, NULL, 3, NULL),
(146, 'RSHCB16_146', 1469, NULL, 13, 4, NULL, NULL, 3, NULL),
(147, 'RSHCB16_147', 1470, NULL, 18, 4, NULL, NULL, 3, NULL),
(148, 'RSHCB16_148', 1471, NULL, 19, 4, NULL, NULL, 4, NULL),
(149, 'RSHCB16_149', 1472, NULL, 1, 1, NULL, NULL, 1, NULL),
(150, 'RSMCB16_153', 1473, NULL, 3, 2, NULL, NULL, 2, NULL),
(151, 'RSMCB16_154', 1474, NULL, 15, 3, NULL, NULL, 2, NULL),
(152, 'RSMCM16_150', 1475, NULL, 17, 4, NULL, NULL, 2, NULL),
(153, 'RSMOB16_182', 1476, NULL, 14, 4, NULL, NULL, 2, NULL),
(154, 'RSHOM16_208', 1477, NULL, 14, 4, NULL, NULL, 3, NULL),
(155, 'RSHCB16_146', 1478, NULL, 13, 4, NULL, NULL, 3, NULL),
(156, 'RSHCB16_147', 1479, NULL, 18, 4, NULL, NULL, 3, NULL),
(157, 'RSHCB16_148', 1480, NULL, 19, 4, NULL, NULL, 4, NULL),
(158, 'RSHCB16_149', 1481, NULL, 1, 1, NULL, NULL, 1, NULL),
(159, 'RSMCB16_153', 1482, NULL, 3, 2, NULL, NULL, 2, NULL),
(160, 'RSMCB16_154', 1483, NULL, 15, 3, NULL, NULL, 2, NULL),
(161, 'RSMCM16_150', 1484, NULL, 17, 4, NULL, NULL, 2, NULL),
(162, 'RSMOB16_182', 1485, NULL, 14, 4, NULL, NULL, 2, NULL),
(163, 'RSHOM16_208', 1486, NULL, 14, 4, NULL, NULL, 3, NULL),
(164, 'RSHCB16_146', 1487, NULL, 13, 4, NULL, NULL, 3, NULL),
(165, 'RSHCB16_147', 1488, NULL, 18, 4, NULL, NULL, 3, NULL),
(166, 'RSHCB16_148', 1489, NULL, 19, 4, NULL, NULL, 4, NULL),
(167, 'RSHCB16_149', 1490, NULL, 1, 1, NULL, NULL, 1, NULL),
(168, 'RSMCB16_153', 1491, NULL, 3, 2, NULL, NULL, 2, NULL),
(169, 'RSMCB16_154', 1492, NULL, 15, 3, NULL, NULL, 2, NULL),
(170, 'RSMCM16_150', 1493, NULL, 17, 4, NULL, NULL, 2, NULL),
(171, 'RSMOB16_182', 1494, NULL, 14, 4, NULL, NULL, 2, NULL),
(172, 'RSHOM16_208', 1495, NULL, 14, 4, NULL, NULL, 3, NULL),
(173, 'RSHCB16_146', 1496, NULL, 13, 4, NULL, NULL, 3, NULL),
(174, 'RSHCB16_147', 1497, NULL, 18, 4, NULL, NULL, 3, NULL),
(175, 'RSHCB16_148', 1498, NULL, 19, 4, NULL, NULL, 4, NULL),
(176, 'RSHCB16_149', 1499, NULL, 1, 1, NULL, NULL, 1, NULL),
(177, 'RSMCB16_153', 1502, NULL, 3, 2, NULL, NULL, 2, NULL),
(178, 'RSMCB16_154', 1503, NULL, 15, 3, NULL, NULL, 2, NULL),
(179, 'RSMCM16_150', 1504, NULL, 17, 4, NULL, NULL, 2, NULL),
(180, 'RSMOB16_182', 1505, NULL, 14, 4, NULL, NULL, 2, NULL),
(181, 'RSHOM16_208', 1506, NULL, 14, 4, NULL, NULL, 3, NULL),
(182, 'RSHCB16_146', 1507, NULL, 13, 4, NULL, NULL, 3, NULL),
(183, 'RSHCB16_147', 1508, NULL, 18, 4, NULL, NULL, 3, NULL),
(184, 'RSHCB16_148', 1509, NULL, 19, 4, NULL, NULL, 4, NULL),
(185, 'RSHCB16_149', 1510, NULL, 1, 1, NULL, NULL, 1, NULL),
(186, 'RSMCB16_153', 1513, NULL, 3, 2, NULL, NULL, 2, NULL),
(187, 'RSMCB16_154', 1514, NULL, 15, 3, NULL, NULL, 2, NULL),
(188, 'RSMCM16_150', 1515, NULL, 17, 4, NULL, NULL, 2, NULL),
(189, 'RSMOB16_182', 1516, NULL, 14, 4, NULL, NULL, 2, NULL),
(190, 'RSHOM16_208', 1517, NULL, 14, 4, NULL, NULL, 3, NULL),
(191, 'RSHCB16_146', 1518, NULL, 13, 4, NULL, NULL, 3, NULL),
(192, 'RSHCB16_147', 1519, NULL, 18, 4, NULL, NULL, 3, NULL),
(193, 'RSHCB16_148', 1520, NULL, 19, 4, NULL, NULL, 4, NULL),
(194, 'RSHCB16_149', 1521, NULL, 1, 1, NULL, NULL, 1, NULL),
(195, 'RSMCB16_153', 1524, NULL, 3, 2, NULL, NULL, 2, NULL),
(196, 'RSMCB16_154', 1525, NULL, 15, 3, NULL, NULL, 2, NULL),
(197, 'RSMCM16_150', 1526, NULL, 17, 4, NULL, NULL, 2, NULL),
(198, 'RSMOB16_182', 1527, NULL, 14, 4, NULL, NULL, 2, NULL),
(199, 'RSHOM16_208', 1528, NULL, 14, 4, NULL, NULL, 3, NULL),
(200, 'RSHCB16_146', 1529, NULL, 13, 4, NULL, NULL, 3, NULL),
(201, 'RSHCB16_147', 1530, NULL, 18, 4, NULL, NULL, 3, NULL),
(202, 'RSHCB16_148', 1531, NULL, 19, 4, NULL, NULL, 4, NULL),
(203, 'RSHCB16_149', 1532, NULL, 1, 1, NULL, NULL, 1, NULL),
(204, 'RSMCB16_153', 1535, NULL, 3, 2, NULL, NULL, 2, NULL),
(205, 'RSMCB16_154', 1536, NULL, 15, 3, NULL, NULL, 2, NULL),
(206, 'RSMCM16_150', 1537, NULL, 17, 4, NULL, NULL, 2, NULL),
(207, 'RSMOB16_182', 1538, NULL, 14, 4, NULL, NULL, 2, NULL),
(208, 'RSHOM16_208', 1539, NULL, 14, 4, NULL, NULL, 3, NULL),
(209, 'RSHCB16_146', 1540, NULL, 13, 4, NULL, NULL, 3, NULL),
(210, 'RSHCB16_147', 1541, NULL, 18, 4, NULL, NULL, 3, NULL),
(211, 'RSHCB16_148', 1542, NULL, 19, 4, NULL, NULL, 4, NULL),
(212, 'RSHCB16_149', 1543, NULL, 1, 1, NULL, NULL, 1, NULL),
(213, 'RSMCB16_153', 1546, NULL, 3, 2, NULL, NULL, 2, NULL),
(214, 'RSMCB16_154', 1547, NULL, 15, 3, NULL, NULL, 2, NULL),
(215, 'RSMCM16_150', 1548, NULL, 17, 4, NULL, NULL, 2, NULL),
(216, 'RSMOB16_182', 1549, NULL, 14, 4, NULL, NULL, 2, NULL),
(217, 'RSHOM16_208', 1550, NULL, 14, 4, NULL, NULL, 3, NULL),
(218, 'RSHCB16_146', 1551, NULL, 13, 4, NULL, NULL, 3, NULL),
(219, 'RSHCB16_147', 1552, NULL, 18, 4, NULL, NULL, 3, NULL),
(220, 'RSHCB16_148', 1553, NULL, 19, 4, NULL, NULL, 4, NULL),
(221, 'RSHCB16_149', 1554, NULL, 1, 1, NULL, NULL, 1, NULL),
(222, 'RSMCB16_153', 1557, NULL, 3, 2, NULL, NULL, 2, NULL),
(223, 'RSMCB16_153', 1560, NULL, 3, 2, NULL, NULL, 2, NULL),
(224, 'RSMCB16_153', 1565, NULL, 3, 2, NULL, NULL, 2, NULL),
(225, 'RSMCB16_154', 1566, NULL, 15, 3, NULL, NULL, 2, NULL),
(226, 'RSMCM16_150', 1567, NULL, 17, 4, NULL, NULL, 2, NULL),
(227, 'RSMOB16_182', 1568, NULL, 14, 4, NULL, NULL, 2, NULL),
(228, 'RSHOM16_208', 1569, NULL, 14, 4, NULL, NULL, 3, NULL),
(229, 'RSHCB16_146', 1570, NULL, 13, 4, NULL, NULL, 3, NULL),
(230, 'RSHCB16_147', 1571, NULL, 18, 4, NULL, NULL, 3, NULL),
(231, 'RSHCB16_148', 1572, NULL, 19, 4, NULL, NULL, 4, NULL),
(232, 'RSHCB16_149', 1573, NULL, 1, 1, NULL, NULL, 1, NULL),
(233, 'RSMCB16_153', 1574, NULL, 3, 2, NULL, NULL, 2, NULL),
(234, 'RSMCB16_154', 1575, NULL, 15, 3, NULL, NULL, 2, NULL),
(235, 'RSMCM16_150', 1576, NULL, 17, 4, NULL, NULL, 2, NULL),
(236, 'RSMOB16_182', 1577, NULL, 14, 4, NULL, NULL, 2, NULL),
(237, 'RSHOM16_208', 1578, NULL, 14, 4, NULL, NULL, 3, NULL),
(238, 'RSHCB16_146', 1579, NULL, 13, 4, NULL, NULL, 3, NULL),
(239, 'RSHCB16_147', 1580, NULL, 18, 4, NULL, NULL, 3, NULL),
(240, 'RSHCB16_148', 1581, NULL, 19, 4, NULL, NULL, 4, NULL),
(241, 'RSHCB16_149', 1582, NULL, 1, 1, NULL, NULL, 1, NULL),
(242, 'RSMCB16_153', 1583, NULL, 3, 2, NULL, NULL, 2, NULL),
(243, 'RSMCB16_154', 1584, NULL, 15, 3, NULL, NULL, 2, NULL),
(244, 'RSMCM16_150', 1585, NULL, 17, 4, NULL, NULL, 2, NULL),
(245, 'RSMOB16_182', 1586, NULL, 14, 4, NULL, NULL, 2, NULL),
(246, 'RSHOM16_208', 1587, NULL, 14, 4, NULL, NULL, 3, NULL),
(247, 'RSHCB16_146', 1588, NULL, 13, 4, NULL, NULL, 3, NULL),
(248, 'RSHCB16_147', 1589, NULL, 18, 4, NULL, NULL, 3, NULL),
(249, 'RSHCB16_148', 1590, NULL, 19, 4, NULL, NULL, 4, NULL),
(250, 'RSHCB16_149', 1591, NULL, 1, 1, NULL, NULL, 1, NULL),
(251, 'RSMCB16_153', 1592, NULL, 3, 2, NULL, NULL, 2, NULL),
(252, 'RSMCB16_154', 1593, NULL, 15, 3, NULL, NULL, 2, NULL),
(253, 'RSMCM16_150', 1594, NULL, 17, 4, NULL, NULL, 2, NULL),
(254, 'RSMOB16_182', 1595, NULL, 14, 4, NULL, NULL, 2, NULL),
(255, 'RSHOM16_208', 1596, NULL, 14, 4, NULL, NULL, 3, NULL),
(256, 'RSHCB16_146', 1597, NULL, 13, 4, NULL, NULL, 3, NULL),
(257, 'RSHCB16_147', 1598, NULL, 18, 4, NULL, NULL, 3, NULL),
(258, 'RSHCB16_148', 1599, NULL, 19, 4, NULL, NULL, 4, NULL),
(259, 'RSHCB16_149', 1600, NULL, 1, 1, NULL, NULL, 1, NULL),
(260, 'RSMCB16_153', 1601, NULL, 3, 2, NULL, NULL, 2, NULL),
(261, 'RSMCB16_154', 1602, NULL, 15, 3, NULL, NULL, 2, NULL),
(262, 'RSMCM16_150', 1603, NULL, 17, 4, NULL, NULL, 2, NULL),
(263, 'RSMOB16_182', 1604, NULL, 14, 4, NULL, NULL, 2, NULL),
(264, 'RSHOM16_208', 1605, NULL, 14, 4, NULL, NULL, 3, NULL),
(265, 'RSHCB16_146', 1606, NULL, 13, 4, NULL, NULL, 3, NULL),
(266, 'RSHCB16_147', 1607, NULL, 18, 4, NULL, NULL, 3, NULL),
(267, 'RSHCB16_148', 1608, NULL, 19, 4, NULL, NULL, 4, NULL),
(268, 'RSHCB16_149', 1609, NULL, 1, 1, NULL, NULL, 1, NULL),
(269, 'RSMCB16_153', 1610, NULL, 3, 2, NULL, NULL, 2, NULL),
(270, 'RSMCB16_154', 1611, NULL, 15, 3, NULL, NULL, 2, NULL),
(271, 'RSMCM16_150', 1612, NULL, 17, 4, NULL, NULL, 2, NULL),
(272, 'RSMOB16_182', 1613, NULL, 14, 4, NULL, NULL, 2, NULL),
(273, 'RSHOM16_208', 1614, NULL, 14, 4, NULL, NULL, 3, NULL),
(274, 'RSHCB16_146', 1615, NULL, 13, 4, NULL, NULL, 3, NULL),
(275, 'RSHCB16_147', 1616, NULL, 18, 4, NULL, NULL, 3, NULL),
(276, 'RSHCB16_148', 1617, NULL, 19, 4, NULL, NULL, 4, NULL),
(277, 'RSHCB16_149', 1618, NULL, 1, 1, NULL, NULL, 1, NULL),
(278, 'RSMCB16_153', 1619, NULL, 3, 2, NULL, NULL, 2, NULL),
(279, 'RSMCB16_153', 1620, NULL, 3, 2, NULL, NULL, 2, NULL),
(280, 'RSMCB16_153', 1621, NULL, 3, 2, NULL, NULL, 2, NULL),
(281, 'RSMCB16_153', 1622, NULL, 3, 2, NULL, NULL, 2, NULL),
(282, 'RSMCB16_153', 1623, NULL, 3, 2, NULL, NULL, 2, NULL),
(283, 'RSMCB16_153', 1624, NULL, 3, 2, NULL, NULL, 2, NULL),
(284, 'RSMCB16_153', 1625, NULL, 3, 2, NULL, NULL, 2, NULL),
(285, 'RSMCB16_154', 1626, NULL, 15, 3, NULL, NULL, 2, NULL),
(286, 'RSMCM16_150', 1627, NULL, 17, 4, NULL, NULL, 2, NULL),
(287, 'RSMOB16_182', 1628, NULL, 14, 4, NULL, NULL, 2, NULL),
(288, 'RSHOM16_208', 1629, NULL, 14, 4, NULL, NULL, 3, NULL),
(289, 'RSHCB16_146', 1630, NULL, 13, 4, NULL, NULL, 3, NULL),
(290, 'RSHCB16_147', 1631, NULL, 18, 4, NULL, NULL, 3, NULL),
(291, 'RSHCB16_148', 1632, NULL, 19, 4, NULL, NULL, 4, NULL),
(292, 'RSHCB16_149', 1633, NULL, 1, 1, NULL, NULL, 1, NULL),
(293, 'RSMCB16_153', 1634, NULL, 3, 2, NULL, NULL, 2, NULL),
(294, 'RSMCB16_154', 1635, NULL, 15, 3, NULL, NULL, 2, NULL),
(295, 'RSMCM16_150', 1636, NULL, 17, 4, NULL, NULL, 2, NULL),
(296, 'RSMOB16_182', 1637, NULL, 14, 4, NULL, NULL, 2, NULL),
(297, 'RSHOM16_208', 1638, NULL, 14, 4, NULL, NULL, 3, NULL),
(298, 'RSHCB16_146', 1639, NULL, 13, 4, NULL, NULL, 3, NULL),
(299, 'RSHCB16_147', 1640, NULL, 18, 4, NULL, NULL, 3, NULL),
(300, 'RSHCB16_148', 1641, NULL, 19, 4, NULL, NULL, 4, NULL),
(301, 'RSHCB16_149', 1642, NULL, 1, 1, NULL, NULL, 1, NULL),
(302, 'RSMCB16_153', 1644, NULL, 3, 2, NULL, NULL, 2, NULL),
(303, 'RSMCB16_154', 1645, NULL, 15, 3, NULL, NULL, 2, NULL),
(304, 'RSMCM16_150', 1646, NULL, 17, 4, NULL, NULL, 2, NULL),
(305, 'RSMOB16_182', 1647, NULL, 14, 4, NULL, NULL, 2, NULL),
(306, 'RSHOM16_208', 1648, NULL, 14, 4, NULL, NULL, 3, NULL),
(307, 'RSHCB16_146', 1649, NULL, 13, 4, NULL, NULL, 3, NULL),
(308, 'RSHCB16_147', 1650, NULL, 18, 4, NULL, NULL, 3, NULL),
(309, 'RSHCB16_148', 1651, NULL, 19, 4, NULL, NULL, 4, NULL),
(311, 'RSMCB16_153', 1653, NULL, 3, 2, NULL, NULL, 2, NULL),
(312, 'RSMCB16_154', 1654, NULL, 15, 3, NULL, NULL, 2, NULL),
(313, 'RSMCM16_150', 1655, NULL, 17, 4, NULL, NULL, 2, NULL),
(314, 'RSMOB16_182', 1656, NULL, 14, 4, NULL, NULL, 2, NULL),
(315, 'RSHOM16_208', 1657, NULL, 14, 4, NULL, NULL, 3, NULL),
(316, 'RSHCB16_146', 1658, NULL, 13, 4, NULL, NULL, 3, NULL),
(317, 'RSHCB16_147', 1659, NULL, 18, 4, NULL, NULL, 3, NULL),
(318, 'RSHCB16_148', 1660, NULL, 19, 4, NULL, NULL, 4, NULL),
(319, 'RSHCB16_149', 1661, NULL, 1, 1, NULL, NULL, 1, NULL),
(320, 'RSMCB16_153', 1662, NULL, 3, 2, NULL, NULL, 2, NULL),
(321, 'RSMCB16_154', 1663, NULL, 15, 3, NULL, NULL, 2, NULL),
(322, 'RSMCM16_150', 1664, NULL, 17, 4, NULL, NULL, 2, NULL),
(323, 'RSMOB16_182', 1665, NULL, 14, 4, NULL, NULL, 2, NULL),
(324, 'RSHOM16_208', 1666, NULL, 14, 4, NULL, NULL, 3, NULL),
(325, 'RSHCB16_146', 1667, NULL, 13, 4, NULL, NULL, 3, NULL),
(326, 'RSHCB16_147', 1668, NULL, 18, 4, NULL, NULL, 3, NULL),
(327, 'RSHCB16_148', 1669, NULL, 19, 4, NULL, NULL, 4, NULL),
(328, 'RSHCB16_149', 1670, NULL, 1, 1, NULL, NULL, 1, NULL),
(329, 'RSMCB16_153', 1671, NULL, 3, 2, NULL, NULL, 2, NULL),
(330, 'RSMCB16_153', 1672, NULL, 3, 2, NULL, NULL, 2, NULL),
(331, 'RSMCB16_154', 1673, NULL, 15, 3, NULL, NULL, 2, NULL),
(332, 'RSMCM16_150', 1674, NULL, 17, 4, NULL, NULL, 2, NULL),
(333, 'RSMOB16_182', 1675, NULL, 14, 4, NULL, NULL, 2, NULL),
(334, 'RSHOM16_208', 1676, NULL, 14, 4, NULL, NULL, 3, NULL),
(335, 'RSHCB16_146', 1677, NULL, 13, 4, NULL, NULL, 3, NULL),
(336, 'RSHCB16_147', 1678, NULL, 18, 4, NULL, NULL, 3, NULL),
(337, 'RSHCB16_148', 1679, NULL, 19, 4, NULL, NULL, 4, NULL),
(338, 'RSHCB16_149', 1680, NULL, 1, 1, NULL, NULL, 1, NULL),
(339, 'RSMCB16_153', 1681, NULL, 3, 2, 2, NULL, 2, NULL),
(340, 'RSMCB16_154', 1682, NULL, 15, 3, 1, NULL, 2, NULL),
(341, 'RSMCM16_150', 1683, NULL, 17, 4, 2, NULL, 2, NULL),
(342, 'RSMOB16_182', 1684, NULL, 14, 4, 2, NULL, 2, NULL),
(343, 'RSHOM16_208', 1685, NULL, 14, 4, 2, NULL, 3, NULL),
(344, 'RSHCB16_146', 1686, NULL, 13, 4, 2, NULL, 3, NULL),
(345, 'RSHCB16_147', 1687, NULL, 18, 4, 2, NULL, 3, NULL),
(346, 'RSHCB16_148', 1688, NULL, 19, 4, 1, NULL, 4, NULL),
(347, 'RSHCB16_149', 1689, NULL, 1, 1, 3, NULL, 1, NULL),
(348, 'RSMCB16_153', 1690, NULL, 3, 2, 2, NULL, 2, NULL),
(349, 'RSMCB16_154', 1691, NULL, 15, 3, 1, NULL, 2, NULL),
(350, 'RSMCM16_150', 1692, NULL, 17, 4, 2, NULL, 2, NULL),
(351, 'RSMOB16_182', 1693, NULL, 14, 4, 2, NULL, 2, NULL),
(352, 'RSHOM16_208', 1694, NULL, 14, 4, 2, NULL, 3, NULL),
(353, 'RSHCB16_146', 1695, NULL, 13, 4, 2, NULL, 3, NULL),
(354, 'RSHCB16_147', 1696, NULL, 18, 4, 2, NULL, 3, NULL),
(355, 'RSHCB16_148', 1697, NULL, 19, 4, 1, NULL, 4, NULL),
(356, 'RSHCB16_149', 1698, NULL, 1, 1, 3, NULL, 1, NULL),
(357, 'RSMCB16_153', 1699, NULL, 3, 2, 2, NULL, 2, NULL),
(358, 'RSMCB16_153', 1700, NULL, 3, 2, 2, NULL, 2, NULL),
(359, 'RSMCB16_153', 1701, NULL, 3, 2, 2, NULL, 2, NULL),
(360, 'RSMCB16_153', 1702, NULL, 3, 2, 2, NULL, 2, NULL),
(361, 'RSMCB16_154', 1703, NULL, 15, 3, 1, NULL, 2, NULL),
(362, 'RSMCM16_150', 1704, NULL, 17, 4, 2, NULL, 2, NULL),
(363, 'RSMOB16_182', 1705, NULL, 14, 4, 2, NULL, 2, NULL),
(364, 'RSHOM16_208', 1706, NULL, 14, 4, 2, NULL, 3, NULL),
(365, 'RSHCB16_146', 1707, NULL, 13, 4, 2, NULL, 3, NULL),
(366, 'RSHCB16_147', 1708, NULL, 18, 4, 2, NULL, 3, NULL),
(367, 'RSHCB16_148', 1709, NULL, 19, 4, 1, NULL, 4, NULL),
(368, 'RSHCB16_149', 1710, NULL, 1, 1, 3, NULL, 1, NULL),
(369, 'RSMCB16_153', 1711, NULL, 3, 2, 2, NULL, 2, NULL),
(370, 'RSMCB16_154', 1712, NULL, 15, 3, 1, NULL, 2, NULL),
(371, 'RSMCB16_153', 1713, NULL, 3, 2, 2, NULL, 2, NULL),
(372, 'RSMCB16_153', 1714, NULL, 3, 2, 2, NULL, 2, NULL),
(373, 'RSMCB16_153', 1715, NULL, 3, 2, 2, NULL, 2, NULL),
(374, 'RSMCB16_153', 1716, NULL, 3, 2, 2, NULL, 2, NULL),
(375, 'RSMCB16_153', 1717, NULL, 3, 2, 2, NULL, 2, NULL),
(376, 'RSMCB16_153', 1718, NULL, 3, 2, 2, NULL, 2, NULL),
(377, 'RSMCB16_154', 1719, NULL, 15, 3, 1, NULL, 2, NULL),
(378, 'RSMCM16_150', 1720, NULL, 17, 4, 2, NULL, 2, NULL),
(379, 'RSMOB16_182', 1721, NULL, 14, 4, 2, NULL, 2, NULL),
(380, 'RSHOM16_208', 1722, NULL, 14, 4, 2, NULL, 3, NULL),
(381, 'RSHCB16_146', 1723, NULL, 13, 4, 2, NULL, 3, NULL),
(382, 'RSHCB16_147', 1724, NULL, 18, 4, 2, NULL, 3, NULL),
(383, 'RSHCB16_148', 1725, NULL, 19, 4, 1, NULL, 4, NULL),
(384, 'RSHCB16_149', 1726, NULL, 1, 1, 3, NULL, 1, NULL),
(385, 'RSMCB16_153', 1727, NULL, 3, 2, 2, NULL, 2, NULL),
(386, 'RSMCB16_154', 1728, NULL, 15, 3, 1, NULL, 2, NULL),
(387, 'RSMCM16_150', 1729, NULL, 17, 4, 2, NULL, 2, NULL),
(388, 'RSMOB16_182', 1730, NULL, 14, 4, 2, NULL, 2, NULL),
(389, 'RSHOM16_208', 1731, NULL, 14, 4, 2, NULL, 3, NULL),
(390, 'RSHCB16_146', 1732, NULL, 13, 4, 2, NULL, 3, NULL),
(391, 'RSHCB16_147', 1733, NULL, 18, 4, 2, NULL, 3, NULL),
(392, 'RSHCB16_148', 1734, NULL, 19, 4, 1, NULL, 4, NULL),
(393, 'RSHCB16_149', 1735, NULL, 1, 1, 3, NULL, 1, NULL),
(394, 'RSMCB16_153', 1736, NULL, 3, 2, 2, NULL, 2, NULL),
(395, 'RSMCB16_153', 1737, NULL, 3, 2, 2, NULL, 2, NULL),
(396, 'RSMCB16_153', 1738, NULL, 3, 2, 2, NULL, 2, NULL),
(397, 'RSMCB16_153', 1739, NULL, 3, 2, 2, NULL, 2, NULL),
(398, 'RSMCB16_153', 1740, NULL, 3, 2, 2, NULL, 2, NULL),
(399, 'RSMCB16_154', 1741, NULL, 15, 3, 1, NULL, 2, NULL),
(400, 'RSMCM16_150', 1742, NULL, 17, 4, 2, NULL, 2, NULL),
(401, 'RSMOB16_182', 1743, NULL, 14, 4, 2, NULL, 2, NULL),
(402, 'RSHOM16_208', 1744, NULL, 14, 4, 2, NULL, 3, NULL),
(403, 'RSHCB16_146', 1745, NULL, 13, 4, 2, NULL, 3, NULL),
(404, 'RSHCB16_147', 1746, NULL, 18, 4, 2, NULL, 3, NULL),
(405, 'RSHCB16_148', 1747, NULL, 19, 4, 1, NULL, 4, NULL),
(406, 'RSHCB16_149', 1748, NULL, 1, 1, 3, NULL, 1, NULL),
(407, 'RSMCB16_153', 1749, NULL, 3, 2, 2, NULL, 2, NULL),
(408, 'RSMCB16_154', 1750, NULL, 15, 3, 1, NULL, 2, NULL),
(409, 'RSMCM16_150', 1751, NULL, 17, 4, 2, NULL, 2, NULL),
(410, 'RSMOB16_182', 1752, NULL, 14, 4, 2, NULL, 2, NULL),
(411, 'RSHOM16_208', 1753, NULL, 14, 4, 2, NULL, 3, NULL),
(412, 'RSHCB16_146', 1754, NULL, 13, 4, 2, NULL, 3, NULL),
(413, 'RSHCB16_147', 1755, NULL, 18, 4, 2, NULL, 3, NULL),
(414, 'RSHCB16_148', 1756, NULL, 19, 4, 1, NULL, 4, NULL),
(415, 'RSHCB16_149', 1757, NULL, 1, 1, 3, NULL, 1, NULL),
(416, 'RSMCB16_153', 1758, NULL, 3, 2, 2, NULL, 2, NULL),
(417, 'RSMCB16_154', 1759, NULL, 15, 3, 1, NULL, 2, NULL),
(418, 'RSMCM16_150', 1760, NULL, 17, 4, 2, NULL, 2, NULL),
(419, 'RSMOB16_182', 1761, NULL, 14, 4, 2, NULL, 2, NULL),
(420, 'RSHOM16_208', 1762, NULL, 14, 4, 2, NULL, 3, NULL),
(421, 'RSHCB16_146', 1763, NULL, 13, 4, 2, NULL, 3, NULL),
(422, 'RSHCB16_147', 1764, NULL, 18, 4, 2, NULL, 3, NULL),
(423, 'RSHCB16_148', 1765, NULL, 19, 4, 1, NULL, 4, NULL),
(425, 'RSMCB16_153', 1769, NULL, 3, 2, 2, NULL, 2, NULL),
(426, 'RSMCB16_153', 1770, NULL, 3, 2, 2, NULL, 2, NULL),
(427, 'RSMCB16_153', 1771, NULL, 3, 2, 2, NULL, 2, NULL),
(428, 'RSMCB16_154', 1772, NULL, 15, 3, 1, NULL, 2, NULL),
(429, 'RSMCM16_150', 1773, NULL, 17, 4, 2, NULL, 2, NULL),
(430, 'RSMOB16_182', 1774, NULL, 14, 4, 2, NULL, 2, NULL),
(431, 'RSHOM16_208', 1775, NULL, 14, 4, 2, NULL, 3, NULL),
(432, 'RSHCB16_146', 1776, NULL, 13, 4, 2, NULL, 3, NULL),
(433, 'RSHCB16_147', 1777, NULL, 18, 4, 2, NULL, 3, NULL),
(434, 'RSHCB16_148', 1778, NULL, 19, 4, 1, NULL, 4, NULL),
(435, 'RSHCB16_149', 1779, NULL, 1, 1, 3, NULL, 1, NULL),
(436, 'RSMCB16_153', 1780, NULL, 3, 2, 2, NULL, 2, NULL),
(437, 'RSMCB16_154', 1781, NULL, 15, 3, 1, NULL, 2, NULL),
(438, 'RSMCM16_150', 1782, NULL, 17, 4, 2, NULL, 2, NULL),
(439, 'RSMOB16_182', 1783, NULL, 14, 4, 2, NULL, 2, NULL),
(440, 'RSHOM16_208', 1784, NULL, 14, 4, 2, NULL, 3, NULL),
(441, 'RSHCB16_146', 1785, NULL, 13, 4, 2, NULL, 3, NULL),
(442, 'RSHCB16_147', 1786, NULL, 18, 4, 2, NULL, 3, NULL),
(443, 'RSHCB16_148', 1787, NULL, 19, 4, 1, NULL, 4, NULL),
(444, 'RSHCB16_149', 1788, NULL, 1, 1, 3, NULL, 1, NULL),
(445, 'RSMCB16_153', 1789, NULL, 3, 2, 2, NULL, 2, NULL),
(446, 'RSMCB16_154', 1790, NULL, 15, 3, 1, NULL, 2, NULL),
(447, 'RSMCM16_150', 1791, NULL, 17, 4, 2, NULL, 2, NULL),
(448, 'RSMOB16_182', 1792, NULL, 14, 4, 2, NULL, 2, NULL),
(449, 'RSHOM16_208', 1793, NULL, 14, 4, 2, NULL, 3, NULL),
(450, 'RSHCB16_146', 1794, NULL, 13, 4, 2, NULL, 3, NULL),
(451, 'RSHCB16_147', 1795, NULL, 18, 4, 2, NULL, 3, NULL),
(452, 'RSHCB16_148', 1796, NULL, 19, 4, 1, NULL, 4, NULL),
(453, 'RSHCB16_149', 1797, NULL, 1, 1, 3, NULL, 1, NULL),
(454, 'RSMCB16_153', 1798, NULL, 3, 2, 2, NULL, 2, NULL),
(455, 'RSMCB16_154', 1799, NULL, 15, 3, 1, NULL, 2, NULL),
(456, 'RSMCM16_150', 1800, NULL, 17, 4, 2, NULL, 2, NULL),
(457, 'RSMOB16_182', 1801, NULL, 14, 4, 2, NULL, 2, NULL),
(458, 'RSHOM16_208', 1802, NULL, 14, 4, 2, NULL, 3, NULL),
(459, 'RSHCB16_146', 1803, NULL, 13, 4, 2, NULL, 3, NULL),
(460, 'RSHCB16_147', 1804, NULL, 18, 4, 2, NULL, 3, NULL),
(461, 'RSHCB16_148', 1805, NULL, 19, 4, 1, NULL, 4, NULL),
(462, 'RSHCB16_149', 1806, NULL, 1, 1, 3, NULL, 1, NULL),
(463, NULL, 1814, NULL, NULL, NULL, NULL, NULL, NULL, 82),
(464, NULL, 1815, NULL, NULL, NULL, NULL, NULL, NULL, 83),
(465, NULL, 1816, NULL, NULL, NULL, NULL, NULL, NULL, 84),
(466, NULL, 1817, NULL, NULL, NULL, NULL, NULL, NULL, 85),
(467, NULL, 1818, NULL, NULL, NULL, NULL, NULL, NULL, 86),
(468, NULL, 1819, NULL, NULL, NULL, NULL, NULL, NULL, 87),
(469, NULL, 1820, NULL, NULL, NULL, NULL, NULL, NULL, 88),
(470, NULL, 1824, NULL, NULL, NULL, NULL, NULL, NULL, 89),
(471, NULL, 1825, NULL, NULL, NULL, NULL, NULL, NULL, 90),
(472, NULL, 1826, NULL, NULL, NULL, NULL, NULL, NULL, 91),
(473, NULL, 1831, NULL, NULL, NULL, NULL, NULL, NULL, 94),
(474, 'RSMCB16_888 ', 1832, NULL, 3, 4, NULL, 1, 2, 95),
(475, NULL, 1833, NULL, NULL, NULL, NULL, NULL, NULL, 100);

-- --------------------------------------------------------

--
-- Table structure for table `trainee_info_has_trainee_activity`
--

CREATE TABLE `trainee_info_has_trainee_activity` (
  `assign_act_id` int(11) NOT NULL,
  `trainee_activity_id` int(11) NOT NULL,
  `student_status_id` int(11) NOT NULL,
  `assigned_detail` timestamp NOT NULL DEFAULT CURRENT_TIMESTAMP ON UPDATE CURRENT_TIMESTAMP
) ENGINE=InnoDB DEFAULT CHARSET=utf8;

--
-- Dumping data for table `trainee_info_has_trainee_activity`
--

INSERT INTO `trainee_info_has_trainee_activity` (`assign_act_id`, `trainee_activity_id`, `student_status_id`, `assigned_detail`) VALUES
(1, 1, 4, '2017-03-29 02:21:32'),
(2, 2, 4, '2017-03-29 02:22:37'),
(3, 3, 4, '2017-03-29 02:23:36'),
(4, 4, 4, '2017-03-29 02:25:55'),
(5, 5, 1, '2017-04-19 07:07:32'),
(6, 6, 4, '2017-04-25 08:35:30');

-- --------------------------------------------------------

--
-- Table structure for table `trainee_info_has_trainee_presentation`
--

CREATE TABLE `trainee_info_has_trainee_presentation` (
  `trainee_presentation_id` int(11) NOT NULL,
  `trainee_id` varchar(45) NOT NULL,
  `tr_pre_id` int(11) NOT NULL,
  `created_detail` timestamp NOT NULL DEFAULT CURRENT_TIMESTAMP ON UPDATE CURRENT_TIMESTAMP
) ENGINE=InnoDB DEFAULT CHARSET=utf8;

--
-- Dumping data for table `trainee_info_has_trainee_presentation`
--

INSERT INTO `trainee_info_has_trainee_presentation` (`trainee_presentation_id`, `trainee_id`, `tr_pre_id`, `created_detail`) VALUES
(4, 'RSMBC16_279', 4, '2017-03-29 03:46:42'),
(5, 'RSMBC16_278', 5, '2017-03-29 03:50:47'),
(6, 'RSMBC16_278', 6, '2017-05-21 01:44:33');

-- --------------------------------------------------------

--
-- Table structure for table `trainee_info_has_training_course`
--

CREATE TABLE `trainee_info_has_training_course` (
  `training_course_course_id` int(11) NOT NULL,
  `training_course_trainee_id` int(2) DEFAULT NULL
) ENGINE=InnoDB DEFAULT CHARSET=utf8;

--
-- Dumping data for table `trainee_info_has_training_course`
--

INSERT INTO `trainee_info_has_training_course` (`training_course_course_id`, `training_course_trainee_id`) VALUES
(1, 369),
(2, 369),
(6, 369),
(1, 398),
(1, 399),
(1, 400),
(1, 401),
(1, 402),
(1, 403),
(1, 404),
(1, 405),
(1, 406),
(1, 407),
(7, 407),
(7, 407),
(1, 408),
(7, 408),
(7, 408),
(1, 409),
(7, 409),
(7, 409),
(1, 410),
(7, 410),
(7, 410),
(1, 411),
(7, 411),
(7, 411),
(1, 412),
(7, 412),
(7, 412),
(1, 413),
(7, 413),
(7, 413),
(1, 414),
(7, 414),
(7, 414),
(1, 415),
(7, 415),
(7, 415),
(1, 416),
(2, 416),
(6, 416),
(1, 417),
(2, 417),
(6, 417),
(1, 418),
(2, 418),
(6, 418),
(1, 419),
(2, 419),
(6, 419),
(1, 420),
(2, 420),
(6, 420),
(1, 421),
(2, 421),
(6, 421),
(1, 422),
(2, 422),
(6, 422),
(1, 423),
(2, 423),
(6, 423),
(1, 426),
(2, 426),
(6, 426),
(1, 427),
(2, 427),
(6, 427),
(1, 428),
(2, 428),
(6, 428),
(1, 429),
(2, 429),
(6, 429),
(1, 430),
(2, 430),
(6, 430),
(1, 431),
(2, 431),
(6, 431),
(1, 432),
(2, 432),
(6, 432),
(1, 433),
(2, 433),
(6, 433),
(1, 434),
(2, 434),
(6, 434),
(1, 435),
(2, 435),
(6, 435),
(1, 436),
(2, 436),
(6, 436),
(1, 437),
(2, 437),
(6, 437),
(1, 438),
(2, 438),
(6, 438),
(1, 439),
(2, 439),
(6, 439),
(1, 440),
(2, 440),
(6, 440),
(1, 441),
(2, 441),
(6, 441),
(1, 442),
(2, 442),
(6, 442),
(1, 443),
(2, 443),
(6, 443),
(1, 444),
(2, 444),
(6, 444),
(1, 445),
(2, 445),
(6, 445),
(1, 446),
(2, 446),
(6, 446),
(1, 447),
(2, 447),
(6, 447),
(1, 448),
(2, 448),
(6, 448),
(1, 449),
(2, 449),
(6, 449),
(1, 450),
(2, 450),
(6, 450),
(1, 451),
(2, 451),
(6, 451),
(1, 452),
(2, 452),
(6, 452),
(1, 453),
(2, 453),
(6, 453),
(1, 454),
(2, 454),
(6, 454),
(1, 455),
(2, 455),
(6, 455),
(1, 456),
(2, 456),
(6, 456),
(1, 457),
(2, 457),
(6, 457),
(1, 458),
(2, 458),
(6, 458),
(1, 459),
(2, 459),
(6, 459),
(1, 460),
(2, 460),
(6, 460),
(1, 461),
(2, 461),
(6, 461),
(1, 462),
(2, 462),
(6, 462);

-- --------------------------------------------------------

--
-- Table structure for table `trainee_job`
--

CREATE TABLE `trainee_job` (
  `job_id` int(11) NOT NULL,
  `job_desc` text NOT NULL
) ENGINE=InnoDB DEFAULT CHARSET=utf8;

-- --------------------------------------------------------

--
-- Table structure for table `trainee_presentation`
--

CREATE TABLE `trainee_presentation` (
  `presentation_id` int(11) NOT NULL,
  `presentation_date` date DEFAULT NULL,
  `presentation_stime` time DEFAULT NULL,
  `presentation_ftime` time DEFAULT NULL,
  `presentation_duration` time DEFAULT NULL,
  `remark` text,
  `presentation_score` float DEFAULT NULL,
  `created_details` timestamp NOT NULL DEFAULT CURRENT_TIMESTAMP ON UPDATE CURRENT_TIMESTAMP,
  `room_id` int(11) DEFAULT NULL
) ENGINE=InnoDB DEFAULT CHARSET=utf8;

--
-- Dumping data for table `trainee_presentation`
--

INSERT INTO `trainee_presentation` (`presentation_id`, `presentation_date`, `presentation_stime`, `presentation_ftime`, `presentation_duration`, `remark`, `presentation_score`, `created_details`, `room_id`) VALUES
(4, '2017-05-06', '09:10:00', '10:10:00', '00:25:00', 'Best', 5, '2017-03-28 19:57:48', NULL),
(5, '2017-03-01', '09:00:00', '10:00:00', '00:20:00', NULL, NULL, '2017-03-29 03:50:47', NULL),
(6, '0012-12-12', '00:12:00', '00:12:00', '00:12:00', NULL, NULL, '2017-05-21 01:44:33', NULL);

-- --------------------------------------------------------

--
-- Table structure for table `trainee_project`
--

CREATE TABLE `trainee_project` (
  `project_id` int(11) NOT NULL,
  `project_name` varchar(100) DEFAULT NULL,
  `project_detail` text
) ENGINE=InnoDB DEFAULT CHARSET=utf8;

--
-- Dumping data for table `trainee_project`
--

INSERT INTO `trainee_project` (`project_id`, `project_name`, `project_detail`) VALUES
(79, 'Automated HGA Insertion Tail Life Recovery', NULL),
(80, 'Automated HGA Insertion Tail Life Recovery', NULL),
(81, 'Web Server _Project', NULL),
(82, 'Ergonomics', NULL),
(83, '', NULL),
(84, 'AVI mechanical design project', NULL),
(85, 'Development of Inventory Management Systems : Department of Branded Product', NULL),
(86, 'Development of Inventory Management Systems : Department of Branded Product', NULL),
(87, 'Changing traffic improvement in clean room_of B4', NULL),
(88, 'Changing traffic improvement in clean room_of B4', NULL),
(89, 'Automated HGA Insertion Tail Life Recovery', NULL),
(90, 'Web Server _Project', NULL),
(91, 'Automated HGA Insertion Tail Life Recovery', NULL),
(92, 'Automated HGA Insertion Tail Life Recovery', NULL),
(93, 'Automated HGA Insertion Tail Life Recovery', NULL),
(94, 'Automated HGA Insertion Tail Life Recovery', NULL),
(95, 'Automated HGA Insertion Tail Life Recovery', NULL),
(96, 'Automated HGA Insertion Tail Life Recovery', NULL),
(97, 'Web Server _Project', NULL),
(98, 'Ergonomics', NULL),
(99, '', NULL),
(100, 'AVI mechanical design project', NULL),
(101, 'Development of Inventory Management Systems : Department of Branded Product', NULL),
(102, 'Development of Inventory Management Systems : Department of Branded Product', NULL),
(103, 'Changing traffic improvement in clean room_of B4', NULL),
(104, 'Changing traffic improvement in clean room_of B4', NULL),
(105, 'Automated HGA Insertion Tail Life Recovery', NULL),
(106, 'Web Server _Project', NULL),
(107, 'Ergonomics', NULL),
(108, '', NULL),
(109, 'AVI mechanical design project', NULL),
(110, 'Development of Inventory Management Systems : Department of Branded Product', NULL),
(111, 'Development of Inventory Management Systems : Department of Branded Product', NULL),
(112, 'Changing traffic improvement in clean room_of B4', NULL),
(113, 'Changing traffic improvement in clean room_of B4', NULL),
(114, 'Automated HGA Insertion Tail Life Recovery', NULL),
(115, 'Automated HGA Insertion Tail Life Recovery', NULL),
(116, 'Automated HGA Insertion Tail Life Recovery', NULL),
(117, 'Automated HGA Insertion Tail Life Recovery', NULL),
(118, 'Automated HGA Insertion Tail Life Recovery', NULL),
(119, 'Web Server _Project', NULL),
(120, 'Ergonomics', NULL),
(121, '', NULL),
(122, 'AVI mechanical design project', NULL),
(123, 'Development of Inventory Management Systems : Department of Branded Product', NULL),
(124, 'Development of Inventory Management Systems : Department of Branded Product', NULL),
(125, 'Changing traffic improvement in clean room_of B4', NULL),
(126, 'Changing traffic improvement in clean room_of B4', NULL),
(127, 'Automated HGA Insertion Tail Life Recovery', NULL),
(128, 'Web Server _Project', NULL),
(129, 'Ergonomics', NULL),
(130, '', NULL),
(131, 'AVI mechanical design project', NULL),
(132, 'Development of Inventory Management Systems : Department of Branded Product', NULL),
(133, 'Development of Inventory Management Systems : Department of Branded Product', NULL),
(134, 'Changing traffic improvement in clean room_of B4', NULL),
(135, 'Changing traffic improvement in clean room_of B4', NULL),
(136, 'Automated HGA Insertion Tail Life Recovery', NULL),
(137, 'Web Server _Project', NULL),
(138, 'Ergonomics', NULL),
(139, '', NULL),
(140, 'AVI mechanical design project', NULL),
(141, 'Development of Inventory Management Systems : Department of Branded Product', NULL),
(142, 'Development of Inventory Management Systems : Department of Branded Product', NULL),
(143, 'Changing traffic improvement in clean room_of B4', NULL),
(144, 'Changing traffic improvement in clean room_of B4', NULL),
(145, 'Automated HGA Insertion Tail Life Recovery', NULL),
(146, 'Automated HGA Insertion Tail Life Recovery', NULL),
(147, 'Automated HGA Insertion Tail Life Recovery', NULL),
(148, 'Automated HGA Insertion Tail Life Recovery', NULL),
(149, 'Automated HGA Insertion Tail Life Recovery', NULL),
(150, 'Web Server _Project', NULL),
(151, 'Ergonomics', NULL),
(152, '', NULL),
(153, 'AVI mechanical design project', NULL),
(154, 'Development of Inventory Management Systems : Department of Branded Product', NULL),
(155, 'Development of Inventory Management Systems : Department of Branded Product', NULL),
(156, 'Changing traffic improvement in clean room_of B4', NULL),
(157, 'Changing traffic improvement in clean room_of B4', NULL),
(158, 'Automated HGA Insertion Tail Life Recovery', NULL),
(159, 'Web Server _Project', NULL),
(160, 'Ergonomics', NULL),
(161, '', NULL),
(162, 'AVI mechanical design project', NULL),
(163, 'Development of Inventory Management Systems : Department of Branded Product', NULL),
(164, 'Development of Inventory Management Systems : Department of Branded Product', NULL),
(165, 'Changing traffic improvement in clean room_of B4', NULL),
(166, 'Changing traffic improvement in clean room_of B4', NULL),
(167, 'Automated HGA Insertion Tail Life Recovery', NULL),
(168, 'Web Server _Project', NULL),
(169, 'Ergonomics', NULL),
(170, '', NULL),
(171, 'AVI mechanical design project', NULL),
(172, 'Development of Inventory Management Systems : Department of Branded Product', NULL),
(173, 'Development of Inventory Management Systems : Department of Branded Product', NULL),
(174, 'Changing traffic improvement in clean room_of B4', NULL),
(175, 'Changing traffic improvement in clean room_of B4', NULL),
(176, 'Automated HGA Insertion Tail Life Recovery', NULL),
(177, 'Web Server _Project', NULL),
(178, 'Ergonomics', NULL),
(179, NULL, NULL),
(180, 'AVI mechanical design project', NULL),
(181, 'Development of Inventory Management Systems : Department of Branded Product', NULL),
(182, 'Development of Inventory Management Systems : Department of Branded Product', NULL),
(183, 'Changing traffic improvement in clean room_of B4', NULL),
(184, 'Changing traffic improvement in clean room_of B4', NULL),
(185, NULL, NULL),
(186, NULL, NULL),
(187, NULL, NULL),
(188, NULL, NULL),
(189, NULL, NULL),
(190, NULL, NULL),
(191, NULL, NULL),
(192, NULL, NULL),
(193, NULL, NULL),
(194, NULL, NULL),
(195, NULL, NULL),
(196, NULL, NULL),
(197, NULL, NULL),
(198, 'smart CWIE ch', 'eiei deta ch'),
(199, NULL, NULL),
(200, NULL, NULL),
(201, NULL, NULL),
(202, 'Automated HGA Insertion Tail Life Recovery', NULL),
(203, 'Automated HGA Insertion Tail Life Recovery', NULL),
(204, 'Automated HGA Insertion Tail Life Recovery', NULL),
(205, 'Automated HGA Insertion Tail Life Recovery', NULL),
(206, 'Web Server _Project', NULL),
(207, 'Ergonomics', NULL),
(208, '', NULL),
(209, 'AVI mechanical design project', NULL),
(210, 'Development of Inventory Management Systems : Department of Branded Product', NULL),
(211, 'Development of Inventory Management Systems : Department of Branded Product', NULL),
(212, 'Changing traffic improvement in clean room_of B4', NULL),
(213, 'Changing traffic improvement in clean room_of B4', NULL),
(214, 'Automated HGA Insertion Tail Life Recovery', NULL),
(215, 'Web Server _Project', NULL),
(216, 'Ergonomics', NULL),
(217, '', NULL),
(218, 'AVI mechanical design project', NULL),
(219, 'Development of Inventory Management Systems : Department of Branded Product', NULL),
(220, 'Development of Inventory Management Systems : Department of Branded Product', NULL),
(221, 'Changing traffic improvement in clean room_of B4', NULL),
(222, 'Changing traffic improvement in clean room_of B4', NULL),
(223, NULL, NULL),
(224, NULL, NULL);

-- --------------------------------------------------------

--
-- Table structure for table `trainee_transportation`
--

CREATE TABLE `trainee_transportation` (
  `transportation_id` int(11) NOT NULL,
  `driver_fname` varchar(20) DEFAULT NULL,
  `driver_lname` varchar(20) DEFAULT NULL,
  `vehicle_no` varchar(5) DEFAULT NULL,
  `driver_mobile` varchar(12) DEFAULT NULL,
  `destination_name` varchar(50) DEFAULT NULL,
  `transportation_point` varchar(50) DEFAULT NULL
) ENGINE=InnoDB DEFAULT CHARSET=utf8;

--
-- Dumping data for table `trainee_transportation`
--

INSERT INTO `trainee_transportation` (`transportation_id`, `driver_fname`, `driver_lname`, `vehicle_no`, `driver_mobile`, `destination_name`, `transportation_point`) VALUES
(1, NULL, NULL, NULL, NULL, '', ''),
(2, NULL, NULL, NULL, NULL, NULL, 'Future Park Rungsit'),
(3, NULL, NULL, NULL, NULL, NULL, 'Thammasat University'),
(4, NULL, NULL, NULL, NULL, NULL, 'Bangkok University');

-- --------------------------------------------------------

--
-- Table structure for table `trainee_visa`
--

CREATE TABLE `trainee_visa` (
  `visa_id` int(11) NOT NULL,
  `trainee_id` varchar(15) NOT NULL,
  `visa_exp_date` date DEFAULT NULL,
  `visa_email_date` date DEFAULT NULL,
  `img_id` int(11) DEFAULT NULL
) ENGINE=InnoDB DEFAULT CHARSET=utf8;

-- --------------------------------------------------------

--
-- Table structure for table `training_course`
--

CREATE TABLE `training_course` (
  `course_id` int(11) NOT NULL,
  `course_name` varchar(100) NOT NULL,
  `course_detail` text,
  `course_start_time` time DEFAULT NULL,
  `course_end_time` time DEFAULT NULL,
  `course_date` date DEFAULT NULL,
  `course_room` int(2) DEFAULT NULL,
  `bldg_id` int(11) DEFAULT NULL
) ENGINE=InnoDB DEFAULT CHARSET=utf8;

--
-- Dumping data for table `training_course`
--

INSERT INTO `training_course` (`course_id`, `course_name`, `course_detail`, `course_start_time`, `course_end_time`, `course_date`, `course_room`, `bldg_id`) VALUES
(1, 'Basic Hard Disk Drives', NULL, NULL, NULL, NULL, 3, 3),
(2, 'Keep calm and present your way', NULL, NULL, NULL, NULL, NULL, NULL),
(6, 'Delivering an Academic Presentation with Confidence', NULL, NULL, NULL, NULL, NULL, NULL),
(7, '', NULL, NULL, NULL, NULL, NULL, NULL);

-- --------------------------------------------------------

--
-- Table structure for table `transcript`
--

CREATE TABLE `transcript` (
  `transcript_id` int(11) NOT NULL,
  `transcript_file` varchar(35) DEFAULT NULL,
  `application_id` int(11) DEFAULT NULL
) ENGINE=InnoDB DEFAULT CHARSET=utf8;

--
-- Dumping data for table `transcript`
--

INSERT INTO `transcript` (`transcript_id`, `transcript_file`, `application_id`) VALUES
(10, NULL, NULL),
(12, NULL, NULL),
(14, NULL, NULL),
(16, NULL, NULL),
(18, NULL, NULL),
(20, NULL, NULL),
(22, NULL, NULL),
(24, NULL, NULL),
(26, NULL, NULL),
(28, NULL, NULL),
(29, NULL, NULL),
(30, NULL, NULL),
(31, NULL, NULL),
(32, NULL, NULL),
(33, NULL, NULL),
(34, NULL, NULL),
(35, NULL, NULL),
(36, NULL, NULL),
(37, NULL, NULL),
(38, NULL, NULL),
(39, NULL, NULL),
(40, NULL, NULL),
(41, NULL, NULL),
(42, NULL, NULL),
(43, NULL, NULL),
(44, NULL, NULL),
(45, NULL, NULL),
(46, NULL, NULL),
(47, NULL, NULL),
(48, NULL, NULL),
(49, NULL, NULL),
(50, NULL, NULL),
(51, NULL, NULL),
(52, NULL, NULL),
(53, NULL, NULL),
(54, NULL, NULL),
(55, NULL, NULL),
(56, NULL, NULL),
(57, NULL, NULL),
(58, NULL, NULL),
(59, NULL, NULL),
(60, NULL, NULL),
(61, NULL, NULL),
(62, NULL, NULL),
(63, NULL, NULL),
(64, NULL, NULL),
(65, NULL, NULL),
(66, NULL, NULL),
(67, NULL, NULL),
(68, NULL, NULL),
(69, NULL, NULL),
(70, NULL, NULL),
(71, NULL, NULL),
(72, NULL, NULL),
(73, NULL, NULL),
(74, NULL, NULL),
(75, NULL, NULL),
(76, NULL, NULL),
(77, NULL, NULL),
(78, NULL, NULL),
(79, NULL, NULL),
(80, NULL, NULL),
(81, NULL, NULL),
(82, NULL, NULL),
(83, NULL, NULL),
(84, NULL, NULL),
(85, NULL, NULL),
(86, NULL, NULL),
(87, NULL, NULL),
(88, NULL, NULL),
(89, NULL, NULL),
(90, NULL, NULL),
(91, NULL, NULL),
(92, NULL, NULL),
(93, NULL, NULL),
(94, NULL, NULL),
(95, NULL, NULL),
(96, NULL, NULL),
(97, NULL, NULL),
(98, NULL, NULL),
(99, NULL, NULL),
(100, NULL, NULL),
(101, NULL, NULL),
(102, NULL, NULL),
(103, NULL, NULL),
(104, NULL, NULL),
(105, NULL, NULL),
(106, NULL, NULL),
(107, NULL, NULL),
(108, NULL, NULL),
(109, NULL, NULL),
(110, NULL, NULL),
(111, NULL, NULL),
(112, NULL, NULL),
(113, NULL, NULL),
(114, NULL, NULL),
(115, NULL, NULL),
(116, NULL, NULL),
(117, NULL, NULL),
(118, NULL, NULL),
(119, NULL, NULL),
(120, NULL, NULL),
(121, NULL, NULL),
(122, NULL, NULL),
(123, NULL, NULL),
(124, NULL, NULL),
(125, NULL, NULL),
(126, NULL, NULL),
(127, NULL, NULL),
(128, NULL, NULL),
(129, NULL, NULL),
(130, NULL, NULL),
(131, NULL, NULL),
(132, NULL, NULL),
(133, NULL, NULL),
(134, NULL, NULL),
(135, NULL, NULL),
(136, NULL, NULL),
(137, NULL, NULL),
(138, NULL, NULL),
(139, NULL, NULL),
(140, NULL, NULL),
(141, NULL, NULL),
(142, NULL, NULL),
(143, NULL, NULL),
(144, NULL, NULL),
(145, NULL, NULL),
(146, NULL, NULL),
(147, NULL, NULL),
(148, NULL, NULL),
(149, NULL, NULL),
(150, NULL, NULL),
(151, NULL, NULL),
(152, NULL, NULL),
(153, NULL, NULL),
(154, NULL, NULL),
(155, NULL, NULL),
(156, NULL, NULL),
(157, NULL, NULL),
(158, NULL, NULL),
(159, NULL, NULL),
(160, NULL, NULL),
(161, NULL, NULL),
(162, NULL, NULL),
(163, NULL, NULL),
(164, NULL, NULL),
(165, NULL, NULL),
(166, NULL, NULL),
(167, NULL, NULL),
(168, NULL, NULL),
(169, NULL, NULL),
(170, NULL, NULL),
(171, NULL, NULL),
(172, NULL, NULL),
(173, NULL, NULL),
(174, NULL, NULL),
(175, NULL, NULL),
(176, NULL, NULL),
(177, NULL, NULL),
(178, NULL, NULL),
(179, NULL, NULL),
(180, NULL, NULL),
(181, NULL, NULL),
(182, NULL, NULL),
(183, NULL, NULL),
(184, NULL, NULL),
(185, NULL, NULL),
(186, NULL, NULL),
(187, NULL, NULL),
(188, NULL, NULL),
(189, NULL, NULL),
(190, NULL, NULL),
(191, NULL, NULL),
(192, NULL, NULL),
(193, NULL, NULL),
(194, NULL, NULL),
(195, NULL, NULL),
(196, NULL, NULL),
(197, NULL, NULL),
(198, NULL, NULL),
(199, NULL, NULL),
(200, NULL, NULL),
(201, NULL, NULL),
(202, NULL, NULL),
(203, NULL, NULL),
(204, NULL, NULL),
(205, NULL, NULL),
(206, NULL, NULL),
(207, NULL, NULL),
(208, NULL, NULL),
(209, NULL, NULL),
(210, NULL, NULL),
(211, NULL, NULL),
(212, NULL, NULL),
(213, NULL, NULL),
(214, NULL, NULL),
(215, NULL, NULL),
(216, NULL, NULL),
(217, NULL, NULL),
(218, NULL, NULL),
(219, NULL, NULL),
(220, NULL, NULL),
(221, NULL, NULL),
(222, NULL, NULL),
(223, NULL, NULL),
(224, NULL, NULL),
(225, NULL, NULL),
(226, NULL, NULL),
(227, NULL, NULL),
(228, NULL, NULL),
(229, NULL, NULL),
(230, NULL, NULL),
(231, NULL, NULL),
(232, NULL, NULL),
(233, NULL, NULL),
(234, NULL, NULL),
(235, NULL, NULL),
(236, NULL, NULL),
(237, NULL, NULL),
(238, NULL, NULL),
(239, NULL, NULL),
(240, NULL, NULL),
(241, NULL, NULL),
(242, NULL, NULL),
(243, NULL, NULL),
(244, NULL, NULL),
(245, NULL, NULL),
(246, NULL, NULL),
(247, NULL, NULL),
(248, NULL, NULL),
(249, NULL, NULL),
(250, NULL, NULL),
(251, NULL, NULL),
(252, NULL, NULL),
(253, NULL, NULL),
(254, NULL, NULL),
(255, NULL, NULL),
(256, NULL, NULL),
(257, NULL, NULL),
(258, NULL, NULL),
(259, NULL, NULL),
(260, NULL, NULL),
(261, NULL, NULL),
(262, NULL, NULL),
(263, NULL, NULL),
(264, NULL, NULL),
(265, NULL, NULL),
(266, NULL, NULL),
(267, NULL, NULL),
(268, NULL, NULL),
(269, NULL, NULL),
(270, NULL, NULL),
(271, NULL, NULL),
(272, NULL, NULL),
(273, NULL, NULL),
(274, NULL, NULL),
(275, NULL, NULL),
(276, NULL, NULL),
(277, NULL, NULL),
(278, NULL, NULL),
(279, NULL, NULL),
(280, NULL, NULL),
(281, NULL, NULL),
(282, NULL, NULL),
(283, NULL, NULL),
(284, NULL, NULL),
(285, NULL, NULL),
(286, NULL, NULL),
(287, NULL, NULL),
(288, NULL, NULL),
(289, NULL, NULL),
(290, NULL, NULL),
(291, NULL, NULL),
(292, NULL, NULL),
(293, NULL, NULL),
(294, NULL, NULL),
(295, NULL, NULL),
(296, NULL, NULL),
(297, NULL, NULL),
(298, NULL, NULL),
(299, NULL, NULL),
(300, NULL, NULL),
(301, NULL, NULL),
(302, NULL, NULL),
(303, NULL, NULL),
(304, NULL, NULL),
(305, NULL, NULL),
(306, NULL, NULL),
(307, NULL, NULL),
(308, NULL, NULL),
(309, NULL, NULL),
(310, NULL, NULL),
(311, NULL, NULL),
(312, NULL, NULL),
(313, NULL, NULL),
(314, NULL, NULL),
(315, NULL, NULL),
(316, NULL, NULL),
(317, NULL, NULL),
(318, NULL, NULL),
(319, NULL, NULL),
(320, NULL, NULL),
(321, NULL, NULL),
(322, NULL, NULL),
(323, NULL, NULL),
(324, NULL, NULL),
(325, NULL, NULL),
(326, NULL, NULL),
(327, NULL, NULL),
(328, NULL, NULL),
(329, NULL, NULL),
(330, NULL, NULL),
(331, NULL, NULL),
(332, NULL, NULL),
(333, NULL, NULL),
(334, NULL, NULL),
(335, NULL, NULL),
(336, NULL, NULL),
(337, NULL, NULL),
(338, NULL, NULL),
(339, NULL, NULL),
(340, NULL, NULL),
(341, NULL, NULL),
(342, NULL, NULL),
(343, NULL, NULL),
(344, NULL, NULL),
(345, NULL, NULL),
(346, NULL, NULL),
(347, NULL, NULL),
(348, NULL, NULL),
(349, NULL, NULL),
(350, NULL, NULL),
(351, NULL, NULL),
(352, NULL, NULL),
(353, NULL, NULL),
(354, NULL, NULL),
(355, NULL, NULL),
(356, NULL, NULL),
(357, NULL, NULL),
(358, NULL, NULL),
(359, NULL, NULL),
(360, NULL, NULL),
(361, NULL, NULL),
(362, NULL, NULL),
(363, NULL, NULL),
(364, NULL, NULL),
(365, NULL, NULL),
(366, NULL, NULL),
(367, NULL, NULL),
(368, NULL, NULL),
(369, NULL, NULL),
(370, NULL, NULL),
(371, NULL, NULL),
(372, NULL, NULL),
(373, NULL, NULL),
(374, NULL, NULL),
(375, NULL, NULL),
(376, NULL, NULL),
(377, NULL, NULL),
(378, NULL, NULL),
(379, NULL, NULL),
(380, NULL, NULL),
(381, NULL, NULL),
(382, NULL, NULL),
(383, NULL, NULL),
(384, NULL, NULL),
(385, NULL, NULL),
(386, NULL, NULL),
(387, NULL, NULL),
(388, NULL, NULL),
(389, NULL, NULL),
(390, NULL, NULL),
(391, NULL, NULL),
(392, NULL, NULL),
(393, NULL, NULL),
(394, NULL, NULL),
(395, NULL, NULL),
(396, NULL, NULL),
(397, NULL, NULL),
(398, NULL, NULL),
(399, NULL, NULL),
(400, NULL, NULL),
(401, NULL, NULL),
(402, NULL, NULL),
(403, NULL, NULL),
(404, NULL, NULL),
(405, NULL, NULL),
(406, NULL, NULL),
(407, NULL, NULL),
(408, NULL, NULL),
(409, NULL, NULL),
(410, NULL, NULL),
(411, NULL, NULL),
(412, NULL, NULL),
(413, NULL, NULL),
(414, NULL, NULL),
(415, NULL, NULL),
(416, NULL, NULL),
(417, NULL, NULL),
(418, NULL, NULL),
(419, NULL, NULL),
(420, NULL, NULL),
(421, NULL, NULL),
(422, NULL, NULL),
(423, NULL, NULL),
(424, NULL, NULL),
(425, NULL, NULL),
(426, NULL, NULL),
(427, NULL, NULL),
(428, NULL, NULL),
(429, NULL, NULL),
(430, NULL, NULL),
(431, NULL, NULL),
(432, NULL, NULL),
(433, NULL, NULL),
(434, NULL, NULL),
(435, NULL, NULL),
(436, NULL, NULL),
(437, NULL, NULL),
(438, NULL, NULL),
(439, NULL, NULL),
(440, NULL, NULL),
(441, NULL, NULL),
(442, NULL, NULL),
(443, NULL, NULL),
(444, NULL, NULL),
(445, NULL, NULL),
(446, NULL, NULL),
(447, NULL, NULL),
(448, NULL, NULL),
(449, NULL, NULL),
(450, NULL, NULL),
(451, NULL, NULL),
(452, NULL, NULL),
(453, NULL, NULL),
(454, NULL, NULL),
(455, NULL, NULL),
(456, NULL, NULL),
(457, NULL, NULL),
(458, NULL, NULL),
(459, NULL, NULL),
(460, NULL, NULL),
(461, NULL, NULL),
(462, NULL, NULL),
(463, NULL, NULL),
(464, NULL, NULL),
(465, NULL, NULL),
(466, NULL, NULL),
(467, NULL, NULL),
(468, NULL, NULL),
(469, NULL, NULL),
(470, NULL, NULL),
(471, NULL, NULL),
(472, NULL, NULL),
(473, NULL, NULL),
(474, NULL, NULL),
(475, NULL, NULL),
(476, NULL, NULL),
(477, NULL, NULL),
(478, NULL, NULL),
(479, NULL, NULL),
(480, NULL, NULL),
(481, NULL, NULL),
(482, NULL, NULL),
(483, NULL, NULL),
(484, NULL, NULL),
(485, NULL, NULL),
(486, NULL, NULL),
(487, NULL, NULL),
(488, NULL, NULL),
(489, NULL, NULL),
(490, NULL, NULL),
(491, NULL, NULL),
(492, NULL, NULL),
(493, NULL, NULL),
(494, NULL, NULL),
(495, NULL, NULL),
(496, NULL, NULL),
(497, NULL, NULL),
(498, NULL, NULL),
(499, NULL, NULL),
(500, NULL, NULL),
(501, NULL, NULL),
(502, NULL, NULL),
(503, NULL, NULL),
(504, NULL, NULL),
(505, NULL, NULL),
(506, NULL, NULL),
(507, NULL, NULL),
(508, NULL, NULL),
(509, NULL, NULL),
(510, NULL, NULL),
(511, NULL, NULL),
(512, NULL, NULL),
(513, NULL, NULL),
(514, NULL, NULL),
(515, NULL, NULL),
(516, NULL, NULL),
(517, NULL, NULL),
(519, NULL, NULL),
(520, NULL, NULL),
(521, NULL, NULL),
(522, NULL, NULL),
(523, NULL, NULL),
(524, NULL, NULL),
(525, NULL, NULL),
(526, NULL, NULL),
(527, NULL, NULL),
(528, NULL, NULL),
(529, NULL, NULL),
(530, NULL, NULL),
(531, NULL, NULL),
(532, NULL, NULL),
(533, NULL, NULL),
(534, NULL, NULL),
(535, NULL, NULL),
(536, NULL, NULL),
(537, NULL, NULL),
(538, NULL, NULL),
(539, NULL, NULL),
(540, NULL, NULL),
(541, NULL, NULL),
(542, NULL, NULL),
(543, NULL, NULL),
(544, NULL, NULL),
(545, NULL, NULL),
(546, NULL, NULL),
(547, NULL, NULL),
(548, NULL, NULL),
(549, NULL, NULL),
(550, NULL, NULL),
(551, NULL, NULL),
(552, NULL, NULL),
(553, NULL, NULL),
(554, NULL, NULL),
(555, NULL, NULL),
(556, NULL, NULL),
(576, NULL, NULL),
(578, NULL, NULL),
(579, NULL, NULL),
(580, NULL, NULL),
(581, NULL, NULL),
(582, NULL, NULL),
(583, NULL, NULL),
(584, NULL, NULL),
(585, NULL, NULL),
(586, NULL, NULL),
(587, NULL, NULL),
(588, NULL, NULL),
(589, NULL, NULL),
(590, NULL, NULL),
(591, NULL, NULL),
(592, NULL, NULL),
(593, NULL, NULL),
(594, NULL, NULL),
(595, NULL, NULL),
(596, NULL, NULL);

-- --------------------------------------------------------

--
-- Table structure for table `video`
--

CREATE TABLE `video` (
  `video_id` int(11) NOT NULL,
  `video_file` varchar(35) DEFAULT NULL,
  `application_id` int(11) DEFAULT NULL
) ENGINE=InnoDB DEFAULT CHARSET=utf8;

--
-- Dumping data for table `video`
--

INSERT INTO `video` (`video_id`, `video_file`, `application_id`) VALUES
(10, NULL, NULL),
(12, NULL, NULL),
(14, NULL, NULL),
(16, NULL, NULL),
(18, NULL, NULL),
(20, NULL, NULL),
(22, NULL, NULL),
(24, NULL, NULL),
(26, NULL, NULL),
(28, NULL, NULL),
(29, NULL, NULL),
(30, NULL, NULL),
(31, NULL, NULL),
(32, NULL, NULL),
(33, NULL, NULL),
(34, NULL, NULL),
(35, NULL, NULL),
(36, NULL, NULL),
(37, NULL, NULL),
(38, NULL, NULL),
(39, NULL, NULL),
(40, NULL, NULL),
(41, NULL, NULL),
(42, NULL, NULL),
(43, NULL, NULL),
(44, NULL, NULL),
(45, NULL, NULL),
(46, NULL, NULL),
(47, NULL, NULL),
(48, NULL, NULL),
(49, NULL, NULL),
(50, NULL, NULL),
(51, NULL, NULL),
(52, NULL, NULL),
(53, NULL, NULL),
(54, NULL, NULL),
(55, NULL, NULL),
(56, NULL, NULL),
(57, NULL, NULL),
(58, NULL, NULL),
(59, NULL, NULL),
(60, NULL, NULL),
(61, NULL, NULL),
(62, NULL, NULL),
(63, NULL, NULL),
(64, NULL, NULL),
(65, NULL, NULL),
(66, NULL, NULL),
(67, NULL, NULL),
(68, NULL, NULL),
(69, NULL, NULL),
(70, NULL, NULL),
(71, NULL, NULL),
(72, NULL, NULL),
(73, NULL, NULL),
(74, NULL, NULL),
(75, NULL, NULL),
(76, NULL, NULL),
(77, NULL, NULL),
(78, NULL, NULL),
(79, NULL, NULL),
(80, NULL, NULL),
(81, NULL, NULL),
(82, NULL, NULL),
(83, NULL, NULL),
(84, NULL, NULL),
(85, NULL, NULL),
(86, NULL, NULL),
(87, NULL, NULL),
(88, NULL, NULL),
(89, NULL, NULL),
(90, NULL, NULL),
(91, NULL, NULL),
(92, NULL, NULL),
(93, NULL, NULL),
(94, NULL, NULL),
(95, NULL, NULL),
(96, NULL, NULL),
(97, NULL, NULL),
(98, NULL, NULL),
(99, NULL, NULL),
(100, NULL, NULL),
(101, NULL, NULL),
(102, NULL, NULL),
(103, NULL, NULL),
(104, NULL, NULL),
(105, NULL, NULL),
(106, NULL, NULL),
(107, NULL, NULL),
(108, NULL, NULL),
(109, NULL, NULL),
(110, NULL, NULL),
(111, NULL, NULL),
(112, NULL, NULL),
(113, NULL, NULL),
(114, NULL, NULL),
(115, NULL, NULL),
(116, NULL, NULL),
(117, NULL, NULL),
(118, NULL, NULL),
(119, NULL, NULL),
(120, NULL, NULL),
(121, NULL, NULL),
(122, NULL, NULL),
(123, NULL, NULL),
(124, NULL, NULL),
(125, NULL, NULL),
(126, NULL, NULL),
(127, NULL, NULL),
(128, NULL, NULL),
(129, NULL, NULL),
(130, NULL, NULL),
(131, NULL, NULL),
(132, NULL, NULL),
(133, NULL, NULL),
(134, NULL, NULL),
(135, NULL, NULL),
(136, NULL, NULL),
(137, NULL, NULL),
(138, NULL, NULL),
(139, NULL, NULL),
(140, NULL, NULL),
(141, NULL, NULL),
(142, NULL, NULL),
(143, NULL, NULL),
(144, NULL, NULL),
(145, NULL, NULL),
(146, NULL, NULL),
(147, NULL, NULL),
(148, NULL, NULL),
(149, NULL, NULL),
(150, NULL, NULL),
(151, NULL, NULL),
(152, NULL, NULL),
(153, NULL, NULL),
(154, NULL, NULL),
(155, NULL, NULL),
(156, NULL, NULL),
(157, NULL, NULL),
(158, NULL, NULL),
(159, NULL, NULL),
(160, NULL, NULL),
(161, NULL, NULL),
(162, NULL, NULL),
(163, NULL, NULL),
(164, NULL, NULL),
(165, NULL, NULL),
(166, NULL, NULL),
(167, NULL, NULL),
(168, NULL, NULL),
(169, NULL, NULL),
(170, NULL, NULL),
(171, NULL, NULL),
(172, NULL, NULL),
(173, NULL, NULL),
(174, NULL, NULL),
(175, NULL, NULL),
(176, NULL, NULL),
(177, NULL, NULL),
(178, NULL, NULL),
(179, NULL, NULL),
(180, NULL, NULL),
(181, NULL, NULL),
(182, NULL, NULL),
(183, NULL, NULL),
(184, NULL, NULL),
(185, NULL, NULL),
(186, NULL, NULL),
(187, NULL, NULL),
(188, NULL, NULL),
(189, NULL, NULL),
(190, NULL, NULL),
(191, NULL, NULL),
(192, NULL, NULL),
(193, NULL, NULL),
(194, NULL, NULL),
(195, NULL, NULL),
(196, NULL, NULL),
(197, NULL, NULL),
(198, NULL, NULL),
(199, NULL, NULL),
(200, NULL, NULL),
(201, NULL, NULL),
(202, NULL, NULL),
(203, NULL, NULL),
(204, NULL, NULL),
(205, NULL, NULL),
(206, NULL, NULL),
(207, NULL, NULL),
(208, NULL, NULL),
(209, NULL, NULL),
(210, NULL, NULL),
(211, NULL, NULL),
(212, NULL, NULL),
(213, NULL, NULL),
(214, NULL, NULL),
(215, NULL, NULL),
(216, NULL, NULL),
(217, NULL, NULL),
(218, NULL, NULL),
(219, NULL, NULL),
(220, NULL, NULL),
(221, NULL, NULL),
(222, NULL, NULL),
(223, NULL, NULL),
(224, NULL, NULL),
(225, NULL, NULL),
(226, NULL, NULL),
(227, NULL, NULL),
(228, NULL, NULL),
(229, NULL, NULL),
(230, NULL, NULL),
(231, NULL, NULL),
(232, NULL, NULL),
(233, NULL, NULL),
(234, NULL, NULL),
(235, NULL, NULL),
(236, NULL, NULL),
(237, NULL, NULL),
(238, NULL, NULL),
(239, NULL, NULL),
(240, NULL, NULL),
(241, NULL, NULL),
(242, NULL, NULL),
(243, NULL, NULL),
(244, NULL, NULL),
(245, NULL, NULL),
(246, NULL, NULL),
(247, NULL, NULL),
(248, NULL, NULL),
(249, NULL, NULL),
(250, NULL, NULL),
(251, NULL, NULL),
(252, NULL, NULL),
(253, NULL, NULL),
(254, NULL, NULL),
(255, NULL, NULL),
(256, NULL, NULL),
(257, NULL, NULL),
(258, NULL, NULL),
(259, NULL, NULL),
(260, NULL, NULL),
(261, NULL, NULL),
(262, NULL, NULL),
(263, NULL, NULL),
(264, NULL, NULL),
(265, NULL, NULL),
(266, NULL, NULL),
(267, NULL, NULL),
(268, NULL, NULL),
(269, NULL, NULL),
(270, NULL, NULL),
(271, NULL, NULL),
(272, NULL, NULL),
(273, NULL, NULL),
(274, NULL, NULL),
(275, NULL, NULL),
(276, NULL, NULL),
(277, NULL, NULL),
(278, NULL, NULL),
(279, NULL, NULL),
(280, NULL, NULL),
(281, NULL, NULL),
(282, NULL, NULL),
(283, NULL, NULL),
(284, NULL, NULL),
(285, NULL, NULL),
(286, NULL, NULL),
(287, NULL, NULL),
(288, NULL, NULL),
(289, NULL, NULL),
(290, NULL, NULL),
(291, NULL, NULL),
(292, NULL, NULL),
(293, NULL, NULL),
(294, NULL, NULL),
(295, NULL, NULL),
(296, NULL, NULL),
(297, NULL, NULL),
(298, NULL, NULL),
(299, NULL, NULL),
(300, NULL, NULL),
(301, NULL, NULL),
(302, NULL, NULL),
(303, NULL, NULL),
(304, NULL, NULL),
(305, NULL, NULL),
(306, NULL, NULL),
(307, NULL, NULL),
(308, NULL, NULL),
(309, NULL, NULL),
(310, NULL, NULL),
(311, NULL, NULL),
(312, NULL, NULL),
(313, NULL, NULL),
(314, NULL, NULL),
(315, NULL, NULL),
(316, NULL, NULL),
(317, NULL, NULL),
(318, NULL, NULL),
(319, NULL, NULL),
(320, NULL, NULL),
(321, NULL, NULL),
(322, NULL, NULL),
(323, NULL, NULL),
(324, NULL, NULL),
(325, NULL, NULL),
(326, NULL, NULL),
(327, NULL, NULL),
(328, NULL, NULL),
(329, NULL, NULL),
(330, NULL, NULL),
(331, NULL, NULL),
(332, NULL, NULL),
(333, NULL, NULL),
(334, NULL, NULL),
(335, NULL, NULL),
(336, NULL, NULL),
(337, NULL, NULL),
(338, NULL, NULL),
(339, NULL, NULL),
(340, NULL, NULL),
(341, NULL, NULL),
(342, NULL, NULL),
(343, NULL, NULL),
(344, NULL, NULL),
(345, NULL, NULL),
(346, NULL, NULL),
(347, NULL, NULL),
(348, NULL, NULL),
(349, NULL, NULL),
(350, NULL, NULL),
(351, NULL, NULL),
(352, NULL, NULL),
(353, NULL, NULL),
(354, NULL, NULL),
(355, NULL, NULL),
(356, NULL, NULL),
(357, NULL, NULL),
(358, NULL, NULL),
(359, NULL, NULL),
(360, NULL, NULL),
(361, NULL, NULL),
(362, NULL, NULL),
(363, NULL, NULL),
(364, NULL, NULL),
(365, NULL, NULL),
(366, NULL, NULL),
(367, NULL, NULL),
(368, NULL, NULL),
(369, NULL, NULL),
(370, NULL, NULL),
(371, NULL, NULL),
(372, NULL, NULL),
(373, NULL, NULL),
(374, NULL, NULL),
(375, NULL, NULL),
(376, NULL, NULL),
(377, NULL, NULL),
(378, NULL, NULL),
(379, NULL, NULL),
(380, NULL, NULL),
(381, NULL, NULL),
(382, NULL, NULL),
(383, NULL, NULL),
(384, NULL, NULL),
(385, NULL, NULL),
(386, NULL, NULL),
(387, NULL, NULL),
(388, NULL, NULL),
(389, NULL, NULL),
(390, NULL, NULL),
(391, NULL, NULL),
(392, NULL, NULL),
(393, NULL, NULL),
(394, NULL, NULL),
(395, NULL, NULL),
(396, NULL, NULL),
(397, NULL, NULL),
(398, NULL, NULL),
(399, NULL, NULL),
(400, NULL, NULL),
(401, NULL, NULL),
(402, NULL, NULL),
(403, NULL, NULL),
(404, NULL, NULL),
(405, NULL, NULL),
(406, NULL, NULL),
(407, NULL, NULL),
(408, NULL, NULL),
(409, NULL, NULL),
(410, NULL, NULL),
(411, NULL, NULL),
(412, NULL, NULL),
(413, NULL, NULL),
(414, NULL, NULL),
(415, NULL, NULL),
(416, NULL, NULL),
(417, NULL, NULL),
(418, NULL, NULL),
(419, NULL, NULL),
(420, NULL, NULL),
(421, NULL, NULL),
(422, NULL, NULL),
(423, NULL, NULL),
(424, NULL, NULL),
(425, NULL, NULL),
(426, NULL, NULL),
(427, NULL, NULL),
(428, NULL, NULL),
(429, NULL, NULL),
(430, NULL, NULL),
(431, NULL, NULL),
(432, NULL, NULL),
(433, NULL, NULL),
(434, NULL, NULL),
(435, NULL, NULL),
(436, NULL, NULL),
(437, NULL, NULL),
(438, NULL, NULL),
(439, NULL, NULL),
(440, NULL, NULL),
(441, NULL, NULL),
(442, NULL, NULL),
(443, NULL, NULL),
(444, NULL, NULL),
(445, NULL, NULL),
(446, NULL, NULL),
(447, NULL, NULL),
(448, NULL, NULL),
(449, NULL, NULL),
(450, NULL, NULL),
(451, NULL, NULL),
(452, NULL, NULL),
(453, NULL, NULL),
(454, NULL, NULL),
(455, NULL, NULL),
(456, NULL, NULL),
(457, NULL, NULL),
(458, NULL, NULL),
(459, NULL, NULL),
(460, NULL, NULL),
(461, NULL, NULL),
(462, NULL, NULL),
(463, NULL, NULL),
(464, NULL, NULL),
(465, NULL, NULL),
(466, NULL, NULL),
(467, NULL, NULL),
(468, NULL, NULL),
(469, NULL, NULL),
(470, NULL, NULL),
(471, NULL, NULL),
(472, NULL, NULL),
(473, NULL, NULL),
(474, NULL, NULL),
(475, NULL, NULL),
(476, NULL, NULL),
(477, NULL, NULL),
(478, NULL, NULL),
(479, NULL, NULL),
(480, NULL, NULL),
(481, NULL, NULL),
(482, NULL, NULL),
(483, NULL, NULL),
(484, NULL, NULL),
(485, NULL, NULL),
(486, NULL, NULL),
(487, NULL, NULL),
(488, NULL, NULL),
(489, NULL, NULL),
(490, NULL, NULL),
(491, NULL, NULL),
(492, NULL, NULL),
(493, NULL, NULL),
(494, NULL, NULL),
(495, NULL, NULL),
(496, NULL, NULL),
(497, NULL, NULL),
(498, NULL, NULL),
(499, NULL, NULL),
(500, NULL, NULL),
(501, NULL, NULL),
(502, NULL, NULL),
(503, NULL, NULL),
(504, NULL, NULL),
(505, NULL, NULL),
(506, NULL, NULL),
(507, NULL, NULL),
(508, NULL, NULL),
(509, NULL, NULL),
(510, NULL, NULL),
(511, NULL, NULL),
(512, NULL, NULL),
(513, NULL, NULL),
(514, NULL, NULL),
(515, NULL, NULL),
(516, NULL, NULL),
(517, NULL, NULL),
(519, NULL, NULL),
(520, NULL, NULL),
(521, NULL, NULL),
(522, NULL, NULL),
(523, NULL, NULL),
(524, NULL, NULL),
(525, NULL, NULL),
(526, NULL, NULL),
(527, NULL, NULL),
(528, NULL, NULL),
(529, NULL, NULL),
(530, NULL, NULL),
(531, NULL, NULL),
(532, NULL, NULL),
(533, NULL, NULL),
(534, NULL, NULL),
(535, NULL, NULL),
(536, NULL, NULL),
(537, NULL, NULL),
(538, NULL, NULL),
(539, NULL, NULL),
(540, NULL, NULL),
(541, NULL, NULL),
(542, NULL, NULL),
(543, NULL, NULL),
(544, NULL, NULL),
(545, NULL, NULL),
(546, NULL, NULL),
(547, NULL, NULL),
(548, NULL, NULL),
(549, NULL, NULL),
(550, NULL, NULL),
(551, NULL, NULL),
(552, NULL, NULL),
(553, NULL, NULL),
(554, NULL, NULL),
(555, NULL, NULL),
(556, NULL, NULL),
(576, NULL, NULL),
(578, NULL, NULL),
(579, NULL, NULL),
(580, NULL, NULL),
(581, NULL, NULL),
(582, NULL, NULL),
(583, NULL, NULL),
(584, NULL, NULL),
(585, NULL, NULL),
(586, NULL, NULL),
(587, NULL, NULL),
(588, NULL, NULL),
(589, NULL, NULL),
(590, NULL, NULL),
(591, NULL, NULL),
(592, NULL, NULL),
(593, NULL, NULL),
(594, NULL, NULL),
(595, NULL, NULL),
(596, NULL, NULL);

-- --------------------------------------------------------

--
-- Table structure for table `visa`
--

CREATE TABLE `visa` (
  `visa_id` int(11) NOT NULL,
  `visa_file` varchar(35) DEFAULT NULL,
  `application_application_id` int(11) DEFAULT NULL
) ENGINE=InnoDB DEFAULT CHARSET=utf8;

--
-- Dumping data for table `visa`
--

INSERT INTO `visa` (`visa_id`, `visa_file`, `application_application_id`) VALUES
(10, NULL, NULL),
(12, NULL, NULL),
(14, NULL, NULL),
(16, NULL, NULL),
(18, NULL, NULL),
(20, NULL, NULL),
(22, NULL, NULL),
(24, NULL, NULL),
(26, NULL, NULL),
(28, NULL, NULL),
(29, NULL, NULL),
(30, NULL, NULL),
(31, NULL, NULL),
(32, NULL, NULL),
(33, NULL, NULL),
(34, NULL, NULL),
(35, NULL, NULL),
(36, NULL, NULL),
(37, NULL, NULL),
(38, NULL, NULL),
(39, NULL, NULL),
(40, NULL, NULL),
(41, NULL, NULL),
(42, NULL, NULL),
(43, NULL, NULL),
(44, NULL, NULL),
(45, NULL, NULL),
(46, NULL, NULL),
(47, NULL, NULL),
(48, NULL, NULL),
(49, NULL, NULL),
(50, NULL, NULL),
(51, NULL, NULL),
(52, NULL, NULL),
(53, NULL, NULL),
(54, NULL, NULL),
(55, NULL, NULL),
(56, NULL, NULL),
(57, NULL, NULL),
(58, NULL, NULL),
(59, NULL, NULL),
(60, NULL, NULL),
(61, NULL, NULL),
(62, NULL, NULL),
(63, NULL, NULL),
(64, NULL, NULL),
(65, NULL, NULL),
(66, NULL, NULL),
(67, NULL, NULL),
(68, NULL, NULL),
(69, NULL, NULL),
(70, NULL, NULL),
(71, NULL, NULL),
(72, NULL, NULL),
(73, NULL, NULL),
(74, NULL, NULL),
(75, NULL, NULL),
(76, NULL, NULL),
(77, NULL, NULL),
(78, NULL, NULL),
(79, NULL, NULL),
(80, NULL, NULL),
(81, NULL, NULL),
(82, NULL, NULL),
(83, NULL, NULL),
(84, NULL, NULL),
(85, NULL, NULL),
(86, NULL, NULL),
(87, NULL, NULL),
(88, NULL, NULL),
(89, NULL, NULL),
(90, NULL, NULL),
(91, NULL, NULL),
(92, NULL, NULL),
(93, NULL, NULL),
(94, NULL, NULL),
(95, NULL, NULL),
(96, NULL, NULL),
(97, NULL, NULL),
(98, NULL, NULL),
(99, NULL, NULL),
(100, NULL, NULL),
(101, NULL, NULL),
(102, NULL, NULL),
(103, NULL, NULL),
(104, NULL, NULL),
(105, NULL, NULL),
(106, NULL, NULL),
(107, NULL, NULL),
(108, NULL, NULL),
(109, NULL, NULL),
(110, NULL, NULL),
(111, NULL, NULL),
(112, NULL, NULL),
(113, NULL, NULL),
(114, NULL, NULL),
(115, NULL, NULL),
(116, NULL, NULL),
(117, NULL, NULL),
(118, NULL, NULL),
(119, NULL, NULL),
(120, NULL, NULL),
(121, NULL, NULL),
(122, NULL, NULL),
(123, NULL, NULL),
(124, NULL, NULL),
(125, NULL, NULL),
(126, NULL, NULL),
(127, NULL, NULL),
(128, NULL, NULL),
(129, NULL, NULL),
(130, NULL, NULL),
(131, NULL, NULL),
(132, NULL, NULL),
(133, NULL, NULL),
(134, NULL, NULL),
(135, NULL, NULL),
(136, NULL, NULL),
(137, NULL, NULL),
(138, NULL, NULL),
(139, NULL, NULL),
(140, NULL, NULL),
(141, NULL, NULL),
(142, NULL, NULL),
(143, NULL, NULL),
(144, NULL, NULL),
(145, NULL, NULL),
(146, NULL, NULL),
(147, NULL, NULL),
(148, NULL, NULL),
(149, NULL, NULL),
(150, NULL, NULL),
(151, NULL, NULL),
(152, NULL, NULL),
(153, NULL, NULL),
(154, NULL, NULL),
(155, NULL, NULL),
(156, NULL, NULL),
(157, NULL, NULL),
(158, NULL, NULL),
(159, NULL, NULL),
(160, NULL, NULL),
(161, NULL, NULL),
(162, NULL, NULL),
(163, NULL, NULL),
(164, NULL, NULL),
(165, NULL, NULL),
(166, NULL, NULL),
(167, NULL, NULL),
(168, NULL, NULL),
(169, NULL, NULL),
(170, NULL, NULL),
(171, NULL, NULL),
(172, NULL, NULL),
(173, NULL, NULL),
(174, NULL, NULL),
(175, NULL, NULL),
(176, NULL, NULL),
(177, NULL, NULL),
(178, NULL, NULL),
(179, NULL, NULL),
(180, NULL, NULL),
(181, NULL, NULL),
(182, NULL, NULL),
(183, NULL, NULL),
(184, NULL, NULL),
(185, NULL, NULL),
(186, NULL, NULL),
(187, NULL, NULL),
(188, NULL, NULL),
(189, NULL, NULL),
(190, NULL, NULL),
(191, NULL, NULL),
(192, NULL, NULL),
(193, NULL, NULL),
(194, NULL, NULL),
(195, NULL, NULL),
(196, NULL, NULL),
(197, NULL, NULL),
(198, NULL, NULL),
(199, NULL, NULL),
(200, NULL, NULL),
(201, NULL, NULL),
(202, NULL, NULL),
(203, NULL, NULL),
(204, NULL, NULL),
(205, NULL, NULL),
(206, NULL, NULL),
(207, NULL, NULL),
(208, NULL, NULL),
(209, NULL, NULL),
(210, NULL, NULL),
(211, NULL, NULL),
(212, NULL, NULL),
(213, NULL, NULL),
(214, NULL, NULL),
(215, NULL, NULL),
(216, NULL, NULL),
(217, NULL, NULL),
(218, NULL, NULL),
(219, NULL, NULL),
(220, NULL, NULL),
(221, NULL, NULL),
(222, NULL, NULL),
(223, NULL, NULL),
(224, NULL, NULL),
(225, NULL, NULL),
(226, NULL, NULL),
(227, NULL, NULL),
(228, NULL, NULL),
(229, NULL, NULL),
(230, NULL, NULL),
(231, NULL, NULL),
(232, NULL, NULL),
(233, NULL, NULL),
(234, NULL, NULL),
(235, NULL, NULL),
(236, NULL, NULL),
(237, NULL, NULL),
(238, NULL, NULL),
(239, NULL, NULL),
(240, NULL, NULL),
(241, NULL, NULL),
(242, NULL, NULL),
(243, NULL, NULL),
(244, NULL, NULL),
(245, NULL, NULL),
(246, NULL, NULL),
(247, NULL, NULL),
(248, NULL, NULL),
(249, NULL, NULL),
(250, NULL, NULL),
(251, NULL, NULL),
(252, NULL, NULL),
(253, NULL, NULL),
(254, NULL, NULL),
(255, NULL, NULL),
(256, NULL, NULL),
(257, NULL, NULL),
(258, NULL, NULL),
(259, NULL, NULL),
(260, NULL, NULL),
(261, NULL, NULL),
(262, NULL, NULL),
(263, NULL, NULL),
(264, NULL, NULL),
(265, NULL, NULL),
(266, NULL, NULL),
(267, NULL, NULL),
(268, NULL, NULL),
(269, NULL, NULL),
(270, NULL, NULL),
(271, NULL, NULL),
(272, NULL, NULL),
(273, NULL, NULL),
(274, NULL, NULL),
(275, NULL, NULL),
(276, NULL, NULL),
(277, NULL, NULL),
(278, NULL, NULL),
(279, NULL, NULL),
(280, NULL, NULL),
(281, NULL, NULL),
(282, NULL, NULL),
(283, NULL, NULL),
(284, NULL, NULL),
(285, NULL, NULL),
(286, NULL, NULL),
(287, NULL, NULL),
(288, NULL, NULL),
(289, NULL, NULL),
(290, NULL, NULL),
(291, NULL, NULL),
(292, NULL, NULL),
(293, NULL, NULL),
(294, NULL, NULL),
(295, NULL, NULL),
(296, NULL, NULL),
(297, NULL, NULL),
(298, NULL, NULL),
(299, NULL, NULL),
(300, NULL, NULL),
(301, NULL, NULL),
(302, NULL, NULL),
(303, NULL, NULL),
(304, NULL, NULL),
(305, NULL, NULL),
(306, NULL, NULL),
(307, NULL, NULL),
(308, NULL, NULL),
(309, NULL, NULL),
(310, NULL, NULL),
(311, NULL, NULL),
(312, NULL, NULL),
(313, NULL, NULL),
(314, NULL, NULL),
(315, NULL, NULL),
(316, NULL, NULL),
(317, NULL, NULL),
(318, NULL, NULL),
(319, NULL, NULL),
(320, NULL, NULL),
(321, NULL, NULL),
(322, NULL, NULL),
(323, NULL, NULL),
(324, NULL, NULL),
(325, NULL, NULL),
(326, NULL, NULL),
(327, NULL, NULL),
(328, NULL, NULL),
(329, NULL, NULL),
(330, NULL, NULL),
(331, NULL, NULL),
(332, NULL, NULL),
(333, NULL, NULL),
(334, NULL, NULL),
(335, NULL, NULL),
(336, NULL, NULL),
(337, NULL, NULL),
(338, NULL, NULL),
(339, NULL, NULL),
(340, NULL, NULL),
(341, NULL, NULL),
(342, NULL, NULL),
(343, NULL, NULL),
(344, NULL, NULL),
(345, NULL, NULL),
(346, NULL, NULL),
(347, NULL, NULL),
(348, NULL, NULL),
(349, NULL, NULL),
(350, NULL, NULL),
(351, NULL, NULL),
(352, NULL, NULL),
(353, NULL, NULL),
(354, NULL, NULL),
(355, NULL, NULL),
(356, NULL, NULL),
(357, NULL, NULL),
(358, NULL, NULL),
(359, NULL, NULL),
(360, NULL, NULL),
(361, NULL, NULL),
(362, NULL, NULL),
(363, NULL, NULL),
(364, NULL, NULL),
(365, NULL, NULL),
(366, NULL, NULL),
(367, NULL, NULL),
(368, NULL, NULL),
(369, NULL, NULL),
(370, NULL, NULL),
(371, NULL, NULL),
(372, NULL, NULL),
(373, NULL, NULL),
(374, NULL, NULL),
(375, NULL, NULL),
(376, NULL, NULL),
(377, NULL, NULL),
(378, NULL, NULL),
(379, NULL, NULL),
(380, NULL, NULL),
(381, NULL, NULL),
(382, NULL, NULL),
(383, NULL, NULL),
(384, NULL, NULL),
(385, NULL, NULL),
(386, NULL, NULL),
(387, NULL, NULL),
(388, NULL, NULL),
(389, NULL, NULL),
(390, NULL, NULL),
(391, NULL, NULL),
(392, NULL, NULL),
(393, NULL, NULL),
(394, NULL, NULL),
(395, NULL, NULL),
(396, NULL, NULL),
(397, NULL, NULL),
(398, NULL, NULL),
(399, NULL, NULL),
(400, NULL, NULL),
(401, NULL, NULL),
(402, NULL, NULL),
(403, NULL, NULL),
(404, NULL, NULL),
(405, NULL, NULL),
(406, NULL, NULL),
(407, NULL, NULL),
(408, NULL, NULL),
(409, NULL, NULL),
(410, NULL, NULL),
(411, NULL, NULL),
(412, NULL, NULL),
(413, NULL, NULL),
(414, NULL, NULL),
(415, NULL, NULL),
(416, NULL, NULL),
(417, NULL, NULL),
(418, NULL, NULL),
(419, NULL, NULL),
(420, NULL, NULL),
(421, NULL, NULL),
(422, NULL, NULL),
(423, NULL, NULL),
(424, NULL, NULL),
(425, NULL, NULL),
(426, NULL, NULL),
(427, NULL, NULL),
(428, NULL, NULL),
(429, NULL, NULL),
(430, NULL, NULL),
(431, NULL, NULL),
(432, NULL, NULL),
(433, NULL, NULL),
(434, NULL, NULL),
(435, NULL, NULL),
(436, NULL, NULL),
(437, NULL, NULL),
(438, NULL, NULL),
(439, NULL, NULL),
(440, NULL, NULL),
(441, NULL, NULL),
(442, NULL, NULL),
(443, NULL, NULL),
(444, NULL, NULL),
(445, NULL, NULL),
(446, NULL, NULL),
(447, NULL, NULL),
(448, NULL, NULL),
(449, NULL, NULL),
(450, NULL, NULL),
(451, NULL, NULL),
(452, NULL, NULL),
(453, NULL, NULL),
(454, NULL, NULL),
(455, NULL, NULL),
(456, NULL, NULL),
(457, NULL, NULL),
(458, NULL, NULL),
(459, NULL, NULL),
(460, NULL, NULL),
(461, NULL, NULL),
(462, NULL, NULL),
(463, NULL, NULL),
(464, NULL, NULL),
(465, NULL, NULL),
(466, NULL, NULL),
(467, NULL, NULL),
(468, NULL, NULL),
(469, NULL, NULL),
(470, NULL, NULL),
(471, NULL, NULL),
(472, NULL, NULL),
(473, NULL, NULL),
(474, NULL, NULL),
(475, NULL, NULL),
(476, NULL, NULL),
(477, NULL, NULL),
(478, NULL, NULL),
(479, NULL, NULL),
(480, NULL, NULL),
(481, NULL, NULL),
(482, NULL, NULL),
(483, NULL, NULL),
(484, NULL, NULL),
(485, NULL, NULL),
(486, NULL, NULL),
(487, NULL, NULL),
(488, NULL, NULL),
(489, NULL, NULL),
(490, NULL, NULL),
(491, NULL, NULL),
(492, NULL, NULL),
(493, NULL, NULL),
(494, NULL, NULL),
(495, NULL, NULL),
(496, NULL, NULL),
(497, NULL, NULL),
(498, NULL, NULL),
(499, NULL, NULL),
(500, NULL, NULL),
(501, NULL, NULL),
(502, NULL, NULL),
(503, NULL, NULL),
(504, NULL, NULL),
(505, NULL, NULL),
(506, NULL, NULL),
(507, NULL, NULL),
(508, NULL, NULL),
(509, NULL, NULL),
(510, NULL, NULL),
(511, NULL, NULL),
(512, NULL, NULL),
(513, NULL, NULL),
(514, NULL, NULL),
(515, NULL, NULL),
(516, NULL, NULL),
(517, NULL, NULL),
(519, NULL, NULL),
(520, NULL, NULL),
(521, NULL, NULL),
(522, NULL, NULL),
(523, NULL, NULL),
(524, NULL, NULL),
(525, NULL, NULL),
(526, NULL, NULL),
(527, NULL, NULL),
(528, NULL, NULL),
(529, NULL, NULL),
(530, NULL, NULL),
(531, NULL, NULL),
(532, NULL, NULL),
(533, NULL, NULL),
(534, NULL, NULL),
(535, NULL, NULL),
(536, NULL, NULL),
(537, NULL, NULL),
(538, NULL, NULL),
(539, NULL, NULL),
(540, NULL, NULL),
(541, NULL, NULL),
(542, NULL, NULL),
(543, NULL, NULL),
(544, NULL, NULL),
(545, NULL, NULL),
(546, NULL, NULL),
(547, NULL, NULL),
(548, NULL, NULL),
(549, NULL, NULL),
(550, NULL, NULL),
(551, NULL, NULL),
(552, NULL, NULL),
(553, NULL, NULL),
(554, NULL, NULL),
(555, NULL, NULL),
(556, NULL, NULL),
(576, NULL, NULL),
(578, NULL, NULL),
(579, NULL, NULL),
(580, NULL, NULL),
(581, NULL, NULL),
(582, NULL, NULL),
(583, NULL, NULL),
(584, NULL, NULL),
(585, NULL, NULL),
(586, NULL, NULL),
(587, NULL, NULL),
(588, NULL, NULL),
(589, NULL, NULL),
(590, NULL, NULL),
(591, NULL, NULL),
(592, NULL, NULL),
(593, NULL, NULL),
(594, NULL, NULL),
(595, NULL, NULL),
(596, NULL, NULL);

-- --------------------------------------------------------

--
-- Table structure for table `work_experience`
--

CREATE TABLE `work_experience` (
  `wex_id` int(11) NOT NULL,
  `wex_dateS` date DEFAULT NULL,
  `wex_dateE` date DEFAULT NULL,
  `wex_organ` varchar(45) DEFAULT NULL,
  `wex_detail` text,
  `student_info_s_id` int(11) DEFAULT NULL
) ENGINE=InnoDB DEFAULT CHARSET=utf8;

--
-- Dumping data for table `work_experience`
--

INSERT INTO `work_experience` (`wex_id`, `wex_dateS`, `wex_dateE`, `wex_organ`, `wex_detail`, `student_info_s_id`) VALUES
(1, NULL, NULL, NULL, NULL, 1798),
(2, NULL, NULL, NULL, NULL, 1799),
(3, NULL, NULL, NULL, NULL, 1800),
(4, NULL, NULL, NULL, NULL, 1801),
(5, NULL, NULL, NULL, NULL, 1802),
(6, NULL, NULL, NULL, NULL, 1803),
(7, NULL, NULL, NULL, NULL, 1804),
(8, NULL, NULL, NULL, NULL, 1805),
(9, NULL, NULL, NULL, NULL, 1806),
(10, NULL, NULL, NULL, NULL, 1814),
(11, NULL, NULL, NULL, NULL, 1815),
(12, NULL, NULL, NULL, NULL, 1816),
(13, NULL, NULL, NULL, NULL, 1817),
(14, NULL, NULL, NULL, NULL, 1818),
(15, '2017-08-30', '2017-08-09', 'asdfasdfsaf', 'asfasdfasdfadsfadsf', 1819),
(16, '2017-08-31', '2017-09-24', 'ASDcsdczdsc', 'zsdvzdsvzsdvzsvd', 1820),
(17, '2017-08-01', '2017-08-30', NULL, NULL, 1821),
(18, '2017-08-01', '2017-08-29', NULL, NULL, 1822),
(19, '2017-08-01', '2017-08-29', NULL, NULL, 1823),
(20, '2017-08-01', '2017-08-29', NULL, NULL, 1824),
(21, '2017-08-14', '2017-08-29', NULL, NULL, 1825),
(22, NULL, NULL, NULL, NULL, 1826),
(23, NULL, NULL, NULL, NULL, 1827),
(24, NULL, NULL, NULL, NULL, 1828),
(25, NULL, NULL, NULL, NULL, 1829),
(29, NULL, NULL, NULL, NULL, 1830),
(30, NULL, NULL, NULL, NULL, 1831),
(31, '2017-08-08', '2017-08-10', 'wdchssss', 'asistant engchssss', 1832),
(33, NULL, NULL, NULL, NULL, 1833);

--
-- Indexes for dumped tables
--

--
-- Indexes for table `application`
--
ALTER TABLE `application`
  ADD PRIMARY KEY (`application_id`),
  ADD KEY `s_id_idx` (`s_id`);

--
-- Indexes for table `bank`
--
ALTER TABLE `bank`
  ADD PRIMARY KEY (`bnk_id`),
  ADD UNIQUE KEY `bnk_name` (`bnk_name`);

--
-- Indexes for table `bank_acc_info`
--
ALTER TABLE `bank_acc_info`
  ADD PRIMARY KEY (`bac_id`),
  ADD KEY `fkbac_trainee_id` (`trainee_id`),
  ADD KEY `fk_bnk_has_id` (`bnk_has_id`);

--
-- Indexes for table `bank_has_banch`
--
ALTER TABLE `bank_has_banch`
  ADD PRIMARY KEY (`bnk_has_bch_id`),
  ADD KEY `fkbb_bnk_id` (`bnk_id`),
  ADD KEY `fkbb_bch_id` (`bch_id`);

--
-- Indexes for table `bnk_banch`
--
ALTER TABLE `bnk_banch`
  ADD PRIMARY KEY (`bch_id`),
  ADD KEY `fkbch_provice_id` (`province_id`);

--
-- Indexes for table `building_info`
--
ALTER TABLE `building_info`
  ADD PRIMARY KEY (`bldg_id`),
  ADD KEY `fk_plant_id` (`plant_id`);

--
-- Indexes for table `characteristic`
--
ALTER TABLE `characteristic`
  ADD PRIMARY KEY (`ch_id`);

--
-- Indexes for table `country_list`
--
ALTER TABLE `country_list`
  ADD PRIMARY KEY (`country_id`),
  ADD UNIQUE KEY `country_name_UNIQUE` (`country_name`);

--
-- Indexes for table `degree_info`
--
ALTER TABLE `degree_info`
  ADD PRIMARY KEY (`degree_id`);

--
-- Indexes for table `department_info`
--
ALTER TABLE `department_info`
  ADD PRIMARY KEY (`dep_id`),
  ADD KEY `bldg_id_idx` (`bldg_id`);

--
-- Indexes for table `education_blackgrounf`
--
ALTER TABLE `education_blackgrounf`
  ADD PRIMARY KEY (`bg_id`),
  ADD KEY `fk_education_blackgrounf_student_info1_idx` (`student_info_s_id`),
  ADD KEY `fk_bg_degree` (`bg_degree`) USING BTREE;

--
-- Indexes for table `education_info`
--
ALTER TABLE `education_info`
  ADD PRIMARY KEY (`education_id`),
  ADD KEY `fk_education_info_intitute_type1_idx` (`intitute_id`),
  ADD KEY `fk_education_info_major_info1_idx` (`major_id`),
  ADD KEY `fk_education_info_degree_info1_idx` (`degree_id`),
  ADD KEY `fk_education_info_student_info1_idx` (`s_id`),
  ADD KEY `fk_uni_idx` (`uni_id`),
  ADD KEY `fk_collage_idx` (`collage_id`),
  ADD KEY `fkegu_inst` (`edu_institute`);

--
-- Indexes for table `email_info`
--
ALTER TABLE `email_info`
  ADD PRIMARY KEY (`email_id`);

--
-- Indexes for table `evaluation`
--
ALTER TABLE `evaluation`
  ADD PRIMARY KEY (`eva_id`),
  ADD KEY `fkeva_stu_id` (`stu_id`),
  ADD KEY `fkeva_ch_id` (`eva_leonard`);

--
-- Indexes for table `extracurricular_act`
--
ALTER TABLE `extracurricular_act`
  ADD PRIMARY KEY (`exact_id`),
  ADD KEY `fk_extracurricular_act_student_info1_idx` (`student_info_s_id`);

--
-- Indexes for table `hobby_info`
--
ALTER TABLE `hobby_info`
  ADD PRIMARY KEY (`hobby_id`),
  ADD KEY `s_id_idx` (`s_id`);

--
-- Indexes for table `immigration_office`
--
ALTER TABLE `immigration_office`
  ADD PRIMARY KEY (`img_id`);

--
-- Indexes for table `institute`
--
ALTER TABLE `institute`
  ADD PRIMARY KEY (`ins_id`),
  ADD KEY `fkins_type` (`ins_type`),
  ADD KEY `fkins_country` (`ins_country`);

--
-- Indexes for table `institute_type`
--
ALTER TABLE `institute_type`
  ADD PRIMARY KEY (`itp_id`);

--
-- Indexes for table `interview_info`
--
ALTER TABLE `interview_info`
  ADD PRIMARY KEY (`interview_id`),
  ADD KEY `application_id_idx` (`applicantion_id`);

--
-- Indexes for table `language`
--
ALTER TABLE `language`
  ADD PRIMARY KEY (`lg_id`);

--
-- Indexes for table `language_info`
--
ALTER TABLE `language_info`
  ADD PRIMARY KEY (`lg_info_id`),
  ADD KEY `s_id_idx` (`s_id`),
  ADD KEY `fklg_lg` (`lg_id`),
  ADD KEY `fklg_lv` (`lv_id`);

--
-- Indexes for table `language_lv`
--
ALTER TABLE `language_lv`
  ADD PRIMARY KEY (`lv_id`);

--
-- Indexes for table `location`
--
ALTER TABLE `location`
  ADD PRIMARY KEY (`location_id`);

--
-- Indexes for table `login_info`
--
ALTER TABLE `login_info`
  ADD PRIMARY KEY (`login_id`),
  ADD UNIQUE KEY `email` (`email`);

--
-- Indexes for table `major_info`
--
ALTER TABLE `major_info`
  ADD PRIMARY KEY (`major_id`),
  ADD UNIQUE KEY `major_name` (`major_name`);

--
-- Indexes for table `other_doc`
--
ALTER TABLE `other_doc`
  ADD PRIMARY KEY (`idother_id`),
  ADD KEY `fk_other_doc_application1_idx` (`application_application_id`);

--
-- Indexes for table `plant_info`
--
ALTER TABLE `plant_info`
  ADD PRIMARY KEY (`plant_id`),
  ADD KEY `country_id_idx` (`country_id`);

--
-- Indexes for table `province`
--
ALTER TABLE `province`
  ADD PRIMARY KEY (`province_id`);

--
-- Indexes for table `resume`
--
ALTER TABLE `resume`
  ADD PRIMARY KEY (`resume_id`),
  ADD KEY `appilication_id_idx` (`application_id`);

--
-- Indexes for table `room`
--
ALTER TABLE `room`
  ADD PRIMARY KEY (`room_id`),
  ADD KEY `fk_bldg_id` (`bldg_id`);

--
-- Indexes for table `schedule_email_act`
--
ALTER TABLE `schedule_email_act`
  ADD PRIMARY KEY (`sch_email_id`),
  ADD KEY `email_id_idx` (`email_id`),
  ADD KEY `fk_tr_ac_id_sch_email` (`activity_id`),
  ADD KEY `fk_s_sts_id_sch_email` (`status_id`);

--
-- Indexes for table `schedule_email_pre`
--
ALTER TABLE `schedule_email_pre`
  ADD PRIMARY KEY (`sch_pre_email_id`),
  ADD KEY `present_id` (`present_id`),
  ADD KEY `pre_email_id` (`pre_email_id`),
  ADD KEY `pre_trainee_id` (`pre_trainee_id`);

--
-- Indexes for table `sent_email`
--
ALTER TABLE `sent_email`
  ADD PRIMARY KEY (`st_email_id`),
  ADD KEY `s_id_idx` (`s_id`),
  ADD KEY `email_id_idx` (`email_id`);

--
-- Indexes for table `student_address`
--
ALTER TABLE `student_address`
  ADD PRIMARY KEY (`address_Id`),
  ADD KEY `s_id_idx` (`s_id`),
  ADD KEY `country_id_idx` (`country_id`);

--
-- Indexes for table `student_contact_details`
--
ALTER TABLE `student_contact_details`
  ADD PRIMARY KEY (`contact_id`),
  ADD KEY `s_id_idx` (`scd_s_id`);

--
-- Indexes for table `student_emergency_contact`
--
ALTER TABLE `student_emergency_contact`
  ADD PRIMARY KEY (`emc_id`),
  ADD KEY `fk_student_emergency_contact_student_contact_details1_idx` (`contact_id`);

--
-- Indexes for table `student_info`
--
ALTER TABLE `student_info`
  ADD PRIMARY KEY (`s_id`),
  ADD KEY `s_type_id_idx` (`type_id`),
  ADD KEY `s_origin_id_idx` (`origin_id`),
  ADD KEY `s_ref_id_idx` (`ref_id`),
  ADD KEY `fk_student_info_student_national_id1_idx` (`national_id`),
  ADD KEY `fk_student_info_title1_idx` (`title_title_id`),
  ADD KEY `s_status_id_idx` (`status_id`);

--
-- Indexes for table `student_national_info`
--
ALTER TABLE `student_national_info`
  ADD PRIMARY KEY (`national_id`);

--
-- Indexes for table `student_origin`
--
ALTER TABLE `student_origin`
  ADD PRIMARY KEY (`origin_id`);

--
-- Indexes for table `student_reference_info`
--
ALTER TABLE `student_reference_info`
  ADD PRIMARY KEY (`ref_id`);

--
-- Indexes for table `student_relationship`
--
ALTER TABLE `student_relationship`
  ADD PRIMARY KEY (`relation_id`),
  ADD KEY `s_id_idx` (`s_id`);

--
-- Indexes for table `student_status`
--
ALTER TABLE `student_status`
  ADD PRIMARY KEY (`status_id`);

--
-- Indexes for table `student_type`
--
ALTER TABLE `student_type`
  ADD PRIMARY KEY (`type_id`);

--
-- Indexes for table `supervisor_info`
--
ALTER TABLE `supervisor_info`
  ADD PRIMARY KEY (`spv_id`),
  ADD KEY `fkspv_dept` (`spv_dept`),
  ADD KEY `fkspv_bdg` (`spv_bdg`);

--
-- Indexes for table `supervisor_info_has_student_info`
--
ALTER TABLE `supervisor_info_has_student_info`
  ADD PRIMARY KEY (`student_info_s_id`) USING BTREE,
  ADD KEY `fk_supervisor_info_has_student_info_student_info1_idx` (`student_info_s_id`),
  ADD KEY `fk_supervisor_info_has_student_info_supervisor_info1_idx` (`supervisor_info_spv_id`);

--
-- Indexes for table `title`
--
ALTER TABLE `title`
  ADD PRIMARY KEY (`title_id`);

--
-- Indexes for table `trainee_account`
--
ALTER TABLE `trainee_account`
  ADD PRIMARY KEY (`trainee_acc_id`);

--
-- Indexes for table `trainee_activity`
--
ALTER TABLE `trainee_activity`
  ADD PRIMARY KEY (`activity_id`),
  ADD KEY `bldg_id_idx` (`bldg_id`);

--
-- Indexes for table `trainee_duration`
--
ALTER TABLE `trainee_duration`
  ADD PRIMARY KEY (`trainee_duration_id`),
  ADD KEY `s_tr_id_idx` (`trainee_id`);

--
-- Indexes for table `trainee_has_project`
--
ALTER TABLE `trainee_has_project`
  ADD PRIMARY KEY (`trainee_id`),
  ADD KEY `fkthp_pjc` (`project_id`);

--
-- Indexes for table `trainee_info`
--
ALTER TABLE `trainee_info`
  ADD PRIMARY KEY (`trainee_id`),
  ADD KEY `s_id_idx` (`s_id`),
  ADD KEY `s_job_id_idx` (`job_id`),
  ADD KEY `dep_id_idx` (`dep_id`),
  ADD KEY `s_trps_id_idx` (`transportation_id`),
  ADD KEY `plant_id_idx` (`plant_id`),
  ADD KEY `location_id_idx` (`location_id`),
  ADD KEY `fktrn_trainee_acc_id` (`tac_acc_id`),
  ADD KEY `fktni_bdg` (`tni_bdg`);

--
-- Indexes for table `trainee_info_has_trainee_activity`
--
ALTER TABLE `trainee_info_has_trainee_activity`
  ADD PRIMARY KEY (`assign_act_id`),
  ADD KEY `fk_tr_act_id` (`trainee_activity_id`),
  ADD KEY `fk_s_sts_id` (`student_status_id`);

--
-- Indexes for table `trainee_info_has_trainee_presentation`
--
ALTER TABLE `trainee_info_has_trainee_presentation`
  ADD PRIMARY KEY (`trainee_presentation_id`),
  ADD KEY `trainee_id` (`trainee_id`),
  ADD KEY `pre_trainee_id` (`tr_pre_id`);

--
-- Indexes for table `trainee_info_has_training_course`
--
ALTER TABLE `trainee_info_has_training_course`
  ADD KEY `fk_trainee_info_has_training_course_training_course1_idx` (`training_course_course_id`),
  ADD KEY `fkthc_trainee_id` (`training_course_trainee_id`);

--
-- Indexes for table `trainee_job`
--
ALTER TABLE `trainee_job`
  ADD PRIMARY KEY (`job_id`);

--
-- Indexes for table `trainee_presentation`
--
ALTER TABLE `trainee_presentation`
  ADD PRIMARY KEY (`presentation_id`),
  ADD KEY `fkpre_room_id` (`presentation_id`),
  ADD KEY `fk_room` (`room_id`);

--
-- Indexes for table `trainee_project`
--
ALTER TABLE `trainee_project`
  ADD PRIMARY KEY (`project_id`);

--
-- Indexes for table `trainee_transportation`
--
ALTER TABLE `trainee_transportation`
  ADD PRIMARY KEY (`transportation_id`);

--
-- Indexes for table `trainee_visa`
--
ALTER TABLE `trainee_visa`
  ADD PRIMARY KEY (`visa_id`),
  ADD KEY `s_tr_id_idx` (`trainee_id`),
  ADD KEY `img_id_idx` (`img_id`);

--
-- Indexes for table `training_course`
--
ALTER TABLE `training_course`
  ADD PRIMARY KEY (`course_id`),
  ADD KEY `bldg_id_idx` (`bldg_id`),
  ADD KEY `fkcou_room` (`course_room`);

--
-- Indexes for table `transcript`
--
ALTER TABLE `transcript`
  ADD PRIMARY KEY (`transcript_id`),
  ADD KEY `application_id_idx` (`application_id`);

--
-- Indexes for table `video`
--
ALTER TABLE `video`
  ADD PRIMARY KEY (`video_id`),
  ADD KEY `application_id_idx` (`application_id`);

--
-- Indexes for table `visa`
--
ALTER TABLE `visa`
  ADD PRIMARY KEY (`visa_id`),
  ADD KEY `fk_visa_application1_idx` (`application_application_id`);

--
-- Indexes for table `work_experience`
--
ALTER TABLE `work_experience`
  ADD PRIMARY KEY (`wex_id`),
  ADD KEY `fk_work_experience_student_info1_idx` (`student_info_s_id`);

--
-- AUTO_INCREMENT for dumped tables
--

--
-- AUTO_INCREMENT for table `application`
--
ALTER TABLE `application`
  MODIFY `application_id` int(11) NOT NULL AUTO_INCREMENT, AUTO_INCREMENT=577;
--
-- AUTO_INCREMENT for table `bank`
--
ALTER TABLE `bank`
  MODIFY `bnk_id` int(11) NOT NULL AUTO_INCREMENT, AUTO_INCREMENT=3;
--
-- AUTO_INCREMENT for table `bank_acc_info`
--
ALTER TABLE `bank_acc_info`
  MODIFY `bac_id` int(11) NOT NULL AUTO_INCREMENT, AUTO_INCREMENT=219;
--
-- AUTO_INCREMENT for table `bank_has_banch`
--
ALTER TABLE `bank_has_banch`
  MODIFY `bnk_has_bch_id` int(11) NOT NULL AUTO_INCREMENT, AUTO_INCREMENT=336;
--
-- AUTO_INCREMENT for table `bnk_banch`
--
ALTER TABLE `bnk_banch`
  MODIFY `bch_id` int(11) NOT NULL AUTO_INCREMENT, AUTO_INCREMENT=18;
--
-- AUTO_INCREMENT for table `building_info`
--
ALTER TABLE `building_info`
  MODIFY `bldg_id` int(11) NOT NULL AUTO_INCREMENT, AUTO_INCREMENT=10;
--
-- AUTO_INCREMENT for table `characteristic`
--
ALTER TABLE `characteristic`
  MODIFY `ch_id` int(11) NOT NULL AUTO_INCREMENT, AUTO_INCREMENT=5;
--
-- AUTO_INCREMENT for table `country_list`
--
ALTER TABLE `country_list`
  MODIFY `country_id` int(11) NOT NULL AUTO_INCREMENT, AUTO_INCREMENT=5;
--
-- AUTO_INCREMENT for table `degree_info`
--
ALTER TABLE `degree_info`
  MODIFY `degree_id` int(11) NOT NULL AUTO_INCREMENT, AUTO_INCREMENT=7;
--
-- AUTO_INCREMENT for table `department_info`
--
ALTER TABLE `department_info`
  MODIFY `dep_id` int(11) NOT NULL AUTO_INCREMENT, AUTO_INCREMENT=22;
--
-- AUTO_INCREMENT for table `education_blackgrounf`
--
ALTER TABLE `education_blackgrounf`
  MODIFY `bg_id` int(11) NOT NULL AUTO_INCREMENT, AUTO_INCREMENT=34;
--
-- AUTO_INCREMENT for table `education_info`
--
ALTER TABLE `education_info`
  MODIFY `education_id` int(11) NOT NULL AUTO_INCREMENT, AUTO_INCREMENT=978;
--
-- AUTO_INCREMENT for table `email_info`
--
ALTER TABLE `email_info`
  MODIFY `email_id` int(11) NOT NULL AUTO_INCREMENT, AUTO_INCREMENT=6;
--
-- AUTO_INCREMENT for table `evaluation`
--
ALTER TABLE `evaluation`
  MODIFY `eva_id` int(11) NOT NULL AUTO_INCREMENT, AUTO_INCREMENT=23;
--
-- AUTO_INCREMENT for table `extracurricular_act`
--
ALTER TABLE `extracurricular_act`
  MODIFY `exact_id` int(11) NOT NULL AUTO_INCREMENT, AUTO_INCREMENT=24;
--
-- AUTO_INCREMENT for table `hobby_info`
--
ALTER TABLE `hobby_info`
  MODIFY `hobby_id` int(11) NOT NULL AUTO_INCREMENT, AUTO_INCREMENT=18;
--
-- AUTO_INCREMENT for table `immigration_office`
--
ALTER TABLE `immigration_office`
  MODIFY `img_id` int(11) NOT NULL AUTO_INCREMENT;
--
-- AUTO_INCREMENT for table `institute`
--
ALTER TABLE `institute`
  MODIFY `ins_id` int(3) NOT NULL AUTO_INCREMENT, AUTO_INCREMENT=8;
--
-- AUTO_INCREMENT for table `institute_type`
--
ALTER TABLE `institute_type`
  MODIFY `itp_id` int(2) NOT NULL AUTO_INCREMENT, AUTO_INCREMENT=3;
--
-- AUTO_INCREMENT for table `language`
--
ALTER TABLE `language`
  MODIFY `lg_id` int(11) NOT NULL AUTO_INCREMENT, AUTO_INCREMENT=11;
--
-- AUTO_INCREMENT for table `language_info`
--
ALTER TABLE `language_info`
  MODIFY `lg_info_id` int(11) NOT NULL AUTO_INCREMENT, AUTO_INCREMENT=21;
--
-- AUTO_INCREMENT for table `language_lv`
--
ALTER TABLE `language_lv`
  MODIFY `lv_id` int(11) NOT NULL AUTO_INCREMENT, AUTO_INCREMENT=6;
--
-- AUTO_INCREMENT for table `login_info`
--
ALTER TABLE `login_info`
  MODIFY `login_id` int(10) UNSIGNED NOT NULL AUTO_INCREMENT, AUTO_INCREMENT=5;
--
-- AUTO_INCREMENT for table `major_info`
--
ALTER TABLE `major_info`
  MODIFY `major_id` int(11) NOT NULL AUTO_INCREMENT, AUTO_INCREMENT=35;
--
-- AUTO_INCREMENT for table `other_doc`
--
ALTER TABLE `other_doc`
  MODIFY `idother_id` int(11) NOT NULL AUTO_INCREMENT, AUTO_INCREMENT=597;
--
-- AUTO_INCREMENT for table `plant_info`
--
ALTER TABLE `plant_info`
  MODIFY `plant_id` int(11) NOT NULL AUTO_INCREMENT, AUTO_INCREMENT=5;
--
-- AUTO_INCREMENT for table `province`
--
ALTER TABLE `province`
  MODIFY `province_id` int(11) NOT NULL AUTO_INCREMENT, AUTO_INCREMENT=78;
--
-- AUTO_INCREMENT for table `resume`
--
ALTER TABLE `resume`
  MODIFY `resume_id` int(11) NOT NULL AUTO_INCREMENT, AUTO_INCREMENT=597;
--
-- AUTO_INCREMENT for table `room`
--
ALTER TABLE `room`
  MODIFY `room_id` int(11) NOT NULL AUTO_INCREMENT, AUTO_INCREMENT=4;
--
-- AUTO_INCREMENT for table `schedule_email_act`
--
ALTER TABLE `schedule_email_act`
  MODIFY `sch_email_id` int(11) NOT NULL AUTO_INCREMENT, AUTO_INCREMENT=7;
--
-- AUTO_INCREMENT for table `schedule_email_pre`
--
ALTER TABLE `schedule_email_pre`
  MODIFY `sch_pre_email_id` int(11) NOT NULL AUTO_INCREMENT, AUTO_INCREMENT=7;
--
-- AUTO_INCREMENT for table `sent_email`
--
ALTER TABLE `sent_email`
  MODIFY `st_email_id` int(11) NOT NULL AUTO_INCREMENT;
--
-- AUTO_INCREMENT for table `student_address`
--
ALTER TABLE `student_address`
  MODIFY `address_Id` int(11) NOT NULL AUTO_INCREMENT, AUTO_INCREMENT=34;
--
-- AUTO_INCREMENT for table `student_contact_details`
--
ALTER TABLE `student_contact_details`
  MODIFY `contact_id` int(11) NOT NULL AUTO_INCREMENT, AUTO_INCREMENT=203;
--
-- AUTO_INCREMENT for table `student_emergency_contact`
--
ALTER TABLE `student_emergency_contact`
  MODIFY `emc_id` int(11) NOT NULL AUTO_INCREMENT, AUTO_INCREMENT=173;
--
-- AUTO_INCREMENT for table `student_info`
--
ALTER TABLE `student_info`
  MODIFY `s_id` int(11) NOT NULL AUTO_INCREMENT, AUTO_INCREMENT=1834;
--
-- AUTO_INCREMENT for table `student_origin`
--
ALTER TABLE `student_origin`
  MODIFY `origin_id` int(11) NOT NULL AUTO_INCREMENT, AUTO_INCREMENT=3;
--
-- AUTO_INCREMENT for table `student_reference_info`
--
ALTER TABLE `student_reference_info`
  MODIFY `ref_id` int(11) NOT NULL AUTO_INCREMENT;
--
-- AUTO_INCREMENT for table `student_relationship`
--
ALTER TABLE `student_relationship`
  MODIFY `relation_id` int(11) NOT NULL AUTO_INCREMENT, AUTO_INCREMENT=34;
--
-- AUTO_INCREMENT for table `student_status`
--
ALTER TABLE `student_status`
  MODIFY `status_id` int(11) NOT NULL AUTO_INCREMENT, AUTO_INCREMENT=6;
--
-- AUTO_INCREMENT for table `student_type`
--
ALTER TABLE `student_type`
  MODIFY `type_id` int(11) NOT NULL AUTO_INCREMENT, AUTO_INCREMENT=3;
--
-- AUTO_INCREMENT for table `supervisor_info`
--
ALTER TABLE `supervisor_info`
  MODIFY `spv_id` int(11) NOT NULL AUTO_INCREMENT, AUTO_INCREMENT=4;
--
-- AUTO_INCREMENT for table `title`
--
ALTER TABLE `title`
  MODIFY `title_id` int(11) NOT NULL AUTO_INCREMENT, AUTO_INCREMENT=3;
--
-- AUTO_INCREMENT for table `trainee_account`
--
ALTER TABLE `trainee_account`
  MODIFY `trainee_acc_id` int(11) NOT NULL AUTO_INCREMENT, AUTO_INCREMENT=101;
--
-- AUTO_INCREMENT for table `trainee_activity`
--
ALTER TABLE `trainee_activity`
  MODIFY `activity_id` int(11) NOT NULL AUTO_INCREMENT, AUTO_INCREMENT=7;
--
-- AUTO_INCREMENT for table `trainee_duration`
--
ALTER TABLE `trainee_duration`
  MODIFY `trainee_duration_id` int(11) NOT NULL AUTO_INCREMENT, AUTO_INCREMENT=3;
--
-- AUTO_INCREMENT for table `trainee_info`
--
ALTER TABLE `trainee_info`
  MODIFY `trainee_id` int(11) NOT NULL AUTO_INCREMENT, AUTO_INCREMENT=476;
--
-- AUTO_INCREMENT for table `trainee_info_has_trainee_activity`
--
ALTER TABLE `trainee_info_has_trainee_activity`
  MODIFY `assign_act_id` int(11) NOT NULL AUTO_INCREMENT, AUTO_INCREMENT=7;
--
-- AUTO_INCREMENT for table `trainee_info_has_trainee_presentation`
--
ALTER TABLE `trainee_info_has_trainee_presentation`
  MODIFY `trainee_presentation_id` int(11) NOT NULL AUTO_INCREMENT, AUTO_INCREMENT=7;
--
-- AUTO_INCREMENT for table `trainee_job`
--
ALTER TABLE `trainee_job`
  MODIFY `job_id` int(11) NOT NULL AUTO_INCREMENT;
--
-- AUTO_INCREMENT for table `trainee_presentation`
--
ALTER TABLE `trainee_presentation`
  MODIFY `presentation_id` int(11) NOT NULL AUTO_INCREMENT, AUTO_INCREMENT=7;
--
-- AUTO_INCREMENT for table `trainee_project`
--
ALTER TABLE `trainee_project`
  MODIFY `project_id` int(11) NOT NULL AUTO_INCREMENT, AUTO_INCREMENT=225;
--
-- AUTO_INCREMENT for table `trainee_transportation`
--
ALTER TABLE `trainee_transportation`
  MODIFY `transportation_id` int(11) NOT NULL AUTO_INCREMENT, AUTO_INCREMENT=5;
--
-- AUTO_INCREMENT for table `trainee_visa`
--
ALTER TABLE `trainee_visa`
  MODIFY `visa_id` int(11) NOT NULL AUTO_INCREMENT;
--
-- AUTO_INCREMENT for table `training_course`
--
ALTER TABLE `training_course`
  MODIFY `course_id` int(11) NOT NULL AUTO_INCREMENT, AUTO_INCREMENT=8;
--
-- AUTO_INCREMENT for table `transcript`
--
ALTER TABLE `transcript`
  MODIFY `transcript_id` int(11) NOT NULL AUTO_INCREMENT, AUTO_INCREMENT=597;
--
-- AUTO_INCREMENT for table `video`
--
ALTER TABLE `video`
  MODIFY `video_id` int(11) NOT NULL AUTO_INCREMENT, AUTO_INCREMENT=597;
--
-- AUTO_INCREMENT for table `visa`
--
ALTER TABLE `visa`
  MODIFY `visa_id` int(11) NOT NULL AUTO_INCREMENT, AUTO_INCREMENT=597;
--
-- AUTO_INCREMENT for table `work_experience`
--
ALTER TABLE `work_experience`
  MODIFY `wex_id` int(11) NOT NULL AUTO_INCREMENT, AUTO_INCREMENT=34;
--
-- Constraints for dumped tables
--

--
-- Constraints for table `application`
--
ALTER TABLE `application`
  ADD CONSTRAINT `fkapp_s_id` FOREIGN KEY (`s_id`) REFERENCES `student_info` (`s_id`) ON DELETE CASCADE ON UPDATE CASCADE;

--
-- Constraints for table `bank_acc_info`
--
ALTER TABLE `bank_acc_info`
  ADD CONSTRAINT `fkbac_trainee_id` FOREIGN KEY (`trainee_id`) REFERENCES `trainee_info` (`trainee_id`) ON DELETE CASCADE ON UPDATE CASCADE,
  ADD CONSTRAINT `fkbhb` FOREIGN KEY (`bnk_has_id`) REFERENCES `bank_has_banch` (`bnk_has_bch_id`) ON DELETE CASCADE ON UPDATE CASCADE;

--
-- Constraints for table `bank_has_banch`
--
ALTER TABLE `bank_has_banch`
  ADD CONSTRAINT `fkbb_bch_id` FOREIGN KEY (`bch_id`) REFERENCES `bnk_banch` (`bch_id`) ON DELETE CASCADE ON UPDATE CASCADE,
  ADD CONSTRAINT `fkbb_bnk_id` FOREIGN KEY (`bnk_id`) REFERENCES `bank` (`bnk_id`) ON DELETE CASCADE ON UPDATE CASCADE;

--
-- Constraints for table `bnk_banch`
--
ALTER TABLE `bnk_banch`
  ADD CONSTRAINT `fkbch_provice_id` FOREIGN KEY (`province_id`) REFERENCES `province` (`province_id`) ON DELETE CASCADE ON UPDATE CASCADE;

--
-- Constraints for table `building_info`
--
ALTER TABLE `building_info`
  ADD CONSTRAINT `fkbui_plant_id` FOREIGN KEY (`plant_id`) REFERENCES `plant_info` (`plant_id`) ON DELETE CASCADE ON UPDATE CASCADE;

--
-- Constraints for table `department_info`
--
ALTER TABLE `department_info`
  ADD CONSTRAINT `fkdep_bldg_id` FOREIGN KEY (`bldg_id`) REFERENCES `building_info` (`bldg_id`) ON DELETE CASCADE ON UPDATE CASCADE;

--
-- Constraints for table `education_blackgrounf`
--
ALTER TABLE `education_blackgrounf`
  ADD CONSTRAINT `fk_education_blackgrounf_student_info1` FOREIGN KEY (`student_info_s_id`) REFERENCES `student_info` (`s_id`) ON DELETE CASCADE ON UPDATE CASCADE,
  ADD CONSTRAINT `rrrrr` FOREIGN KEY (`bg_degree`) REFERENCES `degree_info` (`degree_id`);

--
-- Constraints for table `education_info`
--
ALTER TABLE `education_info`
  ADD CONSTRAINT `fk_education_info_degree_info1` FOREIGN KEY (`degree_id`) REFERENCES `degree_info` (`degree_id`) ON DELETE CASCADE ON UPDATE CASCADE,
  ADD CONSTRAINT `fk_education_info_intitute_type1` FOREIGN KEY (`intitute_id`) REFERENCES `intitute_type` (`intitute_id`) ON DELETE CASCADE ON UPDATE CASCADE,
  ADD CONSTRAINT `fk_education_info_major_info1` FOREIGN KEY (`major_id`) REFERENCES `major_info` (`major_id`) ON DELETE CASCADE ON UPDATE CASCADE,
  ADD CONSTRAINT `fk_student_info1` FOREIGN KEY (`s_id`) REFERENCES `student_info` (`s_id`) ON DELETE CASCADE ON UPDATE CASCADE,
  ADD CONSTRAINT `fkedu_collage_id` FOREIGN KEY (`collage_id`) REFERENCES `collage_info` (`collage_id`) ON DELETE CASCADE ON UPDATE CASCADE,
  ADD CONSTRAINT `fkedu_uni_id` FOREIGN KEY (`uni_id`) REFERENCES `university_info` (`uni_id`) ON DELETE CASCADE ON UPDATE CASCADE,
  ADD CONSTRAINT `fkegu_inst` FOREIGN KEY (`edu_institute`) REFERENCES `institute` (`ins_id`);

--
-- Constraints for table `evaluation`
--
ALTER TABLE `evaluation`
  ADD CONSTRAINT `fkeva_ch_id` FOREIGN KEY (`eva_leonard`) REFERENCES `characteristic` (`ch_id`) ON DELETE CASCADE ON UPDATE CASCADE,
  ADD CONSTRAINT `fkeva_stu_id` FOREIGN KEY (`stu_id`) REFERENCES `student_info` (`s_id`) ON DELETE CASCADE ON UPDATE CASCADE;

--
-- Constraints for table `extracurricular_act`
--
ALTER TABLE `extracurricular_act`
  ADD CONSTRAINT `fk_extracurricular_act_student_info1` FOREIGN KEY (`student_info_s_id`) REFERENCES `student_info` (`s_id`) ON DELETE CASCADE ON UPDATE CASCADE;

--
-- Constraints for table `hobby_info`
--
ALTER TABLE `hobby_info`
  ADD CONSTRAINT `fkhob_s_id` FOREIGN KEY (`s_id`) REFERENCES `student_info` (`s_id`) ON DELETE CASCADE ON UPDATE CASCADE;

--
-- Constraints for table `institute`
--
ALTER TABLE `institute`
  ADD CONSTRAINT `fkins_country` FOREIGN KEY (`ins_country`) REFERENCES `country_list` (`country_id`) ON DELETE CASCADE ON UPDATE CASCADE,
  ADD CONSTRAINT `fkins_type` FOREIGN KEY (`ins_type`) REFERENCES `institute_type` (`itp_id`) ON DELETE CASCADE ON UPDATE CASCADE;

--
-- Constraints for table `interview_info`
--
ALTER TABLE `interview_info`
  ADD CONSTRAINT `fkinv_application_id` FOREIGN KEY (`applicantion_id`) REFERENCES `application` (`application_id`) ON DELETE CASCADE ON UPDATE CASCADE;

--
-- Constraints for table `language_info`
--
ALTER TABLE `language_info`
  ADD CONSTRAINT `fklg_info_s_id` FOREIGN KEY (`s_id`) REFERENCES `student_info` (`s_id`) ON DELETE CASCADE ON UPDATE CASCADE,
  ADD CONSTRAINT `fklg_lg` FOREIGN KEY (`lg_id`) REFERENCES `language` (`lg_id`) ON DELETE CASCADE ON UPDATE CASCADE,
  ADD CONSTRAINT `fklg_lv` FOREIGN KEY (`lv_id`) REFERENCES `language_lv` (`lv_id`) ON DELETE CASCADE ON UPDATE CASCADE;

--
-- Constraints for table `other_doc`
--
ALTER TABLE `other_doc`
  ADD CONSTRAINT `fk_other_doc_application1` FOREIGN KEY (`application_application_id`) REFERENCES `application` (`application_id`) ON DELETE CASCADE ON UPDATE CASCADE;

--
-- Constraints for table `plant_info`
--
ALTER TABLE `plant_info`
  ADD CONSTRAINT `country_id` FOREIGN KEY (`country_id`) REFERENCES `country_list` (`country_id`) ON DELETE CASCADE ON UPDATE CASCADE;

--
-- Constraints for table `resume`
--
ALTER TABLE `resume`
  ADD CONSTRAINT `fkres_appilication_id` FOREIGN KEY (`application_id`) REFERENCES `application` (`application_id`) ON DELETE CASCADE ON UPDATE CASCADE;

--
-- Constraints for table `room`
--
ALTER TABLE `room`
  ADD CONSTRAINT `fkrm_room_id` FOREIGN KEY (`bldg_id`) REFERENCES `building_info` (`bldg_id`) ON DELETE CASCADE ON UPDATE CASCADE;

--
-- Constraints for table `schedule_email_act`
--
ALTER TABLE `schedule_email_act`
  ADD CONSTRAINT `fk_s_sts_id_sch_email` FOREIGN KEY (`status_id`) REFERENCES `student_status` (`status_id`) ON DELETE CASCADE ON UPDATE CASCADE,
  ADD CONSTRAINT `fk_tr_ac_id_sch_email` FOREIGN KEY (`activity_id`) REFERENCES `trainee_activity` (`activity_id`) ON DELETE CASCADE ON UPDATE CASCADE,
  ADD CONSTRAINT `fk_tr_email_id_email` FOREIGN KEY (`email_id`) REFERENCES `email_info` (`email_id`) ON DELETE CASCADE ON UPDATE CASCADE;

--
-- Constraints for table `schedule_email_pre`
--
ALTER TABLE `schedule_email_pre`
  ADD CONSTRAINT `tr_pre_sch_fk_m1` FOREIGN KEY (`present_id`) REFERENCES `trainee_presentation` (`presentation_id`) ON DELETE CASCADE ON UPDATE CASCADE,
  ADD CONSTRAINT `tr_pre_sch_fk_m3` FOREIGN KEY (`pre_email_id`) REFERENCES `email_info` (`email_id`) ON DELETE CASCADE ON UPDATE CASCADE;

--
-- Constraints for table `sent_email`
--
ALTER TABLE `sent_email`
  ADD CONSTRAINT `fksem_email_id` FOREIGN KEY (`email_id`) REFERENCES `email_info` (`email_id`) ON DELETE CASCADE ON UPDATE CASCADE,
  ADD CONSTRAINT `fksem_s_id` FOREIGN KEY (`s_id`) REFERENCES `student_info` (`s_id`) ON DELETE CASCADE ON UPDATE CASCADE;

--
-- Constraints for table `student_address`
--
ALTER TABLE `student_address`
  ADD CONSTRAINT `fksad_country_id` FOREIGN KEY (`country_id`) REFERENCES `country_list` (`country_id`) ON DELETE CASCADE ON UPDATE CASCADE,
  ADD CONSTRAINT `fksad_s_id` FOREIGN KEY (`s_id`) REFERENCES `student_info` (`s_id`) ON DELETE CASCADE ON UPDATE CASCADE;

--
-- Constraints for table `student_contact_details`
--
ALTER TABLE `student_contact_details`
  ADD CONSTRAINT `fksco_s_id` FOREIGN KEY (`scd_s_id`) REFERENCES `student_info` (`s_id`) ON DELETE CASCADE ON UPDATE CASCADE;

--
-- Constraints for table `student_emergency_contact`
--
ALTER TABLE `student_emergency_contact`
  ADD CONSTRAINT `fk_student_emergency_contact_student_contact_details1` FOREIGN KEY (`contact_id`) REFERENCES `student_contact_details` (`contact_id`) ON DELETE CASCADE ON UPDATE CASCADE;

--
-- Constraints for table `student_info`
--
ALTER TABLE `student_info`
  ADD CONSTRAINT `fk_student_info_student_national_id1` FOREIGN KEY (`national_id`) REFERENCES `student_national_info` (`national_id`) ON DELETE CASCADE ON UPDATE CASCADE,
  ADD CONSTRAINT `fkstu_origin_id` FOREIGN KEY (`origin_id`) REFERENCES `student_origin` (`origin_id`) ON DELETE CASCADE ON UPDATE CASCADE,
  ADD CONSTRAINT `fkstu_ref_id` FOREIGN KEY (`ref_id`) REFERENCES `student_reference_info` (`ref_id`) ON DELETE CASCADE ON UPDATE CASCADE,
  ADD CONSTRAINT `fkstu_status_id` FOREIGN KEY (`status_id`) REFERENCES `student_status` (`status_id`) ON DELETE CASCADE ON UPDATE CASCADE,
  ADD CONSTRAINT `fkstu_title` FOREIGN KEY (`title_title_id`) REFERENCES `title` (`title_id`) ON DELETE CASCADE ON UPDATE CASCADE,
  ADD CONSTRAINT `fkstu_type_id` FOREIGN KEY (`type_id`) REFERENCES `student_type` (`type_id`) ON DELETE CASCADE ON UPDATE CASCADE;

--
-- Constraints for table `student_relationship`
--
ALTER TABLE `student_relationship`
  ADD CONSTRAINT `fkrel_s_id` FOREIGN KEY (`s_id`) REFERENCES `student_info` (`s_id`) ON DELETE CASCADE ON UPDATE CASCADE;

--
-- Constraints for table `supervisor_info`
--
ALTER TABLE `supervisor_info`
  ADD CONSTRAINT `fkspv_bdg` FOREIGN KEY (`spv_bdg`) REFERENCES `building_info` (`bldg_id`) ON DELETE CASCADE ON UPDATE CASCADE,
  ADD CONSTRAINT `fkspv_dept` FOREIGN KEY (`spv_dept`) REFERENCES `department_info` (`dep_id`) ON DELETE CASCADE ON UPDATE CASCADE;

--
-- Constraints for table `supervisor_info_has_student_info`
--
ALTER TABLE `supervisor_info_has_student_info`
  ADD CONSTRAINT `fk_supervisor_info_has_student_info_student_info1` FOREIGN KEY (`student_info_s_id`) REFERENCES `student_info` (`s_id`) ON DELETE CASCADE ON UPDATE CASCADE,
  ADD CONSTRAINT `fk_supervisor_info_has_student_info_supervisor_info1` FOREIGN KEY (`supervisor_info_spv_id`) REFERENCES `supervisor_info` (`spv_id`) ON DELETE CASCADE ON UPDATE CASCADE;

--
-- Constraints for table `trainee_has_project`
--
ALTER TABLE `trainee_has_project`
  ADD CONSTRAINT `fkthp_pjc` FOREIGN KEY (`project_id`) REFERENCES `trainee_project` (`project_id`) ON DELETE CASCADE ON UPDATE CASCADE,
  ADD CONSTRAINT `fkthp_tni` FOREIGN KEY (`trainee_id`) REFERENCES `trainee_info` (`trainee_id`) ON DELETE CASCADE ON UPDATE CASCADE;

--
-- Constraints for table `trainee_info`
--
ALTER TABLE `trainee_info`
  ADD CONSTRAINT `fktni_bdg` FOREIGN KEY (`tni_bdg`) REFERENCES `building_info` (`bldg_id`) ON DELETE CASCADE ON UPDATE CASCADE,
  ADD CONSTRAINT `fktrn_dep_id` FOREIGN KEY (`dep_id`) REFERENCES `department_info` (`dep_id`) ON DELETE CASCADE ON UPDATE CASCADE,
  ADD CONSTRAINT `fktrn_location_id` FOREIGN KEY (`location_id`) REFERENCES `location` (`location_id`) ON DELETE CASCADE ON UPDATE CASCADE,
  ADD CONSTRAINT `fktrn_plant_id` FOREIGN KEY (`plant_id`) REFERENCES `plant_info` (`plant_id`) ON DELETE CASCADE ON UPDATE CASCADE,
  ADD CONSTRAINT `fktrn_s_id` FOREIGN KEY (`s_id`) REFERENCES `student_info` (`s_id`) ON DELETE CASCADE ON UPDATE CASCADE,
  ADD CONSTRAINT `fktrn_trainee_acc_id` FOREIGN KEY (`tac_acc_id`) REFERENCES `trainee_account` (`trainee_acc_id`) ON DELETE CASCADE ON UPDATE CASCADE,
  ADD CONSTRAINT `fktrn_trainee_job_id` FOREIGN KEY (`job_id`) REFERENCES `trainee_job` (`job_id`) ON DELETE CASCADE ON UPDATE CASCADE,
  ADD CONSTRAINT `fktrn_transportation_id` FOREIGN KEY (`transportation_id`) REFERENCES `trainee_transportation` (`transportation_id`) ON DELETE CASCADE ON UPDATE CASCADE;

--
-- Constraints for table `trainee_info_has_trainee_activity`
--
ALTER TABLE `trainee_info_has_trainee_activity`
  ADD CONSTRAINT `fk_s_sts_id` FOREIGN KEY (`student_status_id`) REFERENCES `student_status` (`status_id`) ON DELETE CASCADE ON UPDATE CASCADE,
  ADD CONSTRAINT `fk_tr_act_id` FOREIGN KEY (`trainee_activity_id`) REFERENCES `trainee_activity` (`activity_id`) ON DELETE CASCADE ON UPDATE CASCADE;

--
-- Constraints for table `trainee_info_has_training_course`
--
ALTER TABLE `trainee_info_has_training_course`
  ADD CONSTRAINT `fk_trainee_info_has_training_course_training_course1` FOREIGN KEY (`training_course_course_id`) REFERENCES `training_course` (`course_id`) ON DELETE CASCADE ON UPDATE CASCADE,
  ADD CONSTRAINT `fkthc_trainee_id` FOREIGN KEY (`training_course_trainee_id`) REFERENCES `trainee_info` (`trainee_id`) ON DELETE CASCADE ON UPDATE CASCADE;

--
-- Constraints for table `trainee_presentation`
--
ALTER TABLE `trainee_presentation`
  ADD CONSTRAINT `fk_room` FOREIGN KEY (`room_id`) REFERENCES `room` (`room_id`) ON DELETE CASCADE ON UPDATE CASCADE;

--
-- Constraints for table `trainee_visa`
--
ALTER TABLE `trainee_visa`
  ADD CONSTRAINT `fkvis_img_id` FOREIGN KEY (`img_id`) REFERENCES `immigration_office` (`img_id`) ON DELETE CASCADE ON UPDATE CASCADE;

--
-- Constraints for table `training_course`
--
ALTER TABLE `training_course`
  ADD CONSTRAINT `fkcou_bldg_id` FOREIGN KEY (`bldg_id`) REFERENCES `building_info` (`bldg_id`) ON DELETE CASCADE ON UPDATE CASCADE,
  ADD CONSTRAINT `fkcou_room` FOREIGN KEY (`course_room`) REFERENCES `room` (`room_id`) ON DELETE CASCADE ON UPDATE CASCADE;

--
-- Constraints for table `transcript`
--
ALTER TABLE `transcript`
  ADD CONSTRAINT `fktra_application_id` FOREIGN KEY (`application_id`) REFERENCES `application` (`application_id`) ON DELETE CASCADE ON UPDATE CASCADE;

--
-- Constraints for table `video`
--
ALTER TABLE `video`
  ADD CONSTRAINT `fkvid_application_id` FOREIGN KEY (`application_id`) REFERENCES `application` (`application_id`) ON DELETE CASCADE ON UPDATE CASCADE;

--
-- Constraints for table `visa`
--
ALTER TABLE `visa`
  ADD CONSTRAINT `fk_visa_application1` FOREIGN KEY (`application_application_id`) REFERENCES `application` (`application_id`) ON DELETE CASCADE ON UPDATE CASCADE;

--
-- Constraints for table `work_experience`
--
ALTER TABLE `work_experience`
  ADD CONSTRAINT `fk_work_experience_student_info1` FOREIGN KEY (`student_info_s_id`) REFERENCES `student_info` (`s_id`) ON DELETE CASCADE ON UPDATE CASCADE;

/*!40101 SET CHARACTER_SET_CLIENT=@OLD_CHARACTER_SET_CLIENT */;
/*!40101 SET CHARACTER_SET_RESULTS=@OLD_CHARACTER_SET_RESULTS */;
/*!40101 SET COLLATION_CONNECTION=@OLD_COLLATION_CONNECTION */;
